ISO-10303-21;
HEADER;
/* Generated by software containing ST-Developer
 * from STEP Tools, Inc. (www.steptools.com) 
 */
/* OPTION: using custom renumber hook */

FILE_DESCRIPTION(
/* description */ ('STEP AP242 Edition 2',
'CAx-IF Rec.Pracs.---Representation and Presentation of Product Manufa
cturing Information (PMI)---4.0---2014-10-13',
'CAx-IF Rec.Pracs.---3D Tessellated Geometry---0.4---2014-09-14','2;1',
'CAx-IF Rec.Pracs.---User Defined Attributes---1.5---2016-08-15'),
/* implementation_level */ '2;1');

FILE_NAME(
/* name */ 'FALLOUT-Usb_C_Hub-TOP-01.6.1 - Part 1',
/* time_stamp */ '2026-06-08T07:44:30Z',
/* author */ (''),
/* organization */ (''),
/* preprocessor_version */ 'ST-DEVELOPER v20',
/* originating_system */ 'ONSHAPE BY PTC INC, 1.216',
/* authorisation */ '  ');

FILE_SCHEMA (('AP242_MANAGED_MODEL_BASED_3D_ENGINEERING_MIM_LF { 1 0 10303 442 3 1 4 }'));
ENDSEC;

DATA;
#10=SHAPE_REPRESENTATION_RELATIONSHIP('','',#31,#11);
#11=TESSELLATED_SHAPE_REPRESENTATION('',(#29),#37);
#12=STYLED_ITEM('',(#14),#27);
#13=STYLED_ITEM('',(#15),#29);
#14=PRESENTATION_STYLE_ASSIGNMENT((#16));
#15=PRESENTATION_STYLE_ASSIGNMENT((#17));
#16=SURFACE_STYLE_USAGE(.BOTH.,#18);
#17=SURFACE_STYLE_USAGE(.BOTH.,#19);
#18=SURFACE_SIDE_STYLE('',(#20));
#19=SURFACE_SIDE_STYLE('',(#21));
#20=SURFACE_STYLE_FILL_AREA(#22);
#21=SURFACE_STYLE_FILL_AREA(#23);
#22=FILL_AREA_STYLE('',(#24));
#23=FILL_AREA_STYLE('',(#25));
#24=FILL_AREA_STYLE_COLOUR('',#26);
#25=FILL_AREA_STYLE_COLOUR('',#26);
#26=COLOUR_RGB('',0.768627450980392,0.886274509803922,0.952941176470588);
#27=COMPLEX_TRIANGULATED_FACE('ConvergentBody',#28,4742,((-0.999694158375945,
-0.0247303398482644,0.),(0.,0.,1.),(0.,0.,1.),(-1.,0.,0.),(0.,1.,0.),(-1.,
0.,0.),(0.,0.997644917189937,0.0685902267461172),(-0.998909890468016,-0.0247348631799733,
-0.0395880950368106),(0.,0.,1.),(0.999639385964483,0.0268532684891655,0.),
(0.,0.,1.),(-0.995085744005166,-0.0990169787343784,0.),(0.,0.,1.),(0.772295452136216,
0.63526351588118,0.),(0.,0.,1.),(0.99503334526629,0.0995421609579365,0.),
(0.,0.,1.),(0.980981648254112,0.194100504349283,0.),(0.,0.,1.),(0.95698782930742,
0.290128065787286,0.),(0.,0.,1.),(0.924280545324721,0.38171386342945,0.),
(0.,0.,1.),(0.881686851805447,0.471835029807453,0.),(0.,0.,1.),(0.830869694375498,
0.556467025948857,0.),(-0.0215812242927019,0.997411373609369,0.0685915632763911),
(-1.,0.,0.),(0.,0.964129047373268,0.265433946606524),(-0.0209189123709733,
0.964062164013026,0.26485192660001),(0.,0.,1.),(-0.0215454868277493,0.99976786905629,
0.),(-1.,0.,0.),(0.,0.870892335689882,0.491473844305698),(-1.,0.,0.),(0.,
0.74851317907829,0.663119914303674),(-0.0163134807549603,0.749047553016559,
0.66231535816827),(-0.0188767397490273,0.87107710116801,0.490783406929353),
(-1.,0.,0.),(0.,0.620083464394749,0.784535848246724),(-1.,0.,0.),(0.,0.497372121777621,
0.867537303220113),(-0.0134328023776837,0.620668698919067,0.783957859838394),
(-1.,0.,0.),(0.,0.383842179300252,0.923398712036157),(-0.0107708442685036,
0.49814032715886,0.867029528546639),(-1.,0.,0.),(0.,0.280990112287866,0.959710663062807),
(-0.00640673794781833,0.281639752719713,0.959498829283729),(-0.00819724910785959,
0.384369200937559,0.923143067177394),(-1.,0.,0.),(0.,0.182405292719079,
0.983223427908462),(-0.00429495367317901,0.183070563801241,0.983090393627382),
(-1.,0.,0.),(0.,0.0889077242181853,0.996039866960326),(-0.00237799206528991,
0.0896422170445907,0.995971193397213),(-1.,0.,0.),(0.,0.0223714347462675,
0.999749728135694),(-1.,0.,0.),(0.,-0.0223715937255122,0.999749724578197),
(-0.998912231269772,0.0246956924549065,-0.0395534700604028),(-0.00929593576387117,
-0.0196450960700238,0.999763799994115),(-0.00931183896459807,0.019663508224927,
0.999763290033889),(-1.,0.,0.),(0.,-0.0889074031837377,0.996039895616197),
(-0.00230214914838806,-0.0895595800519213,0.995978805863971),(-1.,0.,0.),
(0.,-0.1824065221086,0.983223199834221),(-1.,0.,0.),(0.,-0.280991774214916,
0.959710176471811),(-0.00580406693913515,-0.281650339316615,0.959499556628247),
(-0.00410103903415922,-0.182963108603315,0.983111225838181),(-1.,0.,0.),
(0.,-0.383838788154597,0.923400121674245),(-1.,0.,0.),(0.,-0.497371120185363,
0.86753787744718),(-0.00798382401202812,-0.38441141990674,0.923127357843667),
(-1.,0.,0.),(0.,-0.620085439802872,0.784534286914523),(-0.0103893189863127,
-0.498186818257423,0.867007471804912),(-1.,0.,0.),(0.,-0.748513179078224,
0.663119914303748),(-0.0162931526699264,-0.748958783588916,0.662416238977492),
(-0.0134765400921582,-0.620749435987135,0.783893181874162),(-1.,0.,0.),
(0.,-0.870892335689882,0.491473844305698),(-1.,0.,0.),(0.,-0.964129047373268,
0.265433946606524),(-0.0188780017794156,-0.871143371971927,0.490665717691991),
(-1.,0.,0.),(0.,-0.997644917189937,0.0685902267461172),(-0.0214748628256547,
-0.997419252538357,0.0685103271955706),(-0.0208917735489481,-0.964024026401216,
0.264992849562338),(-0.999694157655194,0.0247303689837576,0.),(0.,0.,1.),
(-1.,0.,0.),(0.,-1.,0.),(0.,0.,1.),(0.,0.,1.),(-0.0215454868277493,-0.99976786905629,
0.),(0.,0.,1.),(0.999639389655066,-0.0268531311032202,0.),(0.,0.,1.),(0.772298242855886,
-0.635260123163505,0.),(0.,0.,1.),(-0.995085767093823,0.0990167467012358,
0.),(0.,0.,1.),(0.995033284833794,-0.0995427650453343,0.),(0.,0.,1.),(0.980981564231847,
-0.194100928996328,0.),(0.,0.,1.),(0.956987545610588,-0.290129001560036,
0.),(0.,0.,1.),(0.924281304727378,-0.381712024609465,0.),(0.,0.,1.),(0.8816862075233,
-0.471836233732828,0.),(0.,0.,1.),(0.830868590123437,-0.55646867472149,
0.),(0.,0.,1.),(-0.980670817759624,-0.19566488493,0.),(-0.979970223519915,
-0.19574630501408,-0.0366298387610739),(-0.994388908387201,-0.0982769795647023,
-0.0391450400964065),(0.,0.,1.),(-0.98067075708194,0.195665189045814,0.),
(-0.980123252341864,0.194899520317673,-0.0370484439450177),(-0.994297281941677,
0.0989782047609554,-0.0397017645160885),(0.,0.,1.),(-0.956996254614182,
-0.290100273447696,0.),(-0.956313657801277,-0.289926947212219,-0.0375040422214146),
(0.,0.,1.),(-0.956996723733496,0.29009872589061,0.),(-0.956264569932644,
0.290110969738513,-0.0373322585562966),(0.,0.,1.),(-0.924337042985528,-0.381577031495307,
0.),(0.,0.,1.),(-0.924337304367703,0.381576398319194,0.),(0.,0.,1.),(-0.88279230843914,
-0.469763493856956,0.),(-0.923580194936687,-0.381544218465055,-0.0377310598393523),
(0.,0.,1.),(-0.882791459935054,0.469765088385393,0.),(-0.882017732206176,
0.469636877051548,-0.0385476819944246),(-0.923718494283931,0.381238248592623,
-0.0374371623905499),(0.,0.,1.),(-0.830870577924637,-0.556465706705435,
0.),(0.,0.,1.),(0.707105555778088,0.707108006592883,0.),(-0.882100521700869,
-0.469446655888667,-0.038968023942741),(0.,0.,1.),(-0.830872569555727,0.556462732947916,
0.),(0.,0.,1.),(0.707106781186552,-0.707106781186543,0.),(0.,0.,1.),(-0.773044254755357,
-0.634352094809921,0.),(-0.77216486910945,-0.634347767912612,-0.0369367602460334),
(-0.830556992653963,-0.555572402340962,-0.0389151347254194),(0.,0.,1.),
(-0.77304433509771,0.63435199690183,0.),(-0.830116356685229,0.556198973336033,
-0.0393641515034266),(0.,0.,1.),(-0.7071068898533,-0.707106672519778,0.),
(0.,0.,1.),(-0.707107029524517,0.707106532848491,0.),(-0.706202920592045,
0.706952562887128,-0.0386718085249086),(-0.772902070284452,0.633444068861648,
-0.0370270357172722),(0.,0.,1.),(-0.087366277809836,0.996176256242666,0.),
(-0.0874415504217917,0.993719568747577,0.0698240212818137),(0.,0.,1.),(-0.087366277809836,
-0.996176256242666,0.),(0.,0.,1.),(-0.634351030270783,-0.773045128303902,
0.),(-0.633443515121229,-0.772902545890319,-0.0370265810887969),(-0.706952914441869,
-0.706202568739895,-0.0386718071380286),(0.,0.,1.),(-0.634351529056485,
0.77304471900641,0.),(0.,0.,1.),(-0.556464475825388,-0.830871402290617,
0.),(-0.55620006786389,-0.830115704672377,-0.03936243595723),(0.,0.,1.),
(-0.556461938299925,0.830873101757116,0.),(-0.555569353769936,0.830559138665727,
-0.0389128555942794),(-0.634346976992888,0.77216546129886,-0.0369379636296327),
(0.,0.,1.),(-0.469764159018971,-0.882791954483727,0.),(0.,0.,1.),(-0.469761320057026,
0.882793465187798,0.),(-0.469445390589944,0.88210147514183,-0.0389616838247979),
(0.,0.,1.),(-0.177254965729709,0.984164964385626,0.),(0.,0.,1.),(-0.177254965729709,
-0.984164964385626,0.),(-0.177494144406744,-0.981546321789069,0.0711522795395083),
(-0.0876308680204406,-0.993703633034747,0.0698134705019647),(0.,0.,1.),
(-0.381579443832996,-0.92433604714092,0.),(0.,0.,1.),(0.635262470980621,
0.772296311634075,0.),(-0.469637247432266,-0.882017554333536,-0.0385472394826413),
(0.,0.,1.),(0.635262470980531,-0.772296311634148,0.),(0.,0.,1.),(-0.381578037304099,
0.924336627775375,0.),(0.,0.,1.),(-0.290102097146943,-0.9569957017829,0.),
(-0.381238913145992,-0.923718353270385,-0.0374338741611198),(0.,0.,1.),
(-0.29010341223388,0.956995303128631,0.),(-0.381543947603216,0.923580529272235,
-0.037725614595043),(0.,0.,1.),(-0.195663598694071,-0.980671074390432,0.),
(-0.290114791411718,-0.95626316278562,-0.0373386033935174),(0.,0.,1.),(-0.195669325640815,
0.980669931732012,0.),(-0.289930106824549,0.956312689239807,-0.0375043138269868),
(0.,0.,1.),(-0.271146037206774,0.962538220803238,0.),(-0.177633519720679,
0.981521838347764,0.0711422063058879),(0.,0.,1.),(-0.271143324828272,-0.962538984873376,
0.),(-0.271537933435963,-0.959535492026777,0.0745572950572733),(0.,0.,1.),
(-0.0990151167802444,-0.995085929278972,0.),(-0.194898974210357,-0.980123224319994,
-0.0370520579769781),(0.,0.,1.),(-0.0990173968545417,0.995085702399623,
0.),(-0.195750870559033,0.979969336544605,-0.0366291701749742),(0.,0.,1.),
(-0.0247297804605842,-0.999694172213868,0.),(-0.0246951063980149,-0.998912282853697,
-0.0395525332185749),(-0.0989765838218799,-0.994297480478298,-0.0397008333597435),
(0.,0.,1.),(-0.0247256607964553,0.999694274114931,0.),(-0.0982757316315923,
0.994388800340863,-0.0391509173447407),(0.,0.,1.),(1.,0.,0.),(-0.318963018554933,
0.947767161698656,0.),(-0.318025209302988,0.944980553969145,0.0766271418490812),
(1.,0.,0.),(-0.271354546893137,0.959593664453242,0.0744762312527879),(0.,
0.,1.),(-0.31895767704301,-0.947768959322538,0.),(1.,0.,0.),(0.,0.,1.),
(0.556469073020622,0.830868323365123,0.),(0.,0.,1.),(0.471836806045504,
0.881685901248725,0.),(0.,0.,1.),(0.381713957148565,0.924280506620141,0.),
(0.,0.,1.),(0.290127930766215,0.956987870241475,0.),(0.,0.,1.),(0.194098954301197,
0.980981954950845,0.),(0.,0.,1.),(0.096872367740124,0.995296812196453,0.),
(0.,0.,1.),(0.0241726480208016,0.999707798853076,0.),(0.,0.,1.),(0.,-1.,
0.),(1.,0.,0.),(0.,-1.,0.),(0.998242584283104,0.,0.0592599605449589),(0.,
0.,1.),(0.556470442570545,-0.830867406115646,0.),(0.,0.,1.),(0.471835185324365,
-0.881686768580499,0.),(0.,0.,1.),(0.381710179668782,-0.924282066653479,
0.),(0.,0.,1.),(0.290132128224063,-0.956986597697259,0.),(0.,0.,1.),(0.19409513573336,
-0.980982710492213,0.),(0.,0.,1.),(0.0995372877003268,-0.995033832770154,
0.),(0.,0.,1.),(0.026858516562184,-0.999639244971944,0.),(0.,0.,1.),(1.,
0.,0.),(0.,1.,0.),(0.,1.,0.),(0.997644917189936,0.,0.068590226746131),(-0.0247331985134563,
0.998910123870621,-0.0395832454464588),(0.998178812332057,0.0258919505950228,
0.0544854614163133),(0.993765384420592,0.0995701328628383,0.0501612337275522),
(-0.314869923107231,0.936949185334458,0.151601964444863),(1.,0.,0.),(1.,
0.,0.),(-0.303743121811371,0.904612582568556,0.299025402618122),(-0.261467564978271,
0.922453186535758,0.284103557025178),(1.,0.,0.),(-0.288403436130023,0.858778773108945,
0.423464847284742),(1.,0.,0.),(-0.268187012608157,0.798513763682295,0.538935520705631),
(-0.232525835441803,0.823561591729231,0.517376111238726),(1.,0.,0.),(-0.26360400319068,
0.729810467390442,0.630784916741985),(1.,0.,0.),(-0.287875240882182,0.610822596750841,
0.737579555699305),(-0.261527387734871,0.652834083716862,0.710922699456234),
(1.,0.,0.),(-0.261441019276669,0.55601684764421,0.788982799923656),(1.,
0.,0.),(-0.22998745470367,0.489337691295536,0.841221965093923),(-0.21123040451427,
0.528713220226944,0.822097346404909),(1.,0.,0.),(-0.222335808524121,0.428250515333705,
0.875881432823154),(1.,0.,0.),(-0.211112444300529,0.326130957145369,0.921450017446905),
(-0.20373604357295,0.371321283178391,0.905876442572603),(1.,0.,0.),(-0.199983667660835,
0.275713852669261,0.940206575235035),(-0.177843527193393,0.236572338857631,
0.955199041207037),(1.,0.,0.),(-0.215706434026496,0.241390762021772,0.946150746091827),
(1.,0.,0.),(-0.224170824145229,0.21606775993734,0.950295830106451),(-0.197929717935911,
0.185163828413525,0.962568534393815),(1.,0.,0.),(-0.187066958039293,0.140938660443441,
0.972184266074253),(1.,0.,0.),(-0.178085384941689,0.108703095571902,0.977992450217923),
(-0.152849781497673,0.0911899190503426,0.984033202163273),(1.,0.,0.),(-0.183598391131881,
0.0801124271345472,0.979731406964376),(1.,0.,0.),(-0.186141515551504,0.0548722349600726,
0.980989487211089),(-0.159640658564998,0.0462472558892767,0.986091299756592),
(1.,0.,0.),(-0.188765647350182,0.0264997753711809,0.981664551812758),(1.,
0.,0.),(-0.188831849476049,0.0132477794929069,0.981920072593468),(-0.160632580553836,
0.0113666106815878,0.986948820469546),(-0.188832036607444,-0.013172775660836,
0.981921045671226),(1.,0.,0.),(0.998114286258854,-0.026787015243193,0.0552297689687234),
(1.,0.,0.),(-0.188799935001729,-0.0263681220441076,0.981661503107466),(-0.160603284828952,
-0.0112928872994753,0.986954434408495),(1.,0.,0.),(-0.186224697137542,-0.0553623507499517,
0.980946161772128),(-0.159702503383159,-0.0465224674204206,0.986068339638926),
(1.,0.,0.),(-0.183705574194578,-0.0804889614026984,0.979680452546725),(1.,
0.,0.),(-0.178137413860835,-0.108435676677364,0.978012661373306),(-0.152819890816094,
-0.0913793106995287,0.98402027547558),(1.,0.,0.),(-0.173763903695261,-0.130786766476287,
0.97606399763912),(1.,0.,0.),(-0.187086675352117,-0.140954799255096,0.972178132068731),
(-0.142197491030419,-0.133030605627163,0.980858160750638),(1.,0.,0.),(-0.236167195609413,
-0.178034055150681,0.955263801745146),(-0.197967844197235,-0.185260804053183,
0.962542033962916),(1.,0.,0.),(-0.224083376542629,-0.216338331039138,0.950254895741377),
(1.,0.,0.),(-0.215809782173627,-0.241351828749575,0.946137110929176),(1.,
0.,0.),(-0.199859734172926,-0.275980811719511,0.940154603359983),(-0.177845337674541,
-0.236801352690156,0.955141955539354),(1.,0.,0.),(-0.190713836733674,-0.295106534422874,
0.936237344811262),(1.,0.,0.),(-0.210621543859702,-0.325372814895263,0.921830297066271),
(-0.153813267292372,-0.280743041532453,0.947377867292641),(1.,0.,0.),(-0.249693835246823,
-0.387339977782038,0.887479988648501),(-0.203555833797821,-0.371281624332752,
0.90593320833255),(1.,0.,0.),(-0.221904814351092,-0.42885245509175,0.875696194538714),
(1.,0.,0.),(-0.209491633862403,-0.445956680813333,0.870193021219784),(-0.166174912099826,
-0.418395721374417,0.892933882728277),(1.,0.,0.),(-0.230087828058566,-0.48955125279531,
0.841070248115955),(-0.211311398204125,-0.528406346541964,0.822273814445767),
(1.,0.,0.),(-0.261748943431312,-0.556113921213251,0.788812269963782),(1.,
0.,0.),(-0.287493655859284,-0.610041315813389,0.738374559990614),(-0.261702190019536,
-0.652471188176758,0.711191473752454),(1.,0.,0.),(-0.322928235888245,-0.686028664157866,
0.651983148877239),(1.,0.,0.),(-0.264007789477682,-0.729526813576715,0.630944145996865),
(1.,0.,0.),(-0.249436087788097,-0.738564718299014,0.626341596090238),(-0.196023293618398,
-0.696130728748987,0.690635125699816),(1.,0.,0.),(-0.269654225775929,-0.796888668336706,
0.540606186421998),(-0.232331516958508,-0.824121484408678,0.516571239195327),
(1.,0.,0.),(-0.289593188803714,-0.859565316962268,0.421050176195252),(1.,
0.,0.),(-0.304107160334672,-0.905712795633674,0.295301823324234),(-0.261510333626443,
-0.923160361873327,0.281757505086368),(1.,0.,0.),(-0.315007582542851,-0.936914339483147,
0.151531328151529),(-0.31799565119378,-0.94491034106818,0.0776093626069684),
(1.,0.,0.),(0.993836017028357,-0.098538797204317,0.0507944554330364),(0.955871396635437,
0.289398537981158,0.0505802264584496),(0.979701458269213,0.193885032028679,
0.050927860944827),(0.979680526430692,-0.194020986028938,0.0508126274939638),
(0.922944254376286,0.381718799344463,0.0496453576965977),(0.955787820860791,
-0.289638058441095,0.0507881540977196),(0.880856811066903,0.47059456847083,
0.0513033188283177),(0.92320357647681,-0.38110889616675,0.0495092480551684),
(0.829573026147034,0.556330345080731,0.0480118884403411),(0.830331695965964,
-0.555180429137727,0.0482075282164038),(0.88026441881161,-0.471663224167738,
0.0516561316975233),(0.770934394141056,-0.634912859344277,0.0504561291582896),
(0.705809434697439,0.706806834343503,0.0475093760998533),(0.771741842423515,
0.633940679578667,0.0503363032819908),(0.706805361516399,-0.705810803946031,
0.0475109457360109),(0.634914343647256,0.770933112969958,0.0504570268389247),
(0.556334372985884,-0.829570453822517,0.0480096613100515),(0.633939631978597,
-0.771742594917941,0.0503379597934171),(0.471662125311134,0.880265019866825,
0.0516559226598621),(0.555182000074567,0.830330371428084,0.0482122502824983),
(0.381717759680391,-0.922944553531024,0.0496477900011835),(0.470591266104635,
-0.880857798482856,0.051316655366196),(0.289638555521855,0.95578741679488,
0.0507929232451168),(0.381111089578102,0.923202270909274,0.0495167081756372),
(0.28940104886147,-0.955870625018788,0.0505804423079874),(0.194019597173812,
0.979681023525133,0.0508083463346225),(0.0995687508990883,-0.993765911731747,
0.0501535295304755),(0.193879377176788,-0.979702099295846,0.0509370566567528),
(0.0241243237261457,0.998469734885513,0.0497614863364187),(0.0968175817087395,
0.994045569819944,0.0499976098770116),(0.,0.,1.),(1.,0.,0.),(0.,1.,0.),
(0.,1.,0.),(0.998242584283104,0.,0.0592599605449589),(0.,-1.,0.),(1.,0.,
0.),(0.,0.,1.),(0.,-1.,0.),(0.997644917189936,0.,0.068590226746131),(0.0258935373404945,
-0.998178367354267,0.0544928588896477),(0.799567895532366,0.,-0.600575707495685),
(0.,0.,-1.),(0.799568123851224,0.,-0.600575403526513),(1.,0.,0.),(0.79256355900407,
0.105843980703894,-0.600533143704455),(0.,0.,-1.),(-0.0121591452242844,
0.0121591309940431,-0.999852144429808),(0.792563559004066,-0.10584398070391,
-0.600533143704457),(0.,0.,-1.),(0.784510578364039,0.158119606555492,-0.599617663563756),
(0.966697001126666,0.255923637073073,0.),(0.77222371752611,0.207878098387575,
-0.600380901012782),(0.,0.,-1.),(-0.0121591813259946,-0.0121591661886623,
-0.999852143562776),(0.792912677439724,0.103195849548143,-0.600533181923701),
(0.997549661534351,0.0699619380284827,0.),(0.784231358068563,0.159590295278345,
-0.599593291052284),(0.990794213085068,0.13537661288842,0.),(0.772223717526107,
-0.207878098387591,-0.600380901012782),(0.,0.,-1.),(0.784510578364287,-0.158119606554404,
-0.599617663563718),(0.966697001127191,-0.25592363707109,0.),(0.792912677441122,
-0.103195849537427,-0.600533181923697),(0.997549661534739,-0.0699619380229431,
0.),(0.784231358070721,-0.159590295266172,-0.599593291052701),(0.990794213085806,
-0.135376612883018,0.),(0.771276700059303,0.211381873220266,-0.600374845925047),
(0.944997433221612,0.327077744893361,0.),(0.738771614093799,0.306128100057568,
-0.600418261351524),(0.,0.,-1.),(0.,0.,-1.),(0.738771614093798,-0.30612810005757,
-0.600418261351524),(0.771276700059593,-0.211381873219203,-0.600374845925048),
(0.9449974332224,-0.327077744891083,0.),(0.694100708942179,0.397220146423333,
-0.600366855448725),(0.896738516742325,0.442560767116257,0.),(0.692875425874078,
0.399349577996516,-0.600369518524899),(0.,0.,-1.),(0.758166227158417,0.256334559174263,
-0.599563646137178),(0.924749764686712,0.380575712193813,0.),(0.737508879112975,
0.309163829706778,-0.60041517271848),(0.898037533366774,0.439918843270317,
0.),(0.69287542587408,-0.399349577996515,-0.600369518524899),(0.,0.,-1.),
(0.694100708943771,-0.397220146420567,-0.600366855448715),(0.8967385167439,
-0.442560767113065,0.),(0.758166227156683,-0.256334559179025,-0.599563646137336),
(0.924749764683776,-0.380575712200947,0.),(0.737508879111128,-0.309163829711209,
-0.600415172718466),(0.898037533362921,-0.439918843278181,0.),(0.633984538064732,
0.487306494803391,-0.600496449296148),(0.,0.,-1.),(0.668317386411566,0.440400311824469,
-0.59949932140489),(0.79779568166845,0.602927898103226,0.),(0.665763284792964,
0.444167268398823,-0.599562078774843),(0.865082505991595,0.501629602223894,
0.),(0.633984538064735,-0.487306494803386,-0.60049644929615),(0.,0.,-1.),
(0.668317386407095,-0.440400311830857,-0.599499321405181),(0.79779568166214,
-0.602927898111575,0.),(0.665763284794863,-0.444167268395839,-0.599562078774945),
(0.865082505993219,-0.501629602221093,0.),(0.633101551287816,0.488453517016099,
-0.600496117782259),(0.750337298738472,0.661055170255545,0.),(0.565528193685726,
0.565532419398151,-0.600292382723814),(0.,0.,-1.),(0.,0.,-1.),(0.565528193685724,
-0.565532419398149,-0.600292382723818),(0.633101551283355,-0.488453517021864,
-0.600496117782272),(0.750337298730607,-0.661055170264471,0.),(0.487305901500239,
0.633984993485142,-0.600496449946779),(0.,0.,-1.),(0.488449999002743,0.63310450011219,
-0.600495870437021),(0.661051309539787,0.750340700052628,0.),(0.565526307561512,
0.565532631656369,-0.600293959646158),(0.707102926985799,0.707110635365544,
-1.02646268558451E-6),(0.487305901500239,-0.63398499348514,-0.600496449946781),
(0.,0.,-1.),(0.488449999011322,-0.633104500105573,-0.600495870437018),(0.661051309549996,
-0.750340700043634,0.),(0.56552630756151,-0.565532631656368,-0.600293959646162),
(0.707102926985799,-0.707110635365543,-1.02646265798013E-6),(0.999999999999744,
0.,0.),(0.,0.,1.),(0.,0.,1.),(0.991465400054491,0.13037009049104,0.),(0.991465400054488,
-0.130370090491067,0.),(0.,0.,1.),(0.00879363115994436,-0.00879354952765302,
0.999922669778882),(0.96552654124772,0.260304625671951,0.),(0.,0.,1.),(0.,
0.,1.),(0.,0.,1.),(0.965526541247712,-0.260304625671982,0.),(0.922873370353174,
0.385103547494623,0.),(0.,0.,1.),(0.,0.,1.),(0.922873370353177,-0.385103547494616,
0.),(0.86766917288918,0.497142038473683,0.),(0.,0.,1.),(0.,0.,1.),(0.867669172889231,
-0.497142038473593,0.),(0.440406375576307,0.668314003480504,-0.599498638116553),
(0.602936462631504,0.797789209020409,0.),(0.399351803474348,0.692874379285558,
-0.600369246040666),(0.,0.,-1.),(0.,0.,-1.),(0.399351803474423,-0.692874379285515,
-0.600369246040666),(0.44040637558608,-0.668314003473686,-0.599498638116974),
(0.602936462641229,-0.797789209013059,0.),(0.793119545141247,0.609065995697462,
0.),(0.,0.,1.),(0.,0.,1.),(0.793119545141224,-0.609065995697492,0.),(0.707102932867477,
0.707110629484675,0.),(0.,0.,1.),(0.,0.,1.),(0.707102932867489,-0.707110629484662,
0.),(0.443356334319694,0.666277652434172,-0.599590902770724),(0.500872943849974,
0.865520822464174,0.),(0.396458020984099,0.694537553858115,-0.60036540862891),
(0.441681094034722,0.897172119034163,0.),(0.306131485765565,0.738770596817628,
-0.600417786795738),(0.,0.,-1.),(0.443356334319694,-0.666277652434172,-0.599590902770724),
(0.500872943849965,-0.86552082246418,0.),(0.306131485765543,-0.738770596817625,
-0.600417786795753),(0.,0.,-1.),(0.396458020984106,-0.694537553858097,-0.600365408628926),
(0.441681094034722,-0.897172119034163,0.),(0.609069701751599,0.793116699110678,
0.),(0.,0.,1.),(0.,0.,1.),(0.609069701751602,-0.793116699110676,0.),(0.497144992166065,
0.867667480527067,0.),(0.,0.,1.),(0.,0.,1.),(0.49714499216593,-0.867667480527144,
0.),(0.310387046136718,0.736997062517741,-0.60041253437178),(0.44209511849031,
0.896968174578678,0.),(0.207876586520989,0.77222356491852,-0.600381620772084),
(0.,0.,-1.),(0.210006884601504,0.771649483969292,-0.600378365957582),(0.325268718402125,
0.945621626671229,0.),(0.257663373408526,0.757680055269129,-0.599608638906335),
(0.382559559268461,0.923930832698824,0.),(0.310387046136705,-0.736997062517715,
-0.600412534371818),(0.44209511849031,-0.896968174578678,0.),(0.207876586520904,
-0.772223564918545,-0.600381620772081),(0.,0.,-1.),(0.210006884606495,-0.771649483967928,
-0.600378365957589),(0.325268718408717,-0.945621626668962,0.),(0.257663373407245,
-0.757680055269585,-0.599608638906309),(0.382559559268438,-0.923930832698834,
0.),(0.385097726189976,0.922875799489449,0.),(0.,0.,1.),(0.,0.,1.),(0.385097726189976,
-0.922875799489449,0.),(0.156592405109344,0.784854179940026,-0.599568790792801),
(0.254267018109927,0.967134056634077,0.),(0.103878125037501,0.79282264539299,
-0.600534418739471),(0.,0.,-1.),(0.156592405114914,-0.784854179938777,-0.59956879079298),
(0.254267018115984,-0.967134056632485,0.),(0.105843207438106,-0.792563146825195,
-0.600533823971439),(0.,0.,-1.),(0.260310200307518,0.965525038316385,0.),
(0.,0.,1.),(0.,0.,1.),(0.260310200307518,-0.965525038316385,0.),(0.13538268088929,
0.990793383968236,0.),(0.159594613608982,0.784231688440963,-0.599591709542448),
(0.130368633665813,0.991465591614738,0.),(0.,0.,1.),(0.135382680880705,
-0.990793383969409,0.),(0.159594613607647,-0.784231688441196,-0.5995917095425),
(0.130368633665974,-0.991465591614717,0.),(0.,0.,1.),(0.101125714334348,
0.7931824867203,-0.600529043977532),(0.0699521388720396,0.99755034873796,
0.),(0.,0.799761286112401,-0.600318153345138),(0.,0.999999999999877,0.),
(0.,0.79975892997742,-0.600321292243843),(0.,0.,-1.),(0.,0.,-1.),(0.633981320847509,
-0.487309618230323,-0.600497311231837),(0.,0.,-1.),(0.772223928310622,-0.207877317901813,
-0.600380900134623),(0.,0.,-1.),(0.792564271412715,-0.1058418641535,-0.600532576528987),
(0.,0.,-1.),(0.738771117687365,-0.30612854150061,-0.600418647070251),(0.,
0.,-1.),(0.692876003619966,-0.399347455665259,-0.600370263471891),(0.103189485739661,
-0.792914609512069,-0.600531724436859),(0.0699550588860366,-0.997550143970844,
0.),(0.,-0.799569359451681,-0.600573758522537),(0.,-0.999999999999876,0.),
(0.,-0.799566794280096,-0.600577173629325),(0.,0.,-1.),(0.,0.999999999999617,
0.),(0.,0.,1.),(0.,0.,1.),(0.,-0.999999999999617,0.),(-0.103878367107696,
0.792822623796335,-0.600534405378855),(0.,0.,-1.),(0.,0.,-1.),(0.565529418957714,
-0.565530972479857,-0.600292591541273),(-0.0699526123793825,0.997550315533657,
0.),(-0.101126104031751,0.793182436467237,-0.60052904472911),(-0.130369127071014,
0.991465526736353,0.),(0.,0.,1.),(-0.0699555313704388,-0.997550110836884,
0.),(-0.103189905534171,-0.792914554667532,-0.600531724717553),(-0.105843469974165,
-0.792563122978139,-0.600533809172279),(0.,0.,-1.),(-0.130369127071169,
-0.991465526736333,0.),(0.,0.,1.),(-0.135382680890142,0.99079338396812,
0.),(-0.159594613608221,0.784231688441094,-0.599591709542481),(-0.135382680880367,
-0.990793383969455,0.),(-0.159594613600784,-0.784231688442411,-0.599591709542737),
(-0.260310200307521,0.965525038316384,0.),(0.,0.,1.),(-0.156592405101124,
0.784854179941866,-0.599568790792539),(-0.254267018094872,0.967134056638035,
0.),(-0.260310200307521,-0.965525038316384,0.),(0.,0.,1.),(-0.156592405106695,
-0.78485417994062,-0.599568790792714),(-0.254267018100929,-0.967134056636443,
0.),(-0.207876586520973,0.772223564918529,-0.600381620772078),(0.,0.,-1.),
(0.,0.,-1.),(0.487312282066156,-0.633980247697327,-0.600496282484006),(-0.207876586520887,
-0.772223564918553,-0.600381620772076),(0.,0.,-1.),(-0.325268718385257,
0.945621626677032,0.),(-0.210006884593684,0.771649483971404,-0.600378365957603),
(-0.382559559268521,0.9239308326988,0.),(-0.257663373407321,0.757680055269562,
-0.599608638906307),(-0.385097726189901,0.92287579948948,0.),(0.,0.,1.),
(0.,0.,1.),(0.385104831533182,-0.922872834538854,0.),(-0.325268718391849,
-0.945621626674764,0.),(-0.210006884598676,-0.771649483970042,-0.600378365957607),
(-0.382559559268498,-0.923930832698809,0.),(-0.257663373407293,-0.757680055269549,
-0.599608638906335),(-0.385097726189901,-0.92287579948948,0.),(0.,0.,1.),
(-0.30613148576558,0.738770596817628,-0.600417786795731),(0.,0.,-1.),(0.,
0.,-1.),(-0.306131485765558,-0.738770596817625,-0.600417786795746),(-0.442095118490236,
0.896968174578715,0.),(-0.310387046136643,0.736997062517744,-0.600412534371815),
(-0.497144992165994,0.867667480527108,0.),(0.,0.,1.),(-0.442095118490236,
-0.896968174578715,0.),(-0.310387046136632,-0.736997062517725,-0.600412534371844),
(-0.497144992165859,-0.867667480527185,0.),(0.,0.,1.),(-0.00879363115994757,
-0.00879354952765303,0.999922669778882),(-0.441681094059993,0.897172119021723,
0.),(-0.396458021006024,0.694537553845547,-0.60036540862897),(-0.441681094059993,
-0.897172119021723,0.),(-0.396458021006031,-0.69453755384553,-0.600365408628986),
(0.,0.,-1.),(0.399348447674001,-0.692875259618999,-0.60037046225499),(0.,
0.0148465991192441,-0.999889783173422),(-0.500872943872089,0.865520822451376,
0.),(-0.443356334343352,0.666277652419208,-0.599590902769859),(-0.399350075054456,
0.69287516471677,-0.600369489291977),(0.,0.,-1.),(-0.50087294387208,-0.865520822451382,
0.),(-0.443356334343352,-0.666277652419208,-0.599590902769859),(-0.399350075054531,
-0.692875164716727,-0.600369489291977),(0.,0.,-1.),(-0.609065869913697,
0.793119641735262,0.),(0.,0.,1.),(-0.602936462694021,0.797789208973161,
0.),(-0.440405838238387,0.668313943716232,-0.599499099482227),(0.,0.,1.),
(0.26031135118752,-0.96552472803286,0.),(-0.609065869913699,-0.793119641735261,
0.),(0.,0.,1.),(-0.602936462703746,-0.797789208965811,0.),(-0.44040583824816,
-0.668313943709414,-0.599499099482649),(0.,0.,-1.),(0.306124489578668,-0.738772563952186,
-0.600418933438739),(-0.661047882269333,0.750343719469261,0.),(-0.488447416331407,
0.633106701698548,-0.600495650062146),(-0.487305873731806,0.633984168440838,
-0.600497343535223),(0.,0.,-1.),(-0.707103119667258,0.707110442686684,0.),
(-0.565527260149819,0.565532780383826,-0.600292922112845),(-0.707099516553518,
0.707114045744943,0.),(0.,0.,1.),(0.,0.,1.),(0.130368429715923,-0.991465618432275,
0.),(-0.661047882279542,-0.750343719460267,0.),(-0.488447416339987,-0.633106701691931,
-0.600495650062143),(-0.487305873731807,-0.633984168440836,-0.600497343535225),
(0.,0.,-1.),(-0.707103119667259,-0.707110442686684,0.),(-0.565527260149817,
-0.565532780383824,-0.600292922112849),(-0.707099516553531,-0.70711404574493,
0.),(0.,0.,1.),(-0.565529700099521,0.565530714146087,-0.600292570054605),
(0.,0.,-1.),(0.,0.,-1.),(-0.565529700099519,-0.565530714146085,-0.600292570054609),
(-0.793123254551569,0.609061165310617,0.),(0.,0.,1.),(-0.747879627380614,
0.663834364091701,0.),(-0.631295725465514,0.49079360808182,-0.600489251589901),
(0.,0.,1.),(0.,-0.999999999999775,0.),(-0.793123254551546,-0.609061165310647,
0.),(0.,0.,1.),(-0.747879627372702,-0.663834364100615,0.),(-0.63129572546104,
-0.490793608087593,-0.600489251589886),(0.,0.,-1.),(0.207877804503721,-0.772223853314427,
-0.600380828114065),(-0.795786971618524,0.605576663852083,0.),(-0.666450183731633,
0.443071650580678,-0.599609593865697),(-0.633982699714725,0.487309641847522,
-0.600495836309352),(0.,0.,-1.),(-0.795786971612174,-0.605576663860427,
0.),(-0.666450183727115,-0.443071650587121,-0.599609593865958),(-0.633982699714728,
-0.487309641847516,-0.600495836309354),(0.,0.,-1.),(-0.865085742007838,
0.501624021528822,0.),(-0.66576492233306,0.444162972021124,-0.599563443245347),
(-0.692875725804926,0.399348526049371,-0.600369872105931),(0.,0.,-1.),(-0.867672201185106,
0.497136753107788,0.),(0.,0.,1.),(0.,0.,1.),(-0.130368183015072,-0.991465650871092,
0.),(-0.865085742009462,-0.501624021526021,0.),(-0.665764922334956,-0.444162972018138,
-0.599563443245454),(-0.692875725804927,-0.39934852604937,-0.600369872105931),
(0.,0.,-1.),(-0.867672201185157,-0.497136753107699,0.),(0.,0.,1.),(0.,0.,
1.),(0.867670690065205,-0.497139390514916,0.),(0.,0.,1.),(0.793119544808619,
-0.609065996130607,0.),(0.,0.,1.),(0.707102932867489,-0.707110629484662,
0.),(0.,0.,1.),(0.609068106474052,-0.793117924192936,0.),(0.,0.,1.),(0.497143246797818,
-0.867668480563464,0.),(-0.896738516716963,0.442560767167646,0.),(-0.694100459193878,
0.397219573075547,-0.600367523532484),(-0.898037533370784,0.439918843262131,
0.),(-0.737508879115687,0.309163829700275,-0.600415172718497),(-0.922873370353169,
0.385103547494633,0.),(0.,0.,1.),(0.,0.,1.),(0.,0.,1.),(-0.260311351187528,
-0.965524728032858,0.),(-0.896738516718538,-0.442560767164454,0.),(-0.694100459195468,
-0.397219573072779,-0.600367523532478),(-0.898037533366932,-0.439918843269995,
0.),(-0.737508879113841,-0.309163829704705,-0.600415172718484),(-0.922873370353172,
-0.385103547494626,0.),(0.,0.,1.),(-0.738772514025611,0.306125153253537,
-0.600418656493765),(0.,0.,-1.),(0.,0.,-1.),(-0.73877251402561,-0.306125153253539,
-0.600418656493765),(0.,0.,-1.),(0.105843678916496,-0.792563725989075,-0.600532976513144),
(-0.924749764689706,0.380575712186539,0.),(-0.758166227160949,0.256334559167317,
-0.599563646136946),(-0.92474976468677,-0.380575712193673,0.),(-0.758166227159215,
-0.256334559172079,-0.599563646137103),(-0.965524673047601,0.26031155513408,
0.),(0.,0.,1.),(-0.944997433238668,0.327077744844083,0.),(-0.771276700069483,
0.211381873182797,-0.600374845925161),(-0.965524673047592,-0.260311555134111,
0.),(0.,0.,1.),(-0.944997433239456,-0.327077744841805,0.),(-0.771276700069773,
-0.211381873181735,-0.600374845925162),(0.,0.,1.),(0.965525647703783,-0.260307939998361,
0.),(0.,0.,1.),(0.922873380438054,-0.38510352332664,0.),(-0.966695059550595,
0.255930970850484,0.),(-0.7845101983352,0.158124324875349,-0.599616916531531),
(-0.772223717526074,0.207878098387651,-0.600380901012802),(0.,0.,-1.),(-0.96669505955112,
-0.2559309708485,0.),(-0.78451019833545,-0.158124324874259,-0.599616916531491),
(-0.772223717526076,-0.207878098387649,-0.600380901012801),(0.,0.,-1.),
(-0.991112959882734,0.133022933182542,0.),(-0.784592784541195,0.157545968655411,
-0.599661096125405),(-0.792823113721905,0.103878904593971,-0.600533665608066),
(0.,0.,-1.),(-0.99146546811814,0.130369572865632,0.),(0.,0.,1.),(-0.991112959883415,
-0.133022933177463,0.),(-0.784592784543286,-0.15754596864352,-0.599661096125794),
(-0.792823113721905,-0.103878904593974,-0.600533665608066),(0.,0.,-1.),
(-0.991465468118137,-0.130369572865659,0.),(0.,0.,1.),(-0.997732627576886,
0.0673023318208398,0.),(-0.793424896925669,0.0992258882160521,-0.600525733042496),
(-0.999999999999806,0.,0.),(0.,0.,1.),(-0.997732627577232,-0.0673023318157193,
0.),(-0.793424896927,-0.0992258882055947,-0.600525733042465),(0.,0.,1.),
(0.991465429683043,-0.130369865166066,0.),(0.,0.,1.),(0.999999999999999,
0.,0.),(-1.,0.,0.),(-0.79976004931515,0.,-0.600319801038938),(-0.799760032762508,
0.,-0.600319823090753),(0.,0.,-1.),(0.,0.,-1.),(0.,0.,-1.),(0.,-0.799567895532388,
-0.600575707495643),(0.,0.,-1.),(-0.105843547668399,-0.792563737910151,
-0.600532983912505),(0.,0.,-1.),(-0.207877804503715,-0.772223853314431,
-0.600380828114062),(0.964129047373262,0.,0.265433946606545),(0.,-1.,0.),
(0.964129047373262,0.,0.265433946606545),(0.,1.,0.),(0.870893417093867,
0.,0.491471928051407),(0.,-1.,0.),(0.870893417093867,0.,0.491471928051407),
(0.,1.,0.),(0.748513511968973,0.,0.663119538544804),(0.,-1.,0.),(0.748513511968973,
0.,0.663119538544804),(0.,1.,0.),(0.621122784437174,0.,0.783713268136384),
(0.,-1.,0.),(0.621122784437174,0.,0.783713268136384),(0.,1.,0.),(0.497690415593594,
0.,0.867354743012497),(0.,-1.,0.),(0.497690415593594,0.,0.867354743012497),
(0.,1.,0.),(0.382955337729004,0.,0.923766858739187),(0.,-1.,0.),(0.382955337729004,
0.,0.923766858739187),(0.,1.,0.),(0.7995684461586,0.,-0.600574974426556),
(0.,0.,-1.),(0.79956795319847,0.,-0.600575630722616),(0.999999999999876,
0.,0.),(0.792564295254209,0.105841601655676,-0.600532591328031),(0.,0.,
-1.),(0.,0.,-1.),(0.772223928310621,0.207877317901798,-0.600380900134629),
(0.784510852774857,0.158120706264981,-0.599617014542392),(0.966696410297946,
0.255925868792243,0.),(0.793159054764143,0.101298790990792,-0.600530822514095),
(0.997732566057504,0.0673032438171303,0.),(0.784593450396198,0.157542172459116,
-0.59966122226825),(0.991113664482337,0.133017683322154,0.),(0.78451085277662,
-0.158120706257177,-0.599617014542143),(0.96669641030169,-0.255925868778102,
0.),(0.793159000539752,-0.10129921102273,-0.600530823279667),(0.997732534167827,
-0.0673037165619072,0.),(0.784593450397892,-0.157542172449454,-0.599661222268571),
(0.991113664482891,-0.133017683318028,0.),(0.771275824012726,0.211384635401896,
-0.600374998821151),(0.944996369450878,0.327080818337946,0.),(0.738771117687356,
0.306128541500607,-0.600418647070264),(0.,0.,-1.),(0.771275824014738,-0.211384635394506,
-0.600374998821169),(0.944996369456377,-0.327080818322061,0.),(0.280990527765163,
0.,0.959710541416658),(0.,-1.,0.),(0.280990527765163,0.,0.959710541416658),
(0.,1.,0.),(0.692875218190966,0.3993491840871,-0.600370020225685),(0.,0.,
-1.),(0.694865760788383,0.395884639743407,-0.600363995005709),(0.897602759811807,
0.440805269453775,0.),(0.758398307629722,0.255698581789684,-0.599541693508564),
(0.924784178073947,0.380492081368394,0.),(0.73773013983816,0.308633631757714,
-0.60041612413593),(0.898062183791335,0.43986851904169,0.),(0.694865760789194,
-0.395884639741989,-0.600363995005705),(0.897602759812618,-0.440805269452125,
0.),(0.758398307629705,-0.25569858178973,-0.599541693508567),(0.924784178073922,
-0.380492081368454,0.),(0.737730139838187,-0.308633631757647,-0.600416124135931),
(0.898062183791369,-0.43986851904162,0.),(0.666447931964661,0.443075430590462,
-0.59960930345276),(0.795782429349712,0.605582632791159,0.),(0.633982145893141,
0.487309646005795,-0.600496417639968),(0.,0.,-1.),(0.666667891990403,0.442737154882811,
-0.599614654153271),(0.86596489330839,0.500104792575905,0.),(0.666447873531864,
-0.443074886280635,-0.599609770611069),(0.795782429305267,-0.605582632849562,
0.),(0.666667891991345,-0.442737154881339,-0.59961465415331),(0.86596489330919,
-0.500104792574519,0.),(0.971594547118571,0.,0.236651718796756),(0.,-1.,
0.),(0.971594547118571,0.,0.236651718796756),(0.,1.,0.),(0.893324531031894,
0.,0.449412151879144),(0.,-1.,0.),(0.893324127575738,0.,0.449412953853187),
(0.,1.,0.),(0.631293937881855,0.490795052330765,-0.600489950458176),(0.747877919017425,
0.663836288738545,0.),(0.56553112422236,0.565529466061487,-0.600292404209818),
(0.,0.,-1.),(0.631296141694946,-0.490792475919517,-0.600489739347697),(0.747880952202288,
-0.663832871536954,0.),(0.840296198333122,0.,0.542127567152697),(0.,0.997688714261557,
0.0679501981978078),(0.786033375278561,0.,0.618184060736113),(0.,-1.,0.),
(0.,-1.,0.),(0.18240571837554,0.,0.983223348941584),(0.18240571837554,0.,
0.983223348941584),(0.,1.,0.),(0.840296943278164,0.,0.542126412488244),
(0.,0.973150450630328,0.230169938171756),(0.0237540113613143,0.980410195233083,
0.195529015819326),(0.487309135023921,0.633982086061844,-0.600496895474831),
(0.,0.,-1.),(0.488453781688471,0.633101347863348,-0.600496116963168),(0.661055170263783,
0.750337298731214,0.),(0.56553134442427,0.565528145462786,-0.600293440879625),
(0.707108467683712,0.707105094685166,0.),(0.490793872363906,-0.631295519700441,
-0.600489251907302),(0.663834364099996,-0.747879627373252,0.),(0.565531493153331,
-0.565529098050842,-0.600292403341543),(0.707108275006497,-0.707105287363442,
0.),(0.77726913895758,0.,0.629168249059132),(0.,0.956934424339074,0.290304163791782),
(0.0226735983253912,0.92724210462157,0.373775316675595),(0.665283518173212,
0.,0.746590811922484),(0.,-1.,0.),(0.724909216663053,0.,0.688844414651782),
(0.,0.91103383179065,0.412331610882363),(0.999999999999681,0.,0.),(0.,0.,
1.),(0.,0.,1.),(0.991465646460428,0.130368216558695,0.),(0.991465581575435,
-0.130368710015764,0.),(0.,0.,1.),(0.00879360870533433,0.00879355434588095,
0.999922669933982),(0.96552507849112,0.26031005129406,0.),(0.,0.,1.),(0.,
0.,1.),(0.96552507849111,-0.260310051294096,0.),(0.92287330303207,0.385103708824837,
0.),(0.,0.,1.),(0.,0.,1.),(0.922873303032102,-0.385103708824761,0.),(0.724909182737897,
0.,0.688844450353108),(0.,0.830107121278844,0.557603951924796),(0.0212434002475325,
0.84984083634422,0.526611119164493),(0.867670303799228,0.497140064674864,
0.),(0.,0.,1.),(0.,0.,1.),(0.867670303799272,-0.497140064674789,0.),(0.44040134042794,
0.668316377162486,-0.59949969088039),(0.602929601903215,0.797794394031965,
0.),(0.399349499596791,0.692874959699669,-0.600370108677118),(0.,0.,-1.),
(0.443072673960851,-0.666449171255768,-0.599609962994013),(0.605578362770713,
-0.795785678775349,0.),(0.0889076450243737,0.,0.996039874029258),(0.,-1.,
0.),(0.0889076450243737,0.,0.996039874029258),(0.,1.,0.),(0.646611170090468,
0.,0.76281976555031),(0.,0.803389557106687,0.595453792944441),(0.0182664003667294,
0.761972222945728,0.647352044931341),(0.793117291473388,0.609068930389589,
0.),(0.,0.,1.),(0.,0.,1.),(0.793120234105691,-0.609065098533921,0.),(0.542343588346313,
0.,0.840156790235992),(0.,-1.,0.),(0.601073684262411,0.,0.799193609888872),
(0.,0.738479883398545,0.674275508835722),(0.707104857057542,0.707108705310317,
0.),(0.,0.,1.),(0.,0.,1.),(0.707108273359012,-0.707105289010934,0.),(0.601074472132764,
0.,0.799193017330807),(0.,0.653883064318698,0.756595623961169),(0.016185399922734,
0.674594982148856,0.738010598087132),(0.443758896658222,0.666021512782446,
-0.599577673156415),(0.501247858579309,0.865303752603475,0.),(0.39683922453112,
0.694318600712733,-0.600366813354845),(0.442121541185821,0.896955150952017,
0.),(0.306127436376053,0.738771664022144,-0.600418538301224),(0.,0.,-1.),
(0.443754599173738,-0.666023148524259,-0.599579036776627),(0.501242277013987,
-0.865306985834411,0.),(0.396838650872945,-0.694318350688283,-0.600367481690042),
(0.442121541234061,-0.896955150928238,0.),(0.60906759132676,0.793118319795614,
0.),(0.,0.,1.),(0.,0.,1.),(0.60906276093079,-0.793122029228393,0.),(0.518913149395042,
0.,0.854826966926573),(0.,0.630593564548776,0.776113236808694),(0.0136523651382762,
0.588933406380235,0.808066244670265),(0.0223713552574893,0.,0.999749729914414),
(0.,-1.,0.),(0.0223713552574893,0.,0.999749729914414),(0.,1.,0.),(0.,0.999216301965288,
-0.0395825957564051),(0.497143609962913,0.867668272482653,0.),(0.,0.,1.),
(0.,0.,1.),(0.497138324584372,-0.86767130079854,0.),(0.424639087035303,
0.,0.905362715027422),(0.,-1.,0.),(0.480832653483297,0.,0.87681238548746),
(0.,0.56492450668914,0.825142594793186),(0.310391026299581,0.736995396155844,
-0.600412522219335),(0.442099403716059,0.896966062476058,0.),(0.207877804503625,
0.772223853314451,-0.600380828114068),(0.,0.,-1.),(0.211528179603429,0.771236908211078,
-0.600374433705064),(0.327391353484396,0.94488883032008,0.),(0.257658410765381,
0.757681874123269,-0.599608473077982),(0.382553302275282,0.923933423423067,
0.),(0.310391026216481,-0.73699539619066,-0.600412522219559),(0.442099403610689,
-0.896966062527994,0.),(0.21152817960357,-0.771236908211035,-0.60037443370507),
(0.327391353484552,-0.944888830320025,0.),(0.25765841067278,-0.757681874157206,
-0.59960847307489),(0.382553302178072,-0.923933423463317,0.),(0.480832485538671,
0.,0.876812477586116),(0.,0.49118845672514,0.871053327862293),(0.0121061540830872,
0.508968136342891,0.860700224945341),(0.385104831533018,0.922872834538923,
0.),(0.,0.,1.),(0.399209047964138,0.,0.916859932608856),(0.,0.472417328913583,
0.881374986791749),(0.0102142275020996,0.440456321626826,0.897715934076867),
(0.158272676614407,0.784476046239423,-0.599622458480228),(0.256200973973272,
0.966623536303119,0.),(0.103878587505849,0.792823171283004,-0.600533644465112),
(0.,0.,-1.),(0.158277394311739,-0.784475665620445,-0.599621711164003),(0.256208307938472,
-0.96662159242555,0.),(-0.0224550904476019,0.,0.999747852667356),(0.,1.,
0.),(-0.0224550904476019,0.,0.999747852667356),(0.,-1.,0.),(0.,-0.998469119637652,
0.0553119980656331),(0.260304421820495,0.965526596205769,0.),(0.,0.,1.),
(0.312551948348138,0.,0.949900668272101),(0.,-1.,0.),(0.366758879920862,
0.,0.930316034473874),(0.,0.42184078122449,0.906669926321543),(0.366758174504434,
0.,0.930316312570179),(0.,0.351983514498433,0.936006199510095),(0.00916641554252055,
0.370530903807795,0.92877490607223),(0.135375137071079,0.990794414731425,
0.),(0.159589203066149,0.784231551516585,-0.599593328740907),(0.130368947491638,
0.99146555034947,0.),(0.,0.,1.),(0.00322725934663264,0.00396841237422569,
0.999986918164602),(0.133021456570801,-0.991113158066112,0.),(0.157544875984447,
-0.784592976197553,-0.599661132434404),(0.10113226730199,0.793180540891285,
-0.600530510516965),(0.0699592704200511,0.997549848620255,0.),(0.,0.799760042129787,
-0.600319810611419),(0.,0.999999999999969,0.),(0.,0.799760032762472,-0.600319823090789),
(0.,0.,-1.),(0.101295841778883,-0.793159435491136,-0.600530817135715),(0.0673000399989314,
-0.997732782169726,0.),(0.,-0.799568116065885,-0.600575413891392),(0.,-0.999999999999969,
0.),(0.285958463455787,0.,0.958242013886856),(0.,0.333144939102062,0.942875627827278),
(0.0075309270002873,0.308868286545187,0.95107500582507),(0.,0.999999999999713,
0.),(0.,0.,1.),(0.205081600423376,0.,0.978744878488663),(0.,-1.,0.),(0.257307820871388,
0.,0.966329491073517),(0.,0.294481170016867,0.955657281929823),(-0.103878466490605,
0.792823182078913,-0.600533651145234),(0.,0.,-1.),(-0.0699590336185379,
0.997549865227378,0.),(-0.101132072411351,0.793180566024212,-0.600530510141905),
(-0.130368700739021,0.991465582795224,0.),(0.,0.,1.),(-0.0672998036527922,
-0.997732798111947,0.),(-0.10129563178595,-0.793159462599795,-0.600530816752555),
(0.13604760123244,0.115104624604642,0.983992873751392),(0.00695346138953913,
0.25247042770358,0.967579625927435),(-0.135375137072949,0.990794414731169,
0.),(-0.159589203070349,0.784231551515839,-0.599593328740765),(-0.133021456572567,
-0.991113158065875,0.),(-0.157544875988545,-0.784592976196831,-0.599661132434271),
(-0.260304421820504,0.965526596205767,0.),(0.,0.,1.),(-0.158272676611463,
0.784476046240088,-0.599622458480136),(-0.256200973967944,0.966623536304531,
0.),(-0.15827739430837,-0.784475665621206,-0.599621711163896),(-0.256208307932375,
-0.966621592427166,0.),(-0.20787780450362,0.772223853314455,-0.600380828114065),
(0.,0.,-1.),(-0.327391353477561,0.944888830322448,0.),(-0.211528179600248,
0.771236908211944,-0.600374433705073),(-0.382553302255357,0.923933423431317,
0.),(-0.257658410752016,0.75768187412816,-0.599608473077545),(-0.385104831533038,
0.922872834538914,0.),(0.,0.,1.),(-0.003227258829839,0.00396841053166411,
0.999986918173582),(-0.327391353477718,-0.944888830322393,0.),(-0.211528179600389,
-0.771236908211901,-0.600374433705078),(-0.382553302158147,-0.923933423471567,
0.),(-0.257658410659413,-0.757681874162089,-0.599608473074463),(-0.385104831533202,
-0.922872834538846,0.),(0.,0.,1.),(-0.306127436376044,0.738771664022146,
-0.600418538301226),(0.,0.,-1.),(0.,0.,-1.),(-0.306124489578659,-0.738772563952189,
-0.60041893343874),(0.,-1.,0.),(0.100895547967856,0.,0.994897024018197),
(0.0826701167480596,0.120808950158037,0.989227400226346),(-0.442099403694054,
0.896966062486905,0.),(-0.310391026287218,0.736995396161016,-0.600412522219377),
(-0.497143609962877,0.867668272482674,0.),(0.,0.,1.),(-0.442099403588684,
-0.89696606253884,0.),(-0.310391026204116,-0.736995396195826,-0.60041252221961),
(-0.497138324584336,-0.867671300798561,0.),(0.,0.,1.),(-0.442121541185848,
0.896955150952003,0.),(-0.39683922453114,0.69431860071272,-0.600366813354847),
(-0.442121541234088,-0.896955150928225,0.),(-0.396838650872966,-0.69431835068827,
-0.600367481690044),(0.,0.,-1.),(-0.501247858579269,0.865303752603499,0.),
(-0.443758896658191,0.666021512782459,-0.599577673156423),(-0.399350363809933,
0.692874566983184,-0.600369987051935),(0.,0.,-1.),(-0.501242277013947,-0.865306985834434,
0.),(-0.443754599173707,-0.666023148524273,-0.599579036776634),(-0.399349311891169,
-0.692874866901562,-0.600370340630009),(0.,0.,-1.),(-0.60906759171134,0.79311831950028,
0.),(0.,0.,1.),(-0.604080235442563,0.796923502694994,0.),(-0.441283241756659,
0.667701321686706,-0.599536525628389),(-0.60906276131537,-0.793122028933061,
0.),(0.,0.,1.),(-0.606728177734441,-0.794909377440627,0.),(-0.44396110135587,
-0.665826105640169,-0.599645009593951),(-0.66228379356991,0.749253079255977,
0.),(-0.489246918728491,0.632490140483365,-0.600494525125759),(-0.487309185181046,
0.633982240085982,-0.60049669215887),(0.,0.,-1.),(-0.707106984296403,0.707106578076418,
0.),(-0.565529945894282,0.565529543994259,-0.600293440882421),(-0.707106781186589,
0.707106781186506,0.),(0.,0.,1.),(-0.665061196650007,-0.746788862202975,
0.),(-0.491587221525037,-0.630681154001608,-0.600485874621955),(-0.487312332234654,
-0.633980401714712,-0.600496079165946),(0.,0.,-1.),(-0.707106791624002,
-0.707106770749092,0.),(-0.565530094618899,-0.56553049658821,-0.600292403341097),
(-0.707110197474326,-0.707103364882263,0.),(0.,0.,1.),(-0.565530151335548,
0.565530361674735,-0.600292477009695),(0.,0.,-1.),(0.,0.,-1.),(-0.565528446069649,
-0.56553186809145,-0.600292664338856),(0.,-1.,0.),(0.0246351066494654,0.,
0.999696509707006),(0.0317679478145072,0.0707850518749844,0.996985593638499),
(0.0795747634393364,0.0886735637217826,0.992877059922553),(0.0809064395972875,
0.0635531340151279,0.994693494091796),(-0.793117094099137,0.609069187406276,
0.),(0.,0.,1.),(-0.749105752532427,0.662450429483412,0.),(-0.632196021399314,
0.489627980438331,-0.600493656335152),(-0.793120036728932,-0.609065355556444,
0.),(0.,0.,1.),(-0.749108778867314,-0.662447007257073,0.),(-0.632198224111395,
-0.48962540090547,-0.600493440612432),(-0.796784996042878,0.604262914699347,
0.),(-0.667380059255882,0.441743409109148,-0.59955534941842),(-0.633982106236727,
0.487309320126989,-0.600496723961934),(0.,0.,-1.),(-0.796784995998571,-0.604262914757771,
0.),(-0.667380000154412,-0.441742868273873,-0.599555813684655),(-0.633981281190749,
-0.487309292351452,-0.600497617553695),(0.,0.,-1.),(-0.865963280429372,
0.500107585373388,0.),(-0.666666647785997,0.442739124822311,-0.599614582945874),
(-0.692874922891673,0.399349282689488,-0.600370295437117),(0.,0.,-1.),(-0.867668789640892,
0.497142707361864,0.),(0.,0.,1.),(-0.865963280430175,-0.500107585371998,
0.),(-0.666666647786939,-0.44273912482084,-0.599614582945914),(-0.692875708319562,
-0.399347554268744,-0.600370538684434),(0.,0.,-1.),(-0.86766878964095,-0.497142707361763,
0.),(0.,0.,1.),(-0.897602759811776,0.440805269453839,0.),(-0.694865760788358,
0.395884639743454,-0.600363995005707),(-0.898062183817267,0.439868518988745,
0.),(-0.737730139855556,0.308633631716024,-0.600416124135986),(-0.9228733030321,
0.385103708824764,0.),(0.,0.,1.),(0.,0.,1.),(0.922872967503933,0.385104512892908,
0.),(0.,0.,1.),(0.867668788210983,0.497142709857526,0.),(0.,0.,1.),(0.793118021460162,
0.609067979814337,0.),(-0.897602759812585,-0.440805269452191,0.),(-0.694865760789169,
-0.395884639742036,-0.600363995005703),(-0.898062183817299,-0.43986851898868,
0.),(-0.737730139855583,-0.308633631715957,-0.600416124135987),(-0.922873303032099,
-0.385103708824767,0.),(0.,0.,1.),(-0.738771882577212,0.306127105494929,
-0.600418438086822),(0.,0.,-1.),(0.,0.,-1.),(-0.738771882577221,-0.306127105494932,
-0.600418438086809),(-0.924784178094054,0.380492081319521,0.),(-0.758398307646636,
0.255698581743305,-0.599541693506949),(-0.92478417809403,-0.380492081319581,
0.),(-0.758398307646619,-0.25569858174335,-0.599541693506952),(-0.965526012580384,
0.260306586606301,0.),(0.,0.,1.),(-0.944996369455389,0.327080818324915,
0.),(-0.771276161367595,0.211384501209407,-0.600374612683213),(-0.965526012580375,
-0.260306586606337,0.),(0.,0.,1.),(-0.944996369462626,-0.327080818304004,
0.),(-0.771276161369607,-0.211384501202017,-0.600374612683231),(-0.966697381071967,
0.255922201906361,0.),(-0.78451127385814,0.158118769967582,-0.599616974220557),
(-0.772224424056595,0.207877521606042,-0.600380191962884),(0.,0.,-1.),(-0.966697381075711,
-0.25592220189222,0.),(-0.784511273859904,-0.158118769959778,-0.599616974220308),
(-0.772224424056596,-0.207877521606056,-0.600380191962878),(0.,0.,-1.),
(-0.990954969139602,0.134194817849016,0.),(-0.784413006664152,0.158565310141394,
-0.599627615604776),(-0.79282370731715,0.103878197634396,-0.600533004232173),
(0.,0.,-1.),(-0.991465612423467,0.130368475413959,0.),(0.,0.,1.),(0.,0.,
1.),(0.991465858144303,0.13036660666818,0.),(0.,0.,1.),(0.965525768878781,
0.260307490539629,0.),(-0.990954969140179,-0.134194817844759,0.),(-0.784413006665875,
-0.158565310131618,-0.599627615605106),(-0.79282368572563,-0.103878439666385,
-0.600532990871363),(0.,0.,-1.),(-0.991465547531535,-0.130368968922794,
0.),(0.,0.,1.),(0.,0.,1.),(0.991465793260113,-0.130367100125343,0.),(0.,
0.,1.),(0.965525768878771,-0.260307490539665,0.),(0.,0.,1.),(0.922872967503965,
-0.385104512892831,0.),(0.,0.,1.),(0.867668788211026,-0.497142709857451,
0.),(-0.997641876850057,0.0686344341791801,0.),(-0.793302708453496,0.100182063369432,
-0.600528406438355),(-0.999999999999875,0.,0.),(0.,0.,1.),(-0.997641844257309,
-0.0686349079322969,0.),(-0.79330265848402,-0.100182453205723,-0.600528407414561),
(-0.999999999999877,0.,0.),(-0.799759879792253,0.,-0.600320026881129),(-0.799760584155113,
0.,-0.60031908851195),(0.,0.,-1.),(0.,0.,1.),(0.999999999999869,0.,0.),
(-0.024635090583236,0.,0.999696510102919),(0.,-1.,0.),(0.,-0.99921604143892,
-0.0395891718925133),(0.0289514643370559,0.0136348403956979,0.999487820756273),
(0.0264204191636065,0.0358767811185147,0.999006915905888),(0.,0.,-1.),(0.772224212317371,
-0.207877033403012,-0.600380633343863),(0.,0.,-1.),(0.738771546176428,-0.306127329980966,
-0.600418737548067),(0.,0.,-1.),(0.692875380282864,-0.399348113881714,-0.600370545027813),
(0.,0.,-1.),(0.77222421231737,0.207877033402997,-0.60038063334387),(0.,
0.,-1.),(0.738771546176419,0.306127329980963,-0.60041873754808),(0.,0.,
-1.),(0.69287459485319,0.399349842303894,-0.600370301779563),(0.,0.,-1.),
(0.799760032762471,0.,-0.600319823090757),(0.,0.,-1.),(0.792823458687035,
0.103878041361267,-0.600533359505094),(0.,0.,-1.),(0.792823437094246,-0.103878283402786,
-0.600533346144373),(-0.0887405520383859,0.,0.996054774811066),(0.,-1.,
0.),(-0.0887405520383859,0.,0.996054774811066),(0.,1.,0.),(-0.182158419841637,
0.,0.983269195124508),(0.,-1.,0.),(-0.182158419841637,0.,0.983269195124508),
(0.,1.,0.),(-0.280990527765167,0.,0.959710541416657),(0.,-1.,0.),(-0.280990527765167,
0.,0.959710541416657),(0.,1.,0.),(-0.383840907609195,0.,0.923399240656905),
(0.,-1.,0.),(-0.383840907609195,0.,0.923399240656905),(0.,1.,0.),(-0.497372565317119,
0.,0.86753704893213),(0.,-1.,0.),(-0.497372565317119,0.,0.86753704893213),
(0.,1.,0.),(-0.620084279749167,0.,0.78453520380411),(0.,-1.,0.),(-0.620084279749167,
0.,0.78453520380411),(0.,1.,0.),(-0.74851334552141,0.,0.663119726426794),
(0.,-1.,0.),(-0.74851334552141,0.,0.663119726426794),(0.,1.,0.),(-0.872291699813097,
0.,0.488985879588745),(0.,-1.,0.),(0.,-1.,0.),(0.872291667565178,0.,0.488985937115128),
(-0.872291699813097,0.,0.488985879588745),(0.,1.,0.),(0.,1.,0.),(0.872291667565178,
0.,0.488985937115128),(-0.964882107388269,0.,0.262683305221273),(0.,-1.,
0.),(0.,-1.,0.),(0.964882321050073,0.,0.262682520402526),(-0.964882107388269,
0.,0.262683305221273),(0.,1.,0.),(0.,1.,0.),(0.964882321050073,0.,0.262682520402526),
(-0.997644811617116,0.,0.0685917622856372),(0.,-1.,0.),(-0.997644811617116,
0.,0.0685917622856372),(0.,1.,0.),(-1.,0.,0.),(0.,-1.,0.),(0.,0.,1.),(0.,
-1.,0.),(0.,0.,1.),(1.,0.,0.),(0.,-1.,0.),(0.997644890796942,0.,0.0685906106311786),
(-1.,0.,0.),(0.,0.,1.),(0.,1.,0.),(0.,0.,1.),(0.,1.,0.),(1.,0.,0.),(0.,
1.,0.),(0.997644890796942,0.,0.0685906106311786),(0.747335773883571,0.,
0.664446567508513),(0.,-1.,0.),(0.747335773883571,0.,0.664446567508513),
(0.,1.,0.),(0.619731802880356,0.,0.784813667375042),(0.,-1.,0.),(0.619731802880356,
0.,0.784813667375042),(0.,1.,0.),(0.,-1.,0.),(-0.101105884555978,0.,0.994875670678579),
(-0.0317805567597112,0.0708114063279381,0.996983320294729),(-0.0289514252548098,
0.013634837549754,0.999487821927164),(-0.0264204413305472,0.0358768317917496,
0.999006913499844),(0.498521704954042,0.,0.866877217193828),(0.,-1.,0.),
(0.498521704954042,0.,0.866877217193828),(0.,1.,0.),(0.383840945024479,
0.,0.923399225104026),(0.,-1.,0.),(0.383840945024479,0.,0.923399225104026),
(0.,1.,0.),(0.,-1.,0.),(-0.204929301138427,0.,0.978776778195578),(-0.0828232485458582,
0.120712964751563,0.989226308607489),(-0.0811294836040435,0.0635662197316685,
0.994674490775332),(-0.0797964927241377,0.0886831530239471,0.992858407890399),
(0.280990618586623,0.,0.959710514825334),(0.,-1.,0.),(0.280990618586623,
0.,0.959710514825334),(0.,1.,0.),(0.182158495070278,0.,0.983269181187803),
(0.,-1.,0.),(0.182158495070278,0.,0.983269181187803),(0.,1.,0.),(-0.256597419972058,
0.,0.966518372336337),(0.,0.294457410015027,0.955664603136081),(-0.285445808535301,
0.,0.958394850982405),(0.,0.333144937385992,0.942875628433615),(-0.135666146746114,
0.115083804951338,0.984047973660321),(-0.312203416989297,0.,0.950015276940433),
(0.,-1.,0.),(0.,-1.,0.),(0.0887405506564343,0.,0.996054774934186),(0.0887405506564343,
0.,0.996054774934186),(0.,1.,0.),(0.,0.333144937385992,0.942875628433615),
(0.285443790940738,0.,0.958395451895083),(0.,0.294457328402084,0.955664628282489),
(0.256596781141723,0.,0.966518541936828),(0.135665978733725,0.115083884410861,
0.984047987530653),(-0.366759339231207,0.,0.930315853399633),(0.,0.351983493525487,
0.936006207396935),(-0.366758523336075,0.,0.930316175050364),(0.,0.42184083479914,
0.906669901395191),(-0.399211208435643,0.,0.916858991917161),(0.,0.472417350897571,
0.881374975008309),(-0.424639404447933,0.,0.905362566152425),(0.,-1.,0.),
(0.,0.439880999933589,0.898056070575451),(0.,0.351983494949218,0.936006206861543),
(0.366759563090601,0.,0.930315765147292),(0.022455066672626,0.,0.99974785320136),
(0.,-1.,0.),(0.022455066672626,0.,0.99974785320136),(0.,1.,0.),(-0.480833259957609,
0.,0.876812052904462),(0.,0.491188202355075,0.871053471301953),(-0.480832485251424,
0.,0.876812477743639),(0.,0.564924599578189,0.825142531197745),(-0.519408683326866,
0.,0.854525961972272),(0.,0.63059356433127,0.776113236985419),(-0.543193564104951,
0.,0.839607498724827),(0.,-1.,0.),(0.,-1.,0.),(-0.0223713950018083,0.,0.999749729025056),
(-0.0223713950018083,0.,0.999749729025056),(0.,1.,0.),(0.,0.564924666478319,
0.825142485395317),(0.480833037552962,0.,0.876812174868474),(0.,0.491188403479623,
0.871053357887529),(0.480833070279869,0.,0.876812156921443),(-0.602689948551236,
0.,0.797975454456657),(0.,0.653942574335312,0.756544188710551),(-0.602690097136177,
0.,0.797975342234323),(0.,0.738541984663458,0.674207488010439),(-0.646930190104274,
0.,0.76254923062819),(0.,0.803389125401448,0.595454375402886),(-0.665065377476075,
0.,0.746785138900478),(0.,-1.,0.),(0.,0.653942556797528,0.756544203869881),
(0.602689371963468,0.,0.797975889937961),(0.,0.63059356433127,0.776113236985419),
(0.519409884661129,0.,0.854525231761017),(0.,0.738541917852819,0.674207561196312),
(0.602689334712102,0.,0.797975918072897),(0.,0.849761232054736,0.527167761245713),
(-0.723111259644917,0.,0.690731573170606),(0.,0.830030820906662,0.557717523792298),
(-0.723110083579818,0.,0.690732804364458),(0.,0.910972404132985,0.412467306471882),
(-0.776331857463017,0.,0.630324398296641),(0.,0.956934422609404,0.290304169493319),
(-0.785226935660125,0.,0.619208090639819),(0.,-1.,0.),(0.,0.956934422609404,
0.290304169493319),(0.776331542853416,0.,0.630324785781767),(0.,0.910972387071132,
0.412467344154568),(0.723109806120818,0.,0.690733094828889),(-0.840296828944631,
0.,0.542126589705391),(0.,0.973150452835603,0.230169928847928),(-0.840296686073461,
0.,0.542126811155803),(0.,0.997688717383991,0.0679501523522033),(-0.894183918577415,
0.,0.447699809869894),(0.,-1.,0.),(0.,0.973150457399734,0.230169909550944),
(0.840296943278164,0.,0.542126412488244),(-0.894183790011517,0.,0.447700066652484),
(0.,1.,0.),(0.,0.997688718498588,0.0679501359869526),(0.840296958109389,
0.,0.542126389499817),(-0.971551501497615,0.,0.236828376546665),(0.,-1.,
0.),(0.,-1.,0.),(0.971551474408654,0.,0.236828487674878),(0.,-1.,0.),(0.894183976391099,
0.,0.447699694399495),(0.,-1.,0.),(0.785227145115442,0.,0.619207825026341),
(-0.971551501497615,0.,0.236828376546665),(0.,1.,0.),(0.,1.,0.),(0.971551474408654,
0.,0.236828487674878),(0.,1.,0.),(0.894183859586252,0.,0.447699927692013),
(-0.998116111241783,0.,0.0613533086278151),(0.,-1.,0.),(-0.998116111241783,
0.,0.0613533086278151),(0.,1.,0.),(0.,1.,0.),(0.998116111241783,0.,0.061353308627815),
(-1.,0.,0.),(0.,-1.,0.),(0.,0.,1.),(0.,0.,1.),(-1.,0.,0.),(0.,1.,0.),(0.,
-1.,0.),(0.998116111241783,0.,0.061353308627815),(0.,0.,1.),(1.,0.,0.),
(0.,1.,0.),(0.,-1.,0.),(1.,0.,0.),(0.,0.,1.),(0.799760093869788,0.,-0.600319741682103),
(0.999999999999877,0.,0.),(0.784467910196381,0.158310902157753,-0.599623011674937),
(0.966641940566783,0.256131526246348,0.),(0.793333668051818,0.0999414205575409,
-0.600527604355028),(0.997664846218577,0.0682997409926428,0.),(0.784458185655975,
0.158310384194571,-0.599635870519354),(0.990994641640689,0.133901531878622,
0.),(0.78446791019815,-0.15831090214993,-0.599623011674688),(0.966641940570534,
-0.256131526232192,0.),(0.793333618163164,-0.0999418103628933,-0.600527605388404),
(0.997664813786417,-0.0683002147325602,0.),(0.784458185657691,-0.158310384184824,
-0.599635870519682),(0.99099464164126,-0.133901531874397,0.),(0.771229503381624,
0.211555444564646,-0.60037433904922),(0.944918483020924,0.327305759872053,
0.),(0.771229503383641,-0.211555444557243,-0.600374339049239),(0.944918483026433,
-0.32730575985615,0.),(0.694782858281699,0.396029030682201,-0.600364711400352),
(0.897494417790512,0.441025815610457,0.),(0.758040303063088,0.256679185472182,
-0.599575428680462),(0.924358906273555,0.381524065286506,0.),(0.737362045913995,
0.309514997958173,-0.600414589500022),(0.897513511877565,0.440986956720037,
0.),(0.694782858282511,-0.396029030680783,-0.600364711400349),(0.897494417791323,
-0.441025815608806,0.),(0.75804030306307,-0.256679185472228,-0.599575428680464),
(0.92435890627353,-0.381524065286566,0.),(0.737362045914022,-0.309514997958106,
-0.600414589500023),(0.897513511877599,-0.440986956719967,0.),(0.633982079129518,
0.487309543962866,-0.600496570935519),(0.,0.,-1.),(0.666913552838028,0.442410350475192,
-0.599582683900542),(0.796283262473548,0.604923933982184,0.),(0.666570142310275,
0.442891467207528,-0.599609367551261),(0.865854271513123,0.500296292713107,
0.),(0.633981254087437,-0.487309516182328,-0.600497464527425),(0.,0.,-1.),
(0.666913494069839,-0.442409807900009,-0.599583149614327),(0.796283262429172,
-0.604923934040599,0.),(0.666570142311217,-0.442891467206057,-0.5996093675513),
(0.865854271513924,-0.500296292711721,0.),(0.631745141953339,0.490211739658773,
-0.600491903291855),(0.748492011772426,0.663143806661005,0.),(0.565530839075389,
0.565529591461957,-0.600292554706085),(0.,0.,-1.),(0.,0.,-1.),(0.56552913381253,
-0.565531097878992,-0.600292742035943),(0.631747345210851,-0.490209161689877,
-0.60049168987951),(0.74849504153236,-0.663140386947932,0.),(0.487308658798645,
0.633982442415621,-0.600496905711086),(0.,0.,-1.),(0.488849035328181,0.632796884025671,
-0.600495399004946),(0.661667705563744,0.749797204191805,0.),(0.565530736409109,
0.565528753479138,-0.600293440881127),(0.707107834302199,0.707105728069123,
0.),(0.487311805844488,-0.633980604050776,-0.600496292721276),(0.,0.,-1.),
(0.491189241758988,-0.630989474512736,-0.60048764503058),(0.664446024445101,
-0.747336256713864,0.),(0.565530885134375,-0.565529706071621,-0.600292403341635),
(0.70710764162793,-0.707105920744117,0.),(0.440841885694809,0.668009333360449,
-0.599518108450757),(0.603504978019143,0.797359229899619,0.),(0.399350083261266,
0.692874658463289,-0.600370068090174),(0.,0.,-1.),(0.,0.,-1.),(0.399349031333568,
-0.692874958386133,-0.600370421668452),(0.443516484053681,-0.66613812496281,
-0.599627490066702),(0.606153340269834,-0.795347803215501,0.),(0.793120964084055,
-0.609064147960113,0.),(0.,0.,1.),(0.,0.,1.),(0.707105927105087,0.707107635266977,
0.),(0.70710934339695,-0.70710421896686,0.),(0.,0.,1.),(0.66506510138403,
0.,0.746785384780025),(0.,-1.,0.),(0.443555307498563,0.666150527560072,
-0.599584992992063),(0.501057454554655,0.865414020706396,0.),(0.396650589135686,
0.694426812815123,-0.600366314662759),(0.44190389780464,0.897062397553811,
0.),(0.306127536794176,0.73877158831515,-0.600418580254343),(0.,0.,-1.),
(0.443551009457904,-0.666152162404384,-0.599586356193032),(0.501051872557227,
-0.865417252547519,0.),(0.306124589992542,-0.73877248824769,-0.60041897539153),
(0.,0.,-1.),(0.396650015323558,-0.694426562652564,-0.600366983124794),(0.441903897852851,
-0.897062397530062,0.),(0.609067431370407,0.793118442632533,0.),(0.,0.,
1.),(0.,0.,1.),(0.6090626009654,-0.793122152070702,0.),(0.723112745154196,
0.,0.690730018021195),(0.,0.830030848673663,0.557717482467672),(0.497144482635243,
0.867667772471309,0.),(0.,0.,1.),(0.,0.,1.),(0.497139197250674,-0.867670800797712,
0.),(0.646930287202789,0.,0.762549148251903),(0.,0.803389505285645,0.595453862861669),
(0.310391679321552,0.736995122755712,-0.60041252022442),(0.442100045150706,
0.896965746323505,0.),(0.207877510581717,0.772223932319514,-0.600380828264307),
(0.,0.,-1.),(0.211527711071595,0.771237056840803,-0.600374407852589),(0.327390820709863,
0.944889014919168,0.),(0.257657990526799,0.757682028143462,-0.599608459034813),
(0.382552717371304,0.923933665601499,0.),(0.310391679238452,-0.736995122790528,
-0.600412520224644),(0.442100045045336,-0.89696574637544,0.),(0.207877510581812,
-0.77222393231949,-0.600380828264304),(0.,0.,-1.),(0.211527711071736,-0.77123705684076,
-0.600374407852595),(0.327390820710019,-0.944889014919114,0.),(0.257657990434198,
-0.757682028177398,-0.599608459031721),(0.382552717274094,-0.923933665641749,
0.),(0.543193303393258,0.,0.839607667395147),(0.,-1.,0.),(0.385104282262293,
0.922873063743451,0.),(0.,0.,1.),(0.,0.,1.),(0.385104282262456,-0.922873063743383,
0.),(0.158272676614407,0.784476046239423,-0.599622458480228),(0.256200973973272,
0.966623536303119,0.),(0.103878526998079,0.792823176680973,-0.600533647805183),
(0.,0.,-1.),(0.158277394311739,-0.784475665620445,-0.599621711164003),(0.256208307938472,
-0.96662159242555,0.),(0.105843613292287,-0.792563731949629,-0.600532980212835),
(0.,0.,-1.),(0.260303847163771,0.965526751132117,0.),(0.,0.,1.),(0.,0.,
1.),(0.260310776531907,-0.965524882963332,0.),(0.424639648998985,0.,0.905362451451361),
(0.,-1.,0.),(0.135375137071079,0.990794414731425,0.),(0.159589203066149,
0.784231551516585,-0.599593328740907),(0.130368824114884,0.991465566572413,
0.),(0.,0.,1.),(0.133021456570801,-0.991113158066112,0.),(0.157544875984447,
-0.784592976197553,-0.599661132434404),(0.130368306365052,-0.99146563465175,
0.),(0.,0.,1.),(0.10113216985448,0.793180553458034,-0.600530510329434),
(0.0699591520179153,0.99754985692392,0.),(0.,0.799760042129829,-0.600319810611389),
(0.,1.,0.),(0.,0.799760032762477,-0.600319823090793),(0.,0.,-1.),(0.101295736780246,
-0.793159449045748,-0.600530816944137),(0.0672999218245526,-0.997732790140932,
0.),(0.,-0.79956811606593,-0.60057541389136),(0.,-1.,0.),(0.,-0.799567895532394,
-0.600575707495648),(0.,0.,-1.),(0.399211728401972,0.,0.916858765517519),
(0.,0.472417329336698,0.881374986564959),(0.,0.999999999999744,0.),(0.,
0.,1.),(0.00322725934663264,0.00396841237422569,0.999986918164602),(0.,
-0.999999999999806,0.),(0.,0.,1.),(0.312203442489476,0.,0.950015268560311),
(0.,-1.,0.),(0.366758765978031,0.,0.930316079393596),(0.,0.421840857060806,
0.906669891037639),(-0.103878720627604,0.792823142978435,-0.600533658805706),
(0.,0.,-1.),(0.0121591813259982,-0.0121591661886623,-0.999852143562776),
(-0.0699591520189498,0.997549856923848,0.),(-0.101132169856489,0.793180553457774,
-0.60053051032944),(-0.130369171549161,0.991465520887862,0.),(0.,0.,1.),
(-0.0672999218255126,-0.997732790140867,0.),(-0.101295736782203,-0.793159449045496,
-0.60053081694414),(-0.105843806873125,-0.792563697948564,-0.600532990967775),
(0.,0.,-1.),(-0.130368653823912,-0.991465588964151,0.),(0.,0.,1.),(0.,0.,
1.),(0.60906810647405,0.793117924192938,0.),(0.,0.,-1.),(0.487306933427637,
0.63398397005247,-0.600496693038239),(-0.135375506036382,0.990794364318547,
0.),(-0.159589476129048,0.78423150315292,-0.599593319318493),(-0.133021825719684,
-0.991113108521022,0.),(-0.157545149149021,-0.784592928284111,-0.599661123357331),
(-0.260304185508432,0.965526659915091,0.),(0.,0.,1.),(-0.158272936957704,
0.784475999121127,-0.599622451405626),(-0.256201332775183,0.966623441203564,
0.),(-0.26031111489983,-0.96552479173743,0.),(0.,0.,1.),(-0.158277654671095,
-0.78447561849837,-0.599621704088017),(-0.256208666764115,-0.966621497316791,
0.),(-0.207877691626888,0.772223883583976,-0.600380828263494),(0.,0.,-1.),
(0.,0.,-1.),(-0.207877691626984,-0.772223883583952,-0.600380828263491),
(-0.327390820710433,0.94488901491897,0.),(-0.21152771107186,0.771237056840731,
-0.600374407852589),(-0.382552717365862,0.923933665603752,0.),(-0.257657990523147,
0.757682028144805,-0.599608459034685),(-0.385104282262286,0.922873063743454,
0.),(0.,0.,1.),(-0.00322726348096449,0.00396842711474699,0.999986918092762),
(-0.327390820710589,-0.944889014918916,0.),(-0.211527711072001,-0.771237056840688,
-0.600374407852595),(-0.382552717268652,-0.923933665644002,0.),(-0.257657990430544,
-0.757682028178735,-0.599608459031602),(-0.385104282262449,-0.922873063743386,
0.),(0.,0.,1.),(0.,0.,1.),(0.497143246797954,0.867668480563387,0.),(-0.306127172627543,
0.738771699529509,-0.600418629085863),(0.,0.,-1.),(0.,0.,-1.),(-0.306124225829571,
-0.738772599459957,-0.600419024221771),(0.204929215823804,0.,0.978776796058141),
(0.,-1.,0.),(-0.442100045144704,0.896965746326464,0.),(-0.310391679318179,
0.73699512275713,-0.600412520224424),(-0.497144482635246,0.867667772471308,
0.),(0.,0.,1.),(-0.442100045039334,-0.896965746378399,0.),(-0.310391679235077,
-0.736995122791939,-0.600412520224657),(-0.497139197250677,-0.86767080079771,
0.),(0.,0.,1.),(0.,0.,1.),(0.385098824730765,0.922875341089447,0.),(-0.441903897802268,
0.89706239755498,0.),(-0.396650494733314,0.694426774189796,-0.600366421709418),
(-0.441903897850478,-0.897062397531231,0.),(-0.396649920921342,-0.694426524027308,
-0.600367090171042),(0.,0.,-1.),(0.399351068249367,0.692874785402677,-0.600369266403007),
(-0.501057454552579,0.865414020707598,0.),(-0.443555247776903,0.666150384829273,
-0.599585195749012),(-0.399349879857746,0.692874643447186,-0.600370220718465),
(0.,0.,-1.),(-0.50105187255515,-0.865417252548721,0.),(-0.443550949738998,
-0.66615201967354,-0.599586558947493),(-0.399348827939111,-0.692874943365266,
-0.600370574295774),(0.,0.,-1.),(-0.609067431370425,0.793118442632519,0.),
(0.,0.,1.),(-0.603504978020199,0.79735922989882,0.),(-0.440841845408695,
0.668009230979371,-0.59951825215168),(-0.609062600965418,-0.793122152070688,
0.),(0.,0.,1.),(-0.606153340270889,-0.795347803214696,0.),(-0.443516442753854,
-0.666138022671347,-0.599627634251854),(0.,0.,1.),(0.260311349847297,0.965524728394191,
0.),(0.,0.,-1.),(0.306130685269342,0.738770968065663,-0.600417738145573),
(0.,-1.,0.),(0.101105900545529,0.,0.994875669053615),(0.082823058841914,
0.120712968056191,0.98922632408723),(-0.661667705564869,0.749797204190812,
0.),(-0.488849033534082,0.632796832301706,-0.600495454971743),(-0.487309069940446,
0.633982020647313,-0.600497017352899),(0.,0.,-1.),(-0.707107834302197,0.707105728069125,
0.),(-0.565530736409106,0.565528753479139,-0.600293440881129),(-0.707105927105086,
0.707107635266978,0.),(0.,0.,1.),(-0.664446024446224,-0.747336256712865,
0.),(-0.491189239875117,-0.630989422307818,-0.600487701428223),(-0.487312216986268,
-0.633980182279543,-0.600496404362863),(0.,0.,-1.),(-0.707107641627928,
-0.707105920744119,0.),(-0.565530885134372,-0.565529706071622,-0.600292403341637),
(-0.707109343396949,-0.707104218966862,0.),(0.,0.,1.),(0.,0.,1.),(0.130368633665813,
0.991465591614738,0.),(-0.565531020451161,0.56552937130326,-0.600292591242644),
(0.,0.,-1.),(0.,0.,-1.),(-0.565529315188704,-0.565530877720697,-0.600292778572801),
(-0.793118021460163,0.609067979814336,0.),(0.,0.,1.),(-0.748492011772418,
0.663143806661013,0.),(-0.631745141953332,0.49021173965878,-0.600491903291857),
(-0.793120964084056,-0.609064147960112,0.),(0.,0.,1.),(-0.748495041532352,
-0.663140386947941,0.),(-0.631747345210844,-0.490209161689884,-0.600491689879512),
(0.,0.,1.),(0.,0.99999999999971,0.),(0.,0.,-1.),(0.207877016793628,0.772223505767706,
-0.600381547875029),(-0.796283262473557,0.604923933982173,0.),(-0.666913552838034,
0.442410350475183,-0.599582683900542),(-0.633982079129523,0.487309543962859,
-0.60049657093552),(0.,0.,-1.),(-0.796283262429181,-0.604923934040587,0.),
(-0.666913494069844,-0.442409807900001,-0.599583149614327),(-0.633981254087442,
-0.487309516182321,-0.600497464527425),(0.,0.,-1.),(-0.865744461955258,
0.500486290115724,0.),(-0.666473277871308,0.443044758001017,-0.5996037960948),
(-0.692874616858953,0.399349927883853,-0.600370219457728),(0.,0.,-1.),(-0.867668788128935,
0.497142710000725,0.),(0.,0.,1.),(-0.86574446195606,-0.500486290114337,
0.),(-0.666473277872251,-0.443044757999545,-0.59960379609484),(-0.692875402288704,
-0.399348199461641,-0.600370462706163),(0.,0.,-1.),(-0.867668788128978,
-0.497142710000649,0.),(0.,0.,1.),(0.,0.,1.),(-0.130368880366635,0.991465559175811,
0.),(-0.897386073921572,0.441246228688275,0.),(-0.69470019590649,0.39617343871856,
-0.600365092474068),(-0.897513832661338,0.440986303848039,0.),(-0.737362322063159,
0.309514336960551,-0.600414591109757),(-0.922872637020353,0.385105304870108,
0.),(0.,0.,1.),(-0.897386073922384,-0.441246228686623,0.),(-0.694700195907302,
-0.396173438717141,-0.600365092474065),(-0.897513832661372,-0.440986303847969,
0.),(-0.737362322063186,-0.309514336960484,-0.600414591109758),(-0.922872637020385,
-0.385105304870032,0.),(0.,0.,1.),(-0.73877143021637,0.306127652487545,
-0.600418715796338),(0.,0.,-1.),(0.,0.,-1.),(-0.73877143021638,-0.306127652487548,
-0.600418715796325),(0.0148465991192439,0.,-0.999889783173422),(0.,0.,-1.),
(0.103878463893229,0.792822633929635,-0.600534375259284),(0.,0.,-1.),(0.,
0.799758929977436,-0.600321292243856),(0.,0.,-1.),(-0.103878584927715,0.792822623131331,
-0.600534368578994),(0.,0.,-1.),(-0.207877016793634,0.772223505767702,-0.600381547875031),
(0.,0.,-1.),(-0.306130685269351,0.73877096806566,-0.600417738145572),(-0.924358884383554,
0.381524118321752,0.),(-0.758040303063409,0.256679185471301,-0.599575428680432),
(-0.924358884383529,-0.381524118321812,0.),(-0.758040303063392,-0.256679185471347,
-0.599575428680435),(-0.965525545446642,0.260308319286889,0.),(0.,0.,1.),
(-0.944840036229487,0.327532144892469,0.),(-0.771182570279662,0.211727626154991,
-0.600373929830091),(-0.00879360870533777,0.00879355434588103,0.999922669933982),
(-0.965525545446632,-0.260308319286925,0.),(0.,0.,1.),(-0.944840036235006,
-0.327532144876548,0.),(-0.77118257028168,-0.211727626147575,-0.600373929830113),
(0.,-1.,0.),(0.0246351066494654,0.,0.999696509707006),(0.031780459227822,
0.07081143681433,0.996983321238404),(0.0797964718924257,0.0886830909674144,
0.992858415107606),(0.0811294862264821,0.063566224056719,0.994674490285037),
(-0.966586956928345,0.256338944945946,0.),(-0.784424730129198,0.158502045908201,
-0.599629005473093),(-0.772224015197935,0.207877514823381,-0.600380720195472),
(0.,0.,-1.),(-0.966586956932104,-0.256338944931775,0.),(-0.78442473013097,
-0.158502045900358,-0.599629005472848),(-0.772224015197937,-0.207877514823395,
-0.600380720195466),(0.,0.,-1.),(-0.991034484990046,0.133606323055886,0.),
(-0.784503295488925,0.158053984266128,-0.59964449253255),(-0.792564147346238,
0.105842285054905,-0.60053266608544),(0.,0.,-1.),(-0.991465865551228,0.130366550336854,
0.),(0.,0.,1.),(-0.991034484990612,-0.133606323051693,0.),(-0.784503295490632,
-0.158053984256409,-0.599644492532878),(-0.792564123504396,-0.105842547552597,
-0.600532651286576),(0.,0.,-1.),(-0.991465800667064,-0.130367043794024,
0.),(0.,0.,1.),(-0.997687550410383,0.067967284454583,0.),(-0.793097846744894,
0.101772208473596,-0.600531617045281),(-0.999999999999834,0.,0.),(0.,0.,
1.),(-0.997687518208258,-0.0679677571459241,0.),(-0.793097792363839,-0.101772628456547,
-0.600531617689402),(-0.999999999999876,0.,0.),(-0.799568030739478,0.,-0.600575527489467),
(-0.799568170845476,0.,-0.600575340961279),(0.,0.,-1.),(0.,-1.,0.),(-0.0246351066834547,
0.,0.999696509706168),(0.0289514643370559,0.0136348403956979,0.999487820756273),
(0.0264204191636065,0.0358767811185147,0.999006915905888),(-0.088907684621202,
0.,0.996039870494799),(0.,-1.,0.),(-0.0267923622824152,-0.998113566687918,
0.0552401784650472),(-0.088907684621202,0.,0.996039870494799),(0.,1.,0.),
(0.0246910039946198,0.998912643907471,-0.0395459753138483),(-0.182405718375543,
0.,0.983223348941583),(0.,-1.,0.),(-0.182405718375543,0.,0.983223348941583),
(0.,1.,0.),(-0.280990527765167,0.,0.959710541416657),(0.,-1.,0.),(-0.280990527765167,
0.,0.959710541416657),(0.,1.,0.),(-0.382955337729021,0.,0.92376685873918),
(0.,-1.,0.),(-0.382955337729021,0.,0.92376685873918),(0.,1.,0.),(-0.497690415593613,
0.,0.867354743012486),(0.,-1.,0.),(-0.497690415593613,0.,0.867354743012486),
(0.,1.,0.),(-0.621122784437159,0.,0.783713268136396),(0.,-1.,0.),(-0.621122784437159,
0.,0.783713268136396),(0.,1.,0.),(-0.748513511968929,0.,0.663119538544854),
(0.,-1.,0.),(-0.748513511968929,0.,0.663119538544854),(0.,1.,0.),(-0.870892082799526,
0.,0.491474292427492),(0.,-1.,0.),(-0.870892082799526,0.,0.491474292427492),
(0.,1.,0.),(-0.964128326746341,0.,0.2654365641077),(0.,-1.,0.),(-0.964128326746341,
0.,0.2654365641077),(0.,1.,0.),(-0.997644917189935,0.,0.0685902267461507),
(0.,-1.,0.),(-0.997644917189935,0.,0.0685902267461507),(0.,1.,0.),(-1.,
0.,0.),(0.,-1.,0.),(0.,0.,1.),(0.,0.,1.),(-0.0268585165621847,-0.999639244971944,
0.),(-1.,0.,0.),(0.,0.,1.),(0.,1.,0.),(0.0247256607964552,0.999694274114931,
0.),(0.,0.,1.),(0.799760584155135,0.,-0.600319088511966),(0.,0.,-1.),(0.799759894165483,
0.,-0.600320007732888),(1.,0.,0.),(0.792823572506602,0.10387897215172,-0.600533048235125),
(0.,0.,-1.),(0.,0.,-1.),(0.792823572506602,-0.103878972151723,-0.600533048235125),
(0.772224229114226,0.207878245784532,-0.600380191960466),(0.,0.,-1.),(0.784511085496438,
0.158119811491502,-0.599616946013947),(0.966697001131483,0.25592363705488,
0.),(0.793302708453549,0.100182063369022,-0.600528406438353),(0.997641876850177,
0.0686344341774341,0.),(0.784412814117773,0.158566402559164,-0.59962757860799),
(0.9909547692335,0.134196294037428,0.),(0.772224229114227,-0.20787824578453,
-0.600380191960465),(0.,0.,-1.),(0.784511085496685,-0.158119811490412,-0.59961694601391),
(0.966697001132008,-0.255923637052897,0.),(0.793302708454907,-0.10018206335843,
-0.600528406438326),(0.997641876850543,-0.0686344341721096,0.),(0.784412814119901,
-0.158566402547132,-0.599627578608389),(0.99095476923421,-0.134196294032187,
0.),(0.771276161369454,0.211384501202547,-0.60037461268324),(0.944996369462234,
0.327080818305137,0.),(0.738772203891975,0.306126968681289,-0.600418112487122),
(0.,0.,-1.),(0.,0.,-1.),(0.738772203891974,-0.306126968681292,-0.600418112487122),
(0.771276161369742,-0.211384501201484,-0.600374612683244),(0.944996369463023,
-0.327080818302859,0.),(0.694433055945044,0.396641032012058,-0.60036540751049),
(0.897174048417054,0.441677174921817,0.),(0.69287618789623,0.399347761645813,
-0.600369847273218),(0.,0.,-1.),(0.758873163380471,0.25439396986029,-0.599495813162727),
(0.925590349937723,0.378526754803568,0.),(0.738237543757432,0.307415775974258,
-0.600417246312211),(0.899120690557038,0.437700792565185,0.),(0.694433055946629,
-0.396641032009295,-0.600365407510482),(0.897174048418621,-0.441677174918633,
0.),(0.692876187896232,-0.399347761645812,-0.600369847273217),(0.,0.,-1.),
(0.758873163378771,-0.254393969864982,-0.599495813162888),(0.925590349934824,
-0.378526754810657,0.),(0.738237543755609,-0.30741577597865,-0.600417246312204),
(0.899120690553235,-0.437700792572998,0.),(0.633983380781344,0.48730766167524,
-0.600496724192286),(0.,0.,-1.),(0.667381641930342,0.441740924333109,-0.599555418442442),
(0.796787576576394,0.604259511976037,0.),(0.666151663023328,0.443553798123945,
-0.599584848058285),(0.865523560477366,0.500868212465698,0.),(0.633983380781347,
-0.487307661675234,-0.600496724192288),(0.,0.,-1.),(0.667381641925853,-0.441740924339528,
-0.599555418442709),(0.796787576570063,-0.604259511984384,0.),(0.66615166302522,
-0.443553798120961,-0.599584848058391),(0.865523560478983,-0.500868212462903,
0.),(0.632196021400969,0.489627980436195,-0.600493656335151),(0.74910575253467,
0.662450429480875,0.),(0.565527951094602,0.565532387151109,-0.600292641645647),
(0.,0.,-1.),(0.,0.,-1.),(0.5655279510946,-0.565532387151107,-0.600292641645651),
(0.632196021396506,-0.489627980441968,-0.600493656335142),(0.749105752526781,
-0.662450429489796,0.),(0.489243401943022,0.632493093171465,-0.600494280360447),
(0.662279939195163,0.749256486217882,0.),(0.565526783838262,0.565532706037344,
-0.600293440880067),(0.707103130100287,0.707110432253741,0.),(0.487306933427637,
-0.633983970052468,-0.600496693038241),(0.,0.,-1.),(0.489243401951603,-0.632493093164836,
-0.600494280360438),(0.662279939205366,-0.749256486208863,0.),(0.56552678383826,
-0.565532706037342,-0.600293440880071),(0.707103130100288,-0.70711043225374,
0.),(0.991465429683047,0.130369865166039,0.),(0.,0.,1.),(0.,0.,1.),(0.965525647703791,
0.26030793999833,0.),(0.922873380438051,0.385103523326647,0.),(0.,0.,1.),
(0.,0.,1.),(0.867670690065154,0.497139390515006,0.),(0.44128681682107,0.667699514772336,
-0.599535906575006),(0.604085387907385,0.796919597021421,0.),(0.399351068249442,
-0.692874785402633,-0.600369266403007),(0.,0.,-1.),(0.441286816830868,-0.667699514765488,
-0.599535906575421),(0.604085387917108,-0.796919597014051,0.),(0.793119544808642,
0.609065996130577,0.),(0.,0.,1.),(0.,0.,1.),(0.707102932867477,0.707110629484675,
0.),(0.44376319412382,0.666019877025472,-0.599576309528654),(0.501253440075484,
0.865300519364511,0.),(0.396834955153961,0.694321367928135,-0.600366435109722),
(0.442115981543288,0.896957891354936,0.),(0.44376319412382,-0.666019877025472,
-0.599576309528654),(0.501253440075475,-0.865300519364516,0.),(0.30613068526932,
-0.73877096806566,-0.600417738145588),(0.,0.,-1.),(0.396834955153968,-0.694321367928118,
-0.600366435109737),(0.442115981543288,-0.896957891354936,0.),(0.310385740113786,
0.736997609302592,-0.600412538356987),(0.44209383563047,0.896968806869802,
0.),(0.210151190757787,0.771610412732114,-0.600378087530234),(0.325579481073255,
0.945514675456465,0.),(0.257663373408526,0.757680055269129,-0.599608638906335),
(0.382559632800777,0.923930802252393,0.),(0.310385740113774,-0.736997609302567,
-0.600412538357025),(0.44209383563047,-0.896968806869802,0.),(0.207877016793542,
-0.772223505767731,-0.600381547875026),(0.,0.,-1.),(0.210151190762786,-0.771610412730747,
-0.600378087530241),(0.325579481079858,-0.945514675454192,0.),(0.257663373407245,
-0.757680055269585,-0.599608638906309),(0.382559632800754,-0.923930802252402,
0.),(0.385098824730765,-0.922875341089447,0.),(0.,0.,1.),(0.156743457482027,
0.784820347715512,-0.599573607114492),(0.254543406918454,0.967061349653861,
0.),(0.156743457487608,-0.784820347714261,-0.599573607114671),(0.254543406924519,
-0.967061349652264,0.),(0.105843546255551,-0.792563134790867,-0.60053378013774),
(0.,0.,-1.),(0.260311349847297,-0.965524728394191,0.),(0.,0.,1.),(0.13538268088929,
0.990793383968236,0.),(0.159594613608982,0.784231688440963,-0.599591709542448),
(0.135382680880705,-0.990793383969409,0.),(0.159594613607647,-0.784231688441196,
-0.5995917095425),(0.130368633665974,-0.991465591614717,0.),(0.,0.,1.),
(0.101125714334348,0.7931824867203,-0.600529043977532),(0.0699521388720396,
0.99755034873796,0.),(0.,0.799761293295262,-0.600318143775997),(0.,0.999999999999969,
0.),(0.103189485739661,-0.792914609512069,-0.600531724436859),(0.0699550588860366,
-0.997550143970844,0.),(0.,-0.799569367234468,-0.600573748161071),(0.,-0.999999999999969,
0.),(0.,-0.799566794280115,-0.600577173629339),(0.,0.,-1.),(0.,-0.99999999999971,
0.),(0.,0.,1.),(-0.0699523756236398,0.997550332135982,0.),(-0.101125909180986,
0.793182461594053,-0.600529044353325),(-0.0699552951275589,-0.997550127403939,
0.),(-0.103189695634744,-0.792914582090105,-0.600531724577214),(-0.105843677522918,
-0.792563122867366,-0.600533772738181),(0.,0.,-1.),(-0.13036888036679,-0.99146555917579,
0.),(0.,0.,1.),(0.0121591452242844,0.0121591309940431,-0.999852144429807),
(-0.135382680890142,0.99079338396812,0.),(-0.159594613608221,0.784231688441094,
-0.599591709542481),(-0.135382680880367,-0.990793383969455,0.),(-0.159594613600784,
-0.784231688442411,-0.599591709542737),(-0.260311349847288,0.965524728394193,
0.),(0.,0.,1.),(-0.156743457485329,0.784820347714773,-0.599573607114596),
(-0.254543406924498,0.96706134965227,0.),(-0.260311349847289,-0.965524728394193,
0.),(0.,0.,1.),(-0.15674345749091,-0.784820347713521,-0.599573607114775),
(-0.254543406930563,-0.967061349650673,0.),(-0.207877016793549,-0.772223505767727,
-0.600381547875029),(0.,0.,-1.),(-0.325579481080028,0.945514675454133,0.),
(-0.210151190760925,0.771610412731266,-0.600378087530225),(-0.382559632820702,
0.923930802244142,0.),(-0.257663373421891,0.757680055264238,-0.599608638906772),
(-0.385098824730745,0.922875341089455,0.),(0.,0.,1.),(-0.32557948108663,
-0.94551467545186,0.),(-0.210151190765924,-0.771610412729899,-0.600378087530232),
(-0.382559632820679,-0.923930802244152,0.),(-0.257663373421863,-0.757680055264225,
-0.599608638906801),(-0.385098824730745,-0.922875341089455,0.),(0.,0.,1.),
(-0.306130685269329,-0.738770968065657,-0.600417738145587),(0.,0.,-1.),
(-0.442093835652476,0.896968806858957,0.),(-0.310385740126149,0.73699760929742,
-0.600412538356945),(-0.497143246797986,0.867668480563368,0.),(0.,0.,1.),
(-0.442093835652476,-0.896968806858957,0.),(-0.310385740126138,-0.736997609297401,
-0.600412538356974),(-0.497143246797852,-0.867668480563445,0.),(0.,0.,1.),
(-0.442115981543261,0.89695789135495,0.),(-0.396834955153941,0.694321367928149,
-0.600366435109721),(-0.442115981543261,-0.89695789135495,0.),(-0.396834955153948,
-0.694321367928131,-0.600366435109736),(-0.501253440075487,0.86530051936451,
0.),(-0.443763194123822,0.666019877025477,-0.599576309528647),(-0.399350204036103,
0.692875178119445,-0.600369388028962),(0.,0.,-1.),(-0.501253440075478,-0.865300519364515,
0.),(-0.443763194123822,-0.666019877025477,-0.599576309528647),(-0.399350204036178,
-0.692875178119402,-0.600369388028962),(0.,0.,-1.),(-0.609068106089482,
0.793117924488263,0.),(0.,0.,1.),(-0.602934758851504,0.797790496664806,
0.),(-0.440404917975273,0.66831457313946,-0.599499073854676),(-0.609068106089485,
-0.793117924488261,0.),(0.,0.,1.),(-0.60293475886123,-0.797790496657456,
0.),(-0.440404917985046,-0.668314573132642,-0.599499073855097),(-0.661051309582124,
0.750340700015328,0.),(-0.488450263694698,0.633104296671662,-0.600495869621482),
(-0.487306883271738,0.633983816027865,-0.600496896353953),(0.,0.,-1.),(-0.707104613492527,
0.707108948873729,0.),(-0.565528182375605,0.565531307508508,-0.600293440882592),
(-0.707101008728009,0.707112553597963,0.),(0.,0.,1.),(-0.661051309592334,
-0.750340700006334,0.),(-0.488450263703277,-0.633104296665045,-0.60049586962148),
(-0.487306883271738,-0.633983816027863,-0.600496896353955),(0.,0.,-1.),
(-0.707104613492528,-0.707108948873728,0.),(-0.565528182375603,-0.565531307508505,
-0.600293440882596),(-0.707101008728021,-0.707112553597951,0.),(0.,0.,1.),
(-0.565528923978885,0.56553149154446,-0.600292568848543),(0.,0.,-1.),(0.,
0.,-1.),(-0.565528923978883,-0.565531491544458,-0.600292568848547),(-0.793119742169058,
0.609065739129765,0.),(0.,0.,1.),(-0.747877919044172,0.663836288708413,
0.),(-0.63129393790152,0.490795052305364,-0.600489950458262),(-0.793119742169035,
-0.609065739129795,0.),(0.,0.,1.),(-0.747877919036259,-0.663836288717327,
0.),(-0.631293937897036,-0.490795052311131,-0.600489950458263),(-0.795785015089777,
0.605579234913618,0.),(-0.666449518386795,0.44307294724155,-0.599609375230821),
(-0.633983420438644,0.487307987554572,-0.600496417869774),(0.,0.,-1.),(-0.795785015083428,
-0.605579234921962,0.),(-0.666449518382266,-0.443072947247986,-0.599609375231099),
(-0.633983420438647,-0.487307987554566,-0.600496417869775),(0.,0.,-1.),
(-0.865525176133753,0.500865420525949,0.),(-0.666152908372982,0.443551829737911,
-0.599584920592879),(-0.692876483196668,0.399347663041974,-0.600369572060353),
(0.,0.,-1.),(-0.867672204203012,0.497136747840329,0.),(0.,0.,1.),(-0.865525176135371,
-0.500865420523153,0.),(-0.666152908374875,-0.443551829734926,-0.599584920592984),
(-0.692876483196669,-0.399347663041973,-0.600369572060352),(0.,0.,-1.),
(-0.867672204203063,-0.497136747840239,0.),(0.,0.,1.),(-0.897174048417084,
0.441677174921756,0.),(-0.694433055945065,0.396641032012014,-0.600365407510495),
(-0.899120690557068,0.437700792565124,0.),(-0.738237543757459,0.307415775974146,
-0.600417246312235),(-0.92287338043805,0.385103523326651,0.),(0.,0.,1.),
(-0.897174048418651,-0.441677174918572,0.),(-0.69443305594665,-0.396641032009252,
-0.600365407510487),(-0.899120690553265,-0.437700792572937,0.),(-0.738237543755637,
-0.307415775978537,-0.600417246312227),(-0.922873380438053,-0.385103523326643,
0.),(0.,0.,1.),(-0.738771439002188,0.306128404687239,-0.600418321471191),
(0.,0.,-1.),(0.,0.,-1.),(-0.738771439002187,-0.306128404687242,-0.600418321471191),
(-0.925590349937721,0.378526754803572,0.),(-0.758873163380474,0.254393969860228,
-0.59949581316275),(-0.925590349934822,-0.378526754810662,0.),(-0.758873163378774,
-0.25439396986492,-0.59949581316291),(-0.965524713596753,0.260311404732693,
0.),(0.,0.,1.),(-0.944996369455389,0.327080818324915,0.),(-0.77127582401422,
0.21138463539635,-0.600374998821185),(-0.965524713596745,-0.260311404732724,
0.),(0.,0.,1.),(-0.944996369456177,-0.327080818322638,0.),(-0.771275824014511,
-0.211384635395288,-0.600374998821186),(-0.966696030338265,0.25592730399127,
0.),(-0.784510664405684,0.158121747823141,-0.599616986333032),(-0.772223733373251,
0.207878042062395,-0.600380900132061),(0.,0.,-1.),(-0.96669603033879,-0.255927303989287,
0.),(-0.784510664405932,-0.158121747822053,-0.599616986332994),(-0.772223733373247,
-0.207878042062411,-0.60038090013206),(0.,0.,-1.),(-0.991113466312357,0.133019159876702,
0.),(-0.784593258751049,0.157543265080296,-0.599661185962747),(-0.792564159253802,
0.105842375961948,-0.600532634348079),(0.,0.,-1.),(-0.991465463713914,0.130369606359929,
0.),(0.,0.,1.),(-0.991113466313039,-0.133019159871623,0.),(-0.784593258753137,
-0.157543265068406,-0.59966118596314),(-0.792564159253798,-0.105842375961964,
-0.600532634348081),(0.,0.,-1.),(-0.99146546371391,-0.130369606359956,0.),
(0.,0.,1.),(-0.997732566057624,0.0673032438153479,0.),(-0.793159054764192,
0.101298790990363,-0.600530822514102),(-0.999999999999805,0.,0.),(0.,0.,
1.),(-0.99773256605797,-0.0673032438102169,0.),(-0.793159054765539,-0.101298790979916,
-0.600530822514086),(-1.,0.,0.),(-0.799567968771532,0.,-0.600575609989756),
(-0.799568446158625,0.,-0.600574974426575),(0.,0.,-1.),(0.0247342866128626,
-0.998909942560831,-0.0395871408271743),(0.,-1.,0.),(-0.100895548100792,
0.,0.994897024004716),(-0.0317671966939781,0.0707853700603201,0.996985594981005),
(-0.0289517487241356,0.0136348238978501,0.999487812743652),(-0.0264200965795687,
0.035876416239128,0.999006937540758),(0.,-1.,0.),(-0.205081600694072,0.,
0.978744878431942),(-0.0826673699920935,0.12080961622203,0.989227548426992),
(-0.0809069437581202,0.0635530504889985,0.994693458420866),(-0.0795741447213889,
0.0886726144681633,0.992877194287007),(-0.257305584768472,0.,0.966330086485419),
(0.,0.294480973251698,0.955657342562036),(-0.285953686033258,0.,0.958243439551708),
(0.,0.33314494550834,0.942875625563756),(-0.136048432425213,0.115104504673465,
0.983992772858886),(-0.31255194808479,0.,0.949900668358752),(0.,-1.,0.),
(-0.0076077049246815,0.308560668342112,0.951174241018988),(-0.00718784098706116,
0.252728022464199,0.967510662268525),(-0.366757638135764,0.,0.930316524022376),
(0.,0.351983381600843,0.936006249485991),(-0.36675977179637,0.,0.930315682868903),
(0.,0.421840947995223,0.906669848729123),(-0.399213306437117,0.,0.916858078419675),
(0.,0.472417330855308,0.881374985750983),(-0.424639738622166,0.,0.905362409415643),
(0.,-1.,0.),(-0.00935884066814319,0.370864692137908,0.928639753740278),
(-0.010229805705035,0.440067727791091,0.897906312502604),(-0.480831701506083,
0.,0.876812907538869),(0.,0.491188369288835,0.871053377167769),(-0.480835047752206,
0.,0.876811072496789),(0.,0.56492485063083,0.825142359317309),(-0.518918703833193,
0.,0.854823595141971),(0.,0.630593560804849,0.776113239850643),(-0.542343384820891,
0.,0.840156921617039),(0.,-1.,0.),(-0.0122154290415323,0.50933654997661,
0.860480715734674),(-0.0135281681614952,0.58848804636262,0.808392731260308),
(-0.601070512080181,0.,0.799195995677947),(0.,0.653883050566862,0.756595635846105),
(-0.601073586564567,0.,0.799193683367418),(0.,0.738479883398545,0.674275508835722),
(-0.646611061673975,0.,0.762819857450533),(0.,0.803389576988986,0.595453766119121),
(-0.665282799626838,0.,0.746591452215116),(0.,-1.,0.),(-0.0161476940219203,
0.674987464538742,0.73765247555562),(-0.0179420768236415,0.761527509169346,
0.647884198493516),(-0.724909182737695,0.,0.688844450353319),(0.,0.830106940393025,
0.55760422121004),(-0.724909216663062,0.,0.688844414651772),(0.,0.91103383179065,
0.412331610882363),(-0.777286892762095,0.,0.629146315526236),(0.,0.956934443756668,
0.290304099785155),(-0.786034302076672,0.,0.618182882291996),(0.,-1.,0.),
(-0.0209562381342784,0.850180838907726,0.526073547365209),(-0.0229674879719367,
0.927198200067235,0.37386627594414),(-0.840315156557253,0.,0.542098180830861),
(0.,0.973150579019783,0.230169395344581),(-0.840295712831525,0.,0.542128319678028),
(0.,0.997688717613195,0.0679501489868735),(-0.89332443178253,0.,0.449412349163237),
(0.,-1.,0.),(-0.0238886602619352,0.980400070139584,0.195563376891451),(-0.893324600736795,
0.,0.449412013322348),(0.,1.,0.),(-0.0241702180171261,0.998466721939147,
0.0497996560339358),(-0.971594115254587,0.,0.236653491845473),(0.,-1.,0.),
(-0.971594115254587,0.,0.236653491845473),(0.,1.,0.),(-0.998242584283101,
0.,0.0592599605450061),(0.,-1.,0.),(-0.998242584283101,0.,0.0592599605450061),
(0.,1.,0.),(-1.,0.,0.),(0.,-1.,0.),(0.,0.,1.),(0.,0.,1.),(-1.,0.,0.),(0.,
1.,0.),(0.0247297804605842,-0.999694172213868,0.),(0.,0.,1.),(0.,0.,1.),
(-0.0241726480208021,0.999707798853076,0.),(0.,0.,1.),(-0.0968723677401245,
0.995296812196453,0.),(0.,0.,1.),(-0.194098954301197,0.980981954950845,
0.),(-0.0969086473452107,0.994028959522863,0.0501511884167774),(0.,0.,1.),
(-0.0995372877003273,-0.995033832770154,0.),(-0.0985289960913179,-0.993837461101577,
0.0507852128124785),(-0.193883400277738,0.979702033686477,0.0509230035182802),
(0.,0.,1.),(-0.19409513573336,-0.980982710492213,0.),(0.,0.,1.),(-0.290127930766215,
0.956987870241475,0.),(0.,0.,1.),(-0.290132128224063,-0.956986597697259,
0.),(-0.2896394807093,-0.955787311181495,0.0507896347584322),(-0.194019100306177,
-0.979680547011732,0.050819430567199),(0.,0.,1.),(-0.381713957148568,0.924280506620139,
0.),(-0.289399725883404,0.955870869983637,0.0505833824030821),(0.,0.,1.),
(-0.381710179668786,-0.924282066653477,0.),(0.,0.,1.),(-0.471836806045503,
0.881685901248726,0.),(-0.470595639511222,0.880856208788427,0.0513038352553117),
(-0.381718427722858,0.922944230893159,0.0496486515207032),(0.,0.,1.),(-0.471835185324364,
-0.881686768580499,0.),(-0.381107824759347,-0.923203832260647,0.0495127257021173),
(0.,0.,1.),(-0.556469073020617,0.830868323365126,0.),(0.,0.,1.),(-0.556470442570541,
-0.830867406115649,0.),(-0.471662863067663,-0.88026390754614,0.05166813983894),
(0.,0.,1.),(-0.635262470980617,0.772296311634078,0.),(-0.556333008810391,
0.829571368941974,0.048009656734006),(0.,0.,1.),(-0.635262470980526,-0.772296311634152,
0.),(-0.634914343647169,-0.770933112970036,0.0504570268388381),(-0.555181215398785,
-0.830330774051535,0.0482143519225081),(0.,0.,1.),(-0.707105555778153,0.707108006592819,
0.),(0.,0.,1.),(0.469764159018971,-0.882791954483727,0.),(-0.706804241492497,
0.705812049604014,0.0475091027277622),(0.,0.,1.),(0.0990151167802444,-0.995085929278972,
0.),(0.,0.,1.),(0.195663598694071,-0.980671074390432,0.),(0.,0.,1.),(0.290102097146943,
-0.9569957017829,0.),(0.,0.,1.),(0.381579443832996,-0.92433604714092,0.),
(-0.633939381019876,0.771742819430624,0.0503376782282301),(0.,0.,1.),(-0.707106781186547,
-0.707106781186548,0.),(0.,0.,1.),(0.469761320057026,0.882793465187798,
0.),(-0.705810803946066,-0.706805361516365,0.0475109457359976),(0.,0.,1.),
(0.0990173968545418,0.995085702399622,0.),(0.,0.,1.),(0.195669325640815,
0.980669931732012,0.),(0.,0.,1.),(0.29010341223388,0.956995303128631,0.),
(0.,0.,1.),(0.381578037304099,0.924336627775375,0.),(0.,0.,1.),(-0.772295452136214,
0.635263515881182,0.),(0.,0.,1.),(0.882792308439144,-0.469763493856948,
0.),(0.,0.,1.),(0.556464475825388,-0.830871402290617,0.),(0.,0.,1.),(0.634351030270787,
-0.773045128303898,0.),(0.,0.,1.),(0.707106889853295,-0.707106672519783,
0.),(0.,0.,1.),(0.773044254755345,-0.634352094809936,0.),(0.,0.,1.),(0.830870577924699,
-0.556465706705343,0.),(0.,0.,1.),(-0.772298242855891,-0.635260123163499,
0.),(0.,0.,1.),(0.882791459935058,0.469765088385385,0.),(-0.771744517949249,
-0.633937291582896,0.0503379514464277),(0.,0.,1.),(0.556461938299925,0.830873101757116,
0.),(0.,0.,1.),(0.63435152905649,0.773044719006406,0.),(0.,0.,1.),(0.707107029524512,
0.707106532848496,0.),(0.,0.,1.),(0.773044335097698,0.634351996901845,0.),
(0.,0.,1.),(0.830872569555789,0.556462732947824,0.),(0.,0.,1.),(-0.830869694375513,
0.556467025948836,0.),(0.,0.,1.),(0.999694158375945,-0.024730339848273,
0.),(-0.770932847783704,0.634914744306512,0.0504560370055496),(0.,0.,1.),
(0.92433704298548,-0.381577031495423,0.),(0.,0.,1.),(0.956996254614185,
-0.290100273447688,0.),(0.,0.,1.),(0.980670817759629,-0.195664884929976,
0.),(0.,0.,1.),(0.995085744005165,-0.0990169787343869,0.),(0.,0.,1.),(-0.830868590123441,
-0.556468674721484,0.),(0.,0.,1.),(0.999694157655193,0.0247303689837662,
0.),(0.,0.,1.),(0.924337304367655,0.38157639831931,0.),(0.,0.,1.),(0.956996723733498,
0.290098725890601,0.),(0.,0.,1.),(0.980670757081945,0.19566518904579,0.),
(0.,0.,1.),(0.995085767093823,0.0990167467012443,0.),(0.,0.,1.),(-0.881686851805442,
0.471835029807462,0.),(-0.880265750052266,0.471660904899053,0.0516546229753651),
(-0.830331243496706,0.555180486094338,0.0482146651265833),(0.,0.,1.),(-0.8816862075233,
-0.471836233732828,0.),(-0.880856936500083,-0.470594238809894,0.0513041890943251),
(-0.829571384333886,-0.556333411197293,0.0480047276832611),(0.,0.,1.),(-0.924280545324624,
0.381713863429685,0.),(0.,0.,1.),(-0.924281304727328,-0.381712024609586,
0.),(-0.922944827081813,-0.38171780859808,0.0496423283297874),(0.,0.,1.),
(-0.956987829307422,0.290128065787282,0.),(-0.955787983085224,0.289637256860884,
0.050789672453972),(-0.923202416323021,0.381111220984674,0.0495129855180051),
(0.,0.,1.),(-0.956987545610589,-0.290129001560031,0.),(-0.955871332327882,
-0.289399058527615,0.0505784633717629),(0.,0.,1.),(-0.980981648254138,0.194100504349149,
0.),(0.,0.,1.),(-0.980981564231874,-0.194100928996195,0.),(0.,0.,1.),(-0.99503334526629,
0.0995421609579365,0.),(-0.979680438118625,0.194021295459523,0.0508131486517824),
(0.,0.,1.),(-0.995033284833794,-0.0995427650453344,0.),(-0.979701456612483,
-0.193885306127263,0.0509268492969661),(0.,0.,1.),(-0.999639385964483,0.0268532684891655,
0.),(-0.993836230807852,0.0985374874820913,0.0507928134125124),(0.,0.,1.),
(-0.999639389655066,-0.0268531311032202,0.),(-0.993765263179352,-0.0995706722510476,
0.0501625649817391),(-0.998178804405474,-0.025891975878299,0.0544855946170695),
(-0.998114282610061,0.0267871521635707,0.0552297685018655),(0.0982760979951595,
-0.994389003287319,-0.039144842624509),(0.194902176027326,0.980122674056746,
-0.0370497716547135),(0.0989818099087795,0.99429673214939,-0.039706545357504),
(0.195745097247894,-0.97997031815826,-0.036633760825381),(0.290116194110985,
0.956262912429414,-0.0373341161214781),(0.381545155591556,-0.923579856487736,
-0.0377298679391786),(0.289928702870217,-0.956312938842845,-0.0375088023503153),
(0.469634603852551,0.88201912756137,-0.0385434492506344),(0.381237629396847,
0.923719058443548,-0.0374295471524429),(0.469447824376832,-0.882100028309254,
-0.0389651157405166),(0.556197886313532,0.830117272362039,-0.0393602005402417),
(0.634346474745532,-0.772165873699581,-0.0369379678877724),(0.555571510128425,
-0.830557620402725,-0.0389144744867977),(0.633444313474732,0.772901907666101,
-0.037026245456804),(0.70620256968204,-0.706952928824695,-0.0386715270020421),
(0.772165075760429,0.634347445929626,-0.0369379698745261),(0.706953055683021,
0.706202427018447,-0.0386718131679163),(0.830114991176922,-0.556201018210489,
-0.0393640542240506),(0.772902103976028,-0.633444111171539,-0.0370256085909371),
(0.830558887575475,0.555569493252227,-0.0389162233117922),(0.882017697283837,
-0.469636722867767,-0.0385503594294632),(0.923580490620937,0.381543399535208,
-0.0377321032478579),(0.882099387899702,0.469449037460481,-0.0389649983241231),
(0.956263952480182,-0.290112769718049,-0.0373340867506188),(0.923718791576655,
-0.381237754954605,-0.03743485388427),(0.980123238036785,-0.194899432890272,
-0.0370492823053104),(0.979970244371733,0.19574638810531,-0.0366288368601916),
(0.956314252206537,0.289925232948018,-0.0375021376282537),(0.994297244532662,
-0.0989785127899653,-0.0397019334622668),(0.994388954854752,0.0982766103135265,
-0.0391447867302469),(0.998912231986355,-0.0246956633782175,-0.0395534701176549),
(0.99890989086673,0.0247348735838891,-0.0395880784758126),(-0.98737077684374,
0.024478229099578,-0.156524008813785),(-0.983427087233288,-0.0962114711978271,
-0.153670156197616),(-0.987482228885112,-0.0238646415356427,-0.155914484639711),
(-0.0848330138205139,0.959993404811117,0.266863302994786),(-0.076320892481094,
0.866518351731002,0.493275853335917),(-0.0653215472775368,0.743941275020238,
0.665044716378178),(-0.0537597924299473,0.616114714185431,0.785819663588341),
(-0.0427525073479578,0.493924263614023,0.86845324855677),(-0.032847820066192,
0.381062400763194,0.923965620270305),(-0.0238494316299802,0.278698310365255,
0.960082525833316),(-0.015680969224931,0.181454613599581,0.983274290525077),
(-0.00794097044647659,0.0889520829015667,0.996004250962736),(-0.0501804238127033,
0.00366703895762738,0.99873343685453),(-0.00756105334787584,-0.08889307287644,
0.99601247585904),(-0.0501750469989665,-0.00366271093488594,0.99873372287475),
(-0.0144421184050371,-0.0866007215413657,0.996138414199799),(-0.0505099872108433,
-0.0150371639256319,0.998610346878618),(-0.0221303960680195,-0.08103308704691,
0.996465696536273),(-0.0290372664058029,-0.073768203509183,0.996852591565426),
(-0.0350381232447652,-0.064559233715314,0.997298568765431),(-0.0400379741252813,
-0.0550357086505675,0.99768132757974),(-0.0448068659264532,-0.0431911426659439,
0.998061556198343),(-0.0482336060365846,-0.0291256211329995,0.998411346811686),
(-0.0149800266888661,0.0859697757694301,0.996185121578592),(-0.0505101923428403,
0.0150279744912431,0.998610474835999),(-0.0221150282247285,0.0808844966557469,
0.996478110009129),(-0.0482132779376418,0.0296032200155362,0.998398281847089),
(-0.0286814976115095,0.073946522901896,0.996849679462997),(-0.0347155807058769,
0.0653229482499303,0.997260116964571),(-0.0402279526335882,0.0547261743328634,
0.99769071243036),(-0.0446819297971261,0.0426957282948277,0.998088472999753),
(-0.0158015196017846,-0.181097081078715,0.983338273028689),(-0.0240095435563725,
-0.27893580786236,0.960009560843217),(-0.0328583987626557,-0.380769600513841,
0.92408594673617),(-0.0426631164604304,-0.494447012843526,0.868160129229624),
(-0.0534030481258937,-0.616785312363118,0.7853177655599),(-0.0648530471383069,
-0.744151198839074,0.664855680236881),(-0.0762691170470399,-0.866528574475127,
0.493265903345213),(-0.0848514350525201,-0.959992907444942,0.266859235599847),
(-0.9692426304545,-0.192963485810889,-0.15275410453848),(-0.945606726383763,
-0.286512265427633,-0.154073491481528),(-0.983494952826805,0.0959488511532632,
-0.153399790503673),(-0.96958013059005,0.192092458154205,-0.151706485969639),
(-0.945291873005663,0.28744444323986,-0.154269137807834),(-0.871666244506659,
-0.465365141927192,-0.153731073198437),(-0.913074161286722,-0.378205125748867,
-0.152500684745456),(-0.913249390724064,0.37750045831232,-0.153195803846299),
(-0.871603986138128,0.465374002304195,-0.15405690288819),(-0.821754620658854,
-0.548331496038226,-0.155086794661262),(-0.763794860687167,-0.627032166725184,
-0.153127635258276),(-0.698926619890533,-0.698314511419094,-0.154461720662129),
(-0.821413082033397,0.549032879824861,-0.154413229794651),(-0.764406566397962,
0.626315011056532,-0.153010157090743),(-0.698314593442228,0.698926464912863,
-0.154462051100017),(-0.171607486214978,0.94649834354398,0.273297925977272),
(-0.626314141129603,-0.764407269339151,-0.153010206203865),(-0.549034352881026,
-0.821411548473678,-0.154416150031619),(-0.46537455055976,-0.871603075387719,
-0.154060399408709),(-0.627029943598793,0.763795124997829,-0.153135420004793),
(-0.548331697869299,0.821753743277252,-0.155090729966672),(-0.465365142354283,
0.871666374933348,-0.153730332375018),(-0.171595197442622,-0.946511768352378,
0.273259145473819),(-0.377500966616544,-0.913249518313133,-0.153193790684891),
(-0.28744248233555,-0.945292283808441,-0.15427027426241),(-0.28651515162918,
0.945607009688011,-0.154066385418122),(-0.37820262362722,0.913075876112835,
-0.152496622724134),(-0.192094522853604,-0.96957857243469,-0.151713829841429),
(-0.095950873115949,-0.983494392027341,-0.153402121233892),(-0.192964092991712,
0.969242588701028,-0.15275360245839),(-0.0244776619560725,-0.987371359190109,
-0.156520423958796),(-0.0962133086333345,0.983426161818038,-0.15367492799305),
(-0.023867843024696,0.987482411811969,-0.155912836005779),(0.975635472644188,
0.096671403211873,0.19695193403315),(0.979308901544052,0.0238659365858216,
0.20095893219129),(0.961492527002887,0.190175010077065,0.198407626012184),
(-0.195965791099686,0.697513451699247,0.689254955308467),(-0.153320438122335,
0.850716265967246,0.502767021663832),(-0.166277081759738,0.417902247776117,
0.893145925022969),(-0.159472112364169,0.570273504383328,0.80582676523957),
(-0.153704604755285,0.28104468593936,0.947306064048081),(-0.142236380945304,
0.133124182581889,0.98083982583676),(-0.127981517435526,0.171249886753728,
0.976879832672236),(-0.102615168160639,0.0301679260939147,0.994263558367979),
(-0.0983073961918007,0.0590302003403767,0.993403790662067),(-0.102882886937266,
0.00750377977540777,0.994665172238646),(0.979454390009912,-0.0246947778765498,
0.200148109748605),(-0.102614277867309,-0.0301228077460005,0.994265018207554),
(-0.102917532625202,-0.00753016210140437,0.994661388683137),(-0.0983010773930554,
-0.0590437828169229,0.99340360875831),(-0.0915044751571869,-0.086006662533477,
0.99208355748196),(-0.128029815837956,-0.171573189673136,0.976816772399965),
(-0.0824616601292115,-0.110623591115863,0.990435508095992),(-0.111349121637101,
-0.203490631382862,0.972724491338658),(-0.126366283479452,-0.31867295608373,
0.939403592424708),(-0.0918269002662037,-0.231795312430752,0.968420752319275),
(-0.126691220128481,-0.453308708782507,0.882304113831673),(-0.0969052095436931,
-0.347445454189987,0.932679493033918),(-0.159690787633728,-0.569796239951216,
0.806121019005444),(-0.129858949415923,-0.727406697588678,0.673807205036964),
(-0.10720008969657,-0.59823049461409,0.794121159573795),(-0.153078028870526,
-0.851746627654075,0.501093603388653),(0.975972960645486,-0.0953337609879225,
0.195929206870189),(0.90642652254823,0.374853813206078,0.194616489398985),
(0.938449646584908,0.283653380043359,0.197111696290807),(0.961353577042852,
-0.190914533840764,0.198370715266335),(0.86499575244702,0.461587257249505,
0.196772844146473),(0.938333277558404,-0.283920597111659,0.197280903186958),
(0.814986457129866,0.545431374890522,0.195708175557242),(0.906693789733874,
-0.374019887175652,0.194975628361951),(0.758055304867119,0.622053045955254,
0.195964697791743),(0.864859927130307,-0.462176450775787,0.19598529228607),
(0.81529278611372,-0.545126695709316,0.195280717266119),(0.757342837898478,
-0.622826105186344,0.196263772974759),(0.693283467580692,0.694480719794685,
0.192495619204043),(0.622825252029769,0.757343296987566,0.196264708855307),
(0.69447769999002,-0.693285235316478,0.192500147295391),(0.545128223508586,
0.815290145025919,0.195287478753729),(0.62205452692324,-0.758054856108529,
0.19596173265355),(0.545428686584634,-0.81498610760097,0.195717123083245),
(0.46217755076299,0.864860041131808,0.195982195171428),(0.374017962774073,
0.906695361688209,0.194972009825565),(0.461586811756701,-0.864993732416116,
0.196782768791173),(0.374857136598748,-0.906425418894258,0.194615228395307),
(0.283922959395167,0.938331316423257,0.197286831156286),(0.19091827660005,
0.96135214238377,0.198374065830698),(0.190171005591973,-0.961490483712389,
0.198421365690928),(0.283653425379352,-0.938449590884214,0.197111896241228),
(0.095331750016633,0.975974550805718,0.195922264223192),(0.0966719669884236,
-0.975636568036349,0.19694623100949),(0.0238644890733867,-0.979310154980856,
0.200952995779209),(-0.0626796516214983,-0.00157893411673889,-0.99803244849036),
(-0.00157903734216341,0.0626792332020582,-0.998032474605047),(-0.0626796393799776,
0.00157889586247186,-0.998032449319686),(-0.0628875501802355,0.00628323858295355,
-0.998000840152571),(-0.061931686268601,0.0126867267099037,-0.997999756112854),
(-0.0602199299141339,0.018067126454181,-0.998021612482829),(-0.0587746900075547,
0.0241736303113094,-0.997978542560955),(-0.0551451032330943,0.0300876048712038,
-0.998024926353308),(-0.0527303725186489,0.0350405881950958,-0.997993820117633),
(-0.0489443891303128,0.0396132110730373,-0.998015651320731),(-0.0450628238195184,
0.0448977762203109,-0.997974714910093),(-0.0394419760376637,0.0490013111718181,
-0.998019640102181),(-0.0351536440785232,0.0525844670860582,-0.997997542646913),
(-0.0298861080569686,0.0553014431323068,-0.998022329876788),(-0.0244388836048228,
0.0586856977040093,-0.997977319307981),(-0.0178605526338385,0.060216169410415,
-0.998025557589158),(-0.0127903909321847,0.0620016042691428,-0.997994091649772),
(-0.00626686141493508,0.0628718492372722,-0.998001932373626),(-0.00157980683211909,
-0.0626796316656234,-0.998032448362595),(-0.0628730263468021,-0.00627000412741859,
-0.998001838478385),(-0.0620006244197636,-0.0127934572058508,-0.997994113221256),
(-0.0602159712587263,-0.0178575809017163,-0.998025622722035),(-0.0586874793299669,
-0.0244390882137979,-0.99797720952794),(-0.0552994117282917,-0.0298904964073664,
-0.998022311016656),(-0.0525825391313092,-0.0351534297495154,-0.997997651778475),
(-0.0490025652837765,-0.0394404477182551,-0.998019638924702),(-0.0448978643554905,
-0.0450630602530139,-0.997974700268974),(-0.0396143760361579,-0.0489418390072357,
-0.998015730139488),(-0.0350420507948398,-0.0527309672345222,-0.997993737340372),
(-0.0300860800736031,-0.0551454594484668,-0.99802495263797),(-0.0241747760740414,
-0.0587742933742593,-0.99797853816609),(-0.018066784192783,-0.0602210426368636,
-0.99802155153717),(-0.0126850424918038,-0.0619318190317124,-0.997999769282741),
(-0.00628373928893608,-0.0628869870650699,-0.9980008724838),(0.00123627506606133,
-0.0464135262843939,0.998921546570004),(0.046411685450694,0.00123142252824151,
0.998921638093891),(0.0464162278091971,-0.00123480117883276,0.998921422866691),
(0.0464194300367864,-0.00386045344849648,0.998914577636262),(0.0464104735868484,
-0.00923565284721818,0.998879757857736),(0.0441527475986295,-0.0142795079980089,
0.99892273501549),(0.0432598831460522,-0.0177824867922906,0.998905583963606),
(0.0414367000782929,-0.0213911157660141,0.998912118283138),(0.039204903912321,
-0.0261583000651756,0.998888741976265),(0.0358268699447993,-0.0294566482744178,
0.99892379151885),(0.0333612776256127,-0.0332964536673357,0.998888568023664),
(0.029394721912067,-0.0358760783057307,0.998923849614731),(0.0262228729403525,
-0.0391756776188376,0.998888195554367),(0.0213519476815749,-0.0413655858000076,
0.998915903688406),(0.0177443330263062,-0.0432391525193636,0.998907160017816),
(0.0142241604705895,-0.0443013613157133,0.998916944817977),(0.00942221457121011,
-0.0464138999839873,0.998877856277158),(0.00378785127759098,-0.046325385733919,
0.998919221368426),(-0.0464116649571615,-0.00123135964557334,0.998921639123574),
(-0.00123922027459188,-0.0464174304003187,0.998921361513579),(-0.00386261956695769,
-0.0464167534957221,0.998914693637549),(-0.00923598934475874,-0.0464118943876629,
0.998879688731417),(-0.0463276762941117,-0.00378638460961195,0.998919120700358),
(-0.0464124884473735,-0.00942116933788886,0.998877931723606),(-0.0142761692844347,
-0.0441503089330971,0.998922890523425),(-0.0177832127027561,-0.0432620900498953,
0.998905475463261),(-0.0213920238638166,-0.0414331236906004,0.998912247185031),
(-0.0261544409173981,-0.0392085996278339,0.998888697971662),(-0.0294571919390069,
-0.0358281616572346,0.998923729158203),(-0.0332986979761474,-0.0333584938860452,
0.998888586179033),(-0.0358749912681065,-0.0293937675541942,0.998923916737648),
(-0.0391727640554326,-0.0262270118564432,0.998888201154333),(-0.0413686217077511,
-0.0213517332772212,0.998915782548289),(-0.0432365358541079,-0.0177429215825031,
0.998907298352081),(-0.044303272504981,-0.0142276702766346,0.998916810071714),
(0.00157903734216341,0.0626792332020582,-0.998032474605047),(0.0916127078718346,
0.922525717810052,0.374904536829628),(0.0012355123856145,0.0464163948511401,
0.998921414225448),(0.0463275748717893,0.00378614867586946,0.998919126298372),
(0.0464126565698603,0.00942170041302272,0.998877918902733),(0.0443028018010409,
0.0142273007946542,0.998916836210441),(0.0432368061077042,0.017743608577617,
0.998907274451562),(0.0413678552748411,0.0213516484611199,0.998915816101614),
(0.0391733952619143,0.0262265220559777,0.99888818926069),(0.0358750981860858,
0.0293938087804937,0.998923911684726),(0.0332982951820461,0.0333594825081582,
0.998888566590266),(0.0294575406048771,0.0358266801447305,0.998923772012319),
(0.0261572744060564,0.0392064649373409,0.998888707565945),(0.0213906584261248,
0.0414359145683787,0.998912160660775),(0.0177829070422442,0.0432604161457941,
0.998905553399329),(0.0142795852627429,0.0441514291236774,0.998922792187194),
(0.00923608717992783,0.0464113247967611,0.998879714292074),(0.00385969828147644,
0.0464189190701129,0.998914604298855),(0.0835272175292393,0.847003051055982,
0.524984795430954),(0.0737234869487604,0.759873944994859,0.645876486017308),
(0.0655155416602182,0.671961005067578,0.737682941018388),(0.0572688721543973,
0.586979190637485,0.807573963201345),(0.0244798181960334,0.987370378935891,
-0.156526270322535),(0.049688137198822,0.506883318009888,0.860581426098076),
(0.0422961559113551,0.438900524725498,0.897539617282048),(-0.0246934302441858,
-0.979456856359489,0.200136206202585),(0.0360159964888445,0.368866686475333,
0.928784267526977),(0.030079821753123,0.307552998515082,0.951055391356193),
(0.00558311247311363,0.197518980217333,0.980283163840437),(0.0246724136151892,
0.251397844680234,0.967569323457774),(0.00251285214782976,0.0962343819209252,
0.995355529100221),(0.00295659689826319,0.148004725119372,0.988982234358697),
(0.0238651470079065,-0.987482629376052,-0.155911870743861),(0.,0.197098484791615,
0.980383693914199),(0.0626796516215017,-0.00157893411673897,-0.99803244849036),
(0.00157980683211904,-0.0626796316656234,-0.998032448362595),(0.00627034526930314,
-0.0628724366926346,-0.998001873482477),(0.012790964834253,-0.062000467949169,
-0.997994154889042),(0.0628875807383429,-0.00628340201089071,-0.99800083719807),
(0.0178582982998443,-0.0602169992552113,-0.998025547860641),(0.0619316733697053,
-0.0126871822480145,-0.997999751122331),(0.0244399689821121,-0.0586865540273011,
-0.997977242372066),(0.0298895088365223,-0.0553000227293226,-0.998022306738506),
(0.0351536645058339,-0.0525828335084538,-0.997997627999202),(0.0394406426965221,
-0.0490022002250773,-0.998019649143636),(0.0450629317264341,-0.0448979319729208,
-0.99797470303048),(0.048942332381417,-0.0396141378560605,-0.998015715398805),
(0.0527306679135746,-0.0350419597990401,-0.997993756350625),(0.0551447656885576,
-0.0300870326921315,-0.998024962253418),(0.0587755470486936,-0.0241737293176765,
-0.997978489688031),(0.0602198021105479,-0.0180664767575138,-0.998021631955609),
(0.0626796393799776,0.00157889586247186,-0.998032449319686),(-0.00123208179898139,
0.046411846634302,0.998921629792065),(-0.0464162355078544,0.00123485442872607,
0.998921422443137),(-0.0037855349925061,0.0463270817380638,0.998919151494482),
(-0.00942191809092465,0.0464134028083468,0.998877882175413),(-0.0142276664566353,
0.0443022104334666,0.998916857229824),(-0.0464193410968839,0.00386024914336031,
0.99891458255883),(-0.0177433687060761,0.0432370863939663,0.998907266580397),
(-0.0213510907902873,0.0413677858680464,0.998915830895897),(-0.0262259244061245,
0.0391740830608751,0.998888177978588),(-0.0293948330586885,0.0358747690780821,
0.998923893363777),(-0.0333608737900886,0.033297167396151,0.998888557719706),
(-0.0358269228921194,0.0294567183227067,0.998923787554255),(-0.0392057714613633,
0.0261577295033483,0.998888722867242),(-0.0414358677187183,0.0213912756808684,
0.998912149386092),(-0.0432600674857946,0.0177830302250377,0.998905566306015),
(-0.0441521540687538,0.0142791773418353,0.998922765976194),(-0.0464105847183186,
0.00923605258500616,0.998879748998222),(0.00628060853186787,0.0628867842255149,
-0.998000904972657),(0.0126839344388602,0.0619331593220247,-0.997999700192111),
(0.0628730032422594,0.00626984751322441,-0.998001840917871),(0.0620005640258013,
0.0127929042911865,-0.997994124060998),(0.0180690240669826,0.0602197377096734,
-0.998021589726117),(0.0241742792761919,0.0587735415021087,-0.997978594480251),
(0.0300829085044389,0.0551475900302857,-0.998024930515148),(0.0350416879941678,
0.052732865580156,-0.997993649774499),(0.0396156516239457,0.0489406139092397,
-0.998015739583598),(0.0448977748168643,0.0450628568350576,-0.99797471348244),
(0.0490043563836623,0.0394395195813521,-0.998019587658787),(0.0525821888222395,
0.0351517779681868,-0.997997728416422),(0.0552995647963626,0.0298911142106159,
-0.998022284032065),(0.0586868019061725,0.0244387112449971,-0.997977258595961),
(0.0602161559563398,0.0178584898363728,-0.998025595314372),(0.0962127972660041,
-0.98342670682067,-0.153671760431456),(-0.00261443705431155,0.0963657231547235,
0.995342560187072),(-0.00543050542197122,0.197703822801526,0.98024675876053),
(-0.00280357932192269,0.147658972927946,0.989034361211404),(-0.0242413583882216,
0.251398343551979,0.967580089399743),(-0.0298833839654983,0.307542145045644,
0.951065093662623),(-0.0194707658246015,0.197307189887841,0.980148336782126),
(-0.0358577696721443,0.369128115485298,0.928686521228995),(-0.0421003110030016,
0.438471435050578,0.897758522353387),(-0.0493306128239819,0.507220997634314,
0.860403016148399),(-0.0574364034867654,0.586800417938817,0.807691976598341),
(-0.0658938332980065,0.672269484476801,0.737368119038646),(-0.074016121529403,
0.759276872402525,0.646544851335455),(-0.0834070503839505,0.847240212656551,
0.524621088028236),(-0.0914334964434263,0.922743571599635,0.374411827804196),
(-0.0957253266299319,0.975886105979817,0.196170767437815),(-0.190174602330749,
0.961492005282376,0.198410545098837),(-0.0953296984226569,-0.975975561859743,
0.195918225929098),(-0.190917789413129,-0.961349466042199,0.198387504208264),
(-0.283918828551222,-0.938332909660029,0.197285198236069),(-0.374854480744027,
0.906426839411672,0.194613727831037),(-0.283656950951157,0.938448282754758,
0.197113050739263),(-0.461586941599887,0.864995380336812,0.196775220341477),
(-0.54543418190578,0.814985115291439,0.195705940283303),(-0.37402064468255,
-0.906692913173456,0.194978251485341),(-0.462177326843345,-0.864858403656837,
0.195989949171095),(-0.622053130604057,0.758055933598296,0.195961996933355),
(-0.545125384392251,-0.815290118657911,0.195295513798884),(-0.62282398775878,
-0.757344059404911,0.196265778872276),(-0.694477739852587,0.693286193178772,
0.192496553727409),(-0.757342385700088,0.622825687130548,0.19626684455725),
(-0.693285235316515,-0.694477699989959,0.192500147295477),(-0.75805568879951,
-0.622053790380243,0.195960849539579),(-0.815291336963459,0.545126049215593,
0.195288571961944),(-0.864860946806702,0.462176020024693,0.195981808346462),
(-0.90669401518494,0.374019365734542,0.194975580223119),(-0.814985941918796,
-0.545435365425763,0.195699199327942),(-0.864996372526184,-0.4615847447555,
0.196776012068401),(-0.906426221084973,-0.374854725188136,0.194616136879096),
(-0.938332915714899,0.283920273996038,0.19728308923978),(-0.961353389896225,
0.190915179378349,0.198371000950162),(-0.961492618573286,-0.190174397263147,
0.198407769642938),(-0.938449683091954,-0.283654364627402,0.197110105607086),
(-0.975973055054362,0.0953345425064386,0.195928356326857),(-0.979454419210899,
0.0246946324670902,0.200147984790147),(-0.975635309755989,-0.0966701489760119,
0.196953356544871),(-0.979308902877375,-0.0238662018725363,0.200958894188071),
(0.192963622755586,-0.969241980132457,-0.1527580578626),(0.0959544326593858,
0.983493156274914,-0.153407817315232),(0.192092535076655,0.969580035377885,
-0.151706997084656),(0.286512864173745,-0.945606741355716,-0.154072286169776),
(0.287444045676742,0.945292884409326,-0.15426368104672),(0.465366621626931,
-0.871665528656976,-0.153730652853267),(0.378203430781248,-0.913075150451,
-0.152498965813466),(0.377500569509434,0.913250228173276,-0.153190537441164),
(0.465372802780516,0.871604113171466,-0.154059807655305),(0.548332529463353,
-0.821753784418147,-0.155087571799856),(0.549033303277947,0.821411714101647,
-0.154419000865502),(0.627030766831853,-0.763795609692651,-0.153129631556044),
(0.6983134143884,-0.698927690654146,-0.154461835163505),(0.626315196148599,
0.764405022107767,-0.153017114238135),(0.764407129524087,-0.626314946435285,
-0.153007608322307),(0.698925973594996,0.698314853722138,-0.154463097551861),
(0.763795413947879,0.627030725130353,-0.153130778665466),(0.821412621278125,
-0.549033289884398,-0.154414222802546),(0.871603659042916,-0.465373242800909,
-0.154061047730978),(0.821754987764718,0.548331363349461,-0.155085318618911),
(0.913248602119704,-0.377501819894911,-0.153197149785615),(0.871665799954149,
0.46536712184198,-0.153727600315643),(0.94560705472214,0.286512323720987,
-0.154071367929672),(0.913074814282729,0.37820346959167,-0.152500882329847),
(0.945291666113553,-0.287444293545573,-0.154270684461921),(0.9695800962584,
-0.192092077451478,-0.151707187436613),(0.98349476763172,-0.0959494845635878,
-0.153400581657992),(0.969242750262841,0.192963333164987,-0.152753537166187),
(0.987370774038881,-0.02447823903491,-0.156524024953393),(0.983427207919562,
0.0962110948270412,-0.15366961949493),(0.987482239174817,0.0238645520602112,
-0.155914433165295),(-0.952544372642071,-0.0217825899502937,-0.303619394839955),
(-0.95275921332044,0.0222985115967153,-0.302907011826383),(-0.948837174425232,
-0.0926354276681864,-0.301871982750095),(-0.93429523482969,-0.186407703870864,
-0.303882513666262),(-0.900147420618789,0.0207861986030049,-0.435089134662056),
(-0.89590903221375,-0.0875159444886985,-0.435531819110928),(-0.900130803176475,
-0.021151416101859,-0.435105912129173),(-0.949212157490966,0.0913744433109446,
-0.301076387617762),(-0.911529027241842,-0.276600118386985,-0.30431432270573),
(-0.882604153146524,-0.177017298595344,-0.435516687219346),(-0.861346494052326,
-0.26135785861338,-0.435630906760292),(-0.130103358184275,0.726751322517604,
0.674466923879954),(-0.107238057141973,0.599432815181761,0.79320886227001),
(-0.0855035951733938,0.478934742975622,0.873676511749801),(-0.0656497442098588,
0.368445734988783,0.927328340693713),(-0.0476867935587044,0.269294080942653,
0.961876638498587),(-0.0306711276567479,0.175200448303666,0.984054919627181),
(-0.030692206478001,-0.175364426600268,0.984025053717979),(-0.0591646831772971,
-0.150342962370504,0.986861962956416),(-0.0454721155198077,-0.16485936216757,
0.985268327622407),(-0.071632974700063,-0.132324302880522,0.98861468520491),
(-0.0454643847813399,0.164627021683635,0.985307532422254),(-0.059141157511621,
0.150408409766423,0.986853400338531),(-0.0716382632997597,0.132310049849889,
0.988616209628446),(-0.082499261168769,0.110721125957581,0.990421478045227),
(-0.0914940301204967,0.0860176823064499,0.992083565423264),(-0.048113951685516,
-0.269067593688707,0.961918747961475),(-0.0657847332216245,-0.368276688217084,
0.927385922790947),(-0.0858190408639541,-0.478775443480273,0.873732892219046),
(-0.880976089372968,-0.363377804199638,-0.303047358292662),(-0.831735946663986,
-0.342445217270628,-0.436974356450623),(-0.830578350936029,-0.0806589636000318,
-0.551029703870268),(-0.819644102689795,-0.163266970579453,-0.549115143884822),
(-0.834995808593992,0.0198736134108473,-0.549897298702641),(-0.895491663165849,
0.0879108710630431,-0.436309935652855),(-0.834947949536709,-0.0203445156861815,
-0.549952745466317),(-0.800135919801606,-0.244318331785241,-0.547805679595342),
(-0.933988570264113,0.187078279998907,-0.304412660329115),(-0.771899377480633,
-0.318632842762166,-0.550131313922696),(-0.882406897193012,0.177101662018404,
-0.43588194399002),(-0.911337069768885,0.277001337849231,-0.304524225792953),
(-0.830809007229609,0.0817218212652755,-0.550525146959917),(-0.840457812715631,
-0.449577378873324,-0.302507595690835),(-0.793929661420576,-0.424545375972905,
-0.435243513974228),(-0.762608979890923,-0.0189951469532085,-0.64658079787599),
(-0.762261311628054,0.0189669264571761,-0.64699145936855),(-0.747206215800081,
-0.147748306061772,-0.647960885490474),(-0.759130644844288,-0.0747541534496906,
-0.646631642127352),(-0.729753534211376,-0.221106967884561,-0.64697101021522),
(-0.736459785841648,-0.392002467313739,-0.551326626835685),(-0.705665733509197,
-0.2935032564863,-0.644896666903205),(-0.861959491971625,0.260735159459086,
-0.434790766716432),(-0.819687825466572,0.162943477517022,-0.549145965947617),
(-0.881168352882602,0.363196426077749,-0.302705616007553),(-0.759019743087914,
0.0744163797594033,-0.646800766872041),(-0.672544170089142,-0.359752934214659,
-0.646731911693749),(-0.799747010340174,0.243395897483674,-0.548783342075969),
(-0.831396935351702,0.34347947681918,-0.436807720732842),(-0.74773796331776,
0.148442945827229,-0.647188249312008),(-0.840721200935871,0.449113534928632,
-0.302464700487273),(-0.79226324509853,-0.529258175959469,-0.303652323630172),
(-0.683776537567691,-0.0160660987514795,-0.72951458322836),(-0.682309519210676,
-0.0676189064034784,-0.727929531954361),(-0.683824223049036,0.0165843416792373,
-0.729458286389598),(-0.672032619758236,-0.134325911631235,-0.728236711135411),
(-0.654884300108385,-0.19729351507817,-0.729521639418359),(-0.748069492104256,
-0.50008019180674,-0.43624744898442),(-0.69376664575838,-0.465331834127941,
-0.54968547859689),(-0.632487237533297,-0.261216159922532,-0.7291954553841),
(-0.682054541849026,0.0668480068544244,-0.728239621225532),(-0.633523052006786,
-0.423393695521929,-0.647600433267529),(-0.603804213253866,-0.324010436116124,
-0.728311546897836),(-0.772044797399978,0.318949480548425,-0.54974363085489),
(-0.729741980770919,0.221546545616108,-0.646833649113978),(-0.793920457984294,
0.42391469827421,-0.435874563356356),(-0.671483933023522,0.134131623240464,
-0.728778454221954),(-0.79177055310683,0.529760285623167,-0.30406155792761),
(-0.736760394259519,-0.604515247740434,-0.302895091904573),(-0.695781961732122,
-0.570032792170077,-0.436978349096366),(-0.604383968125856,-0.0584920929227716,
-0.79454307255048),(-0.59595418278633,-0.1191632891873,-0.794127648762806),
(-0.607208487662703,0.0138625547427496,-0.794421602227921),(-0.606813037920754,
-0.0138699724574376,-0.794723575133779),(-0.581763694497239,-0.176729855254804,
-0.793925413390035),(-0.645553172946266,-0.528396557154956,-0.551414707172195),
(-0.561102182936903,-0.232508567770097,-0.794420610392845),(-0.604934430969509,
0.0587093971682879,-0.794108015896914),(-0.569288060190364,-0.381373350722177,
-0.728330606169775),(-0.705374170322833,0.291945272237491,-0.645922006018956),
(-0.736742061922166,0.392854319921291,-0.550342273057282),(-0.655248217058769,
0.19799256320298,-0.729005294190391),(-0.748463877490696,0.50004358483721,
-0.435612485306315),(-0.589511140882628,-0.484051146582318,-0.646661505169131),
(-0.534878350008126,-0.28631470038679,-0.794939647416713),(-0.596157991752366,
0.119021424957042,-0.793995937817682),(-0.737064582041883,0.604079937584519,
-0.30302348243545),(-0.529262080258167,-0.435189666878481,-0.728348545850813),
(-0.504464308774258,-0.337339110943375,-0.794806948510671),(-0.672160846248831,
0.360004450504482,-0.646990411356321),(-0.633411557090333,0.261358980302556,
-0.728341460277806),(-0.693891902232728,0.464285184780258,-0.550411932291995),
(-0.581404561636263,0.176293740187776,-0.794285372444407),(-0.695465338606925,
0.57054770988101,-0.436810340475005),(-0.673900881672745,-0.673589539110685,
-0.303537039718964),(-0.636066736836777,-0.636520187338063,-0.436189359568677),
(-0.53084592697016,-0.0521545814044374,-0.845861987240069),(-0.52285893667907,
-0.104244735729555,-0.846021020665271),(-0.533351760707585,-0.0129600851704173,
-0.845794263129335),(-0.53301365277065,0.0127566602114668,-0.846010468954337),
(-0.510042447351093,-0.154987563015606,-0.846070657339321),(-0.5900938622296,
-0.590958384742644,-0.550052198669653),(-0.492382339368454,-0.2032323916824,
-0.846319222781275),(-0.530492277322482,0.0522526466014952,-0.846077776935635),
(-0.539204202027554,-0.538295305435693,-0.647685874990124),(-0.470278871438563,
-0.252842673880298,-0.845522539819923),(-0.522645444911771,0.104436158945141,
-0.846129320859266),(-0.673586821465451,0.673903509286926,-0.303537236791199),
(-0.46927952605362,-0.38519552918469,-0.794607532510872),(-0.603473691446936,
0.323738313453756,-0.728706393641174),(-0.633466566014776,0.424174128512164,
-0.647144820300985),(-0.56037556804084,0.232569957047432,-0.794915365194221),
(-0.644702444498789,0.529242795419462,-0.551598424176393),(-0.484108948279563,
-0.483667539568131,-0.729180524536802),(-0.442863608557762,-0.296754602781884,
-0.846054684960117),(-0.510564351966723,0.154671309890148,-0.845813707856326),
(-0.636517151484386,0.636069138450058,-0.436190287578259),(-0.604078492691393,
-0.737064877737084,-0.303025643591613),(-0.569992704864807,-0.695637987756672,
-0.437259769920295),(-0.457515517661924,0.0108488875038413,-0.88913545241345),
(-0.455438971630476,-0.0445459669351369,-0.88915184302232),(-0.457163348301406,
-0.0109614394689102,-0.889315197112147),(-0.448883411051565,-0.0893124124137313,
-0.889115839624709),(-0.437724467258539,-0.134107441550041,-0.889051452326653),
(-0.528391910410246,-0.645763115817949,-0.551173282427681),(-0.422294945423404,
-0.174870185959992,-0.889430940057834),(-0.455536162745279,0.0448138422032883,
-0.889088591749037),(-0.483420640528518,-0.590427019293956,-0.646297469590166),
(-0.403758528110246,-0.214505058256637,-0.889363047894708),(-0.449189022829475,
0.0891380885102972,-0.888978977786444),(-0.604512865533543,0.736760568121695,
-0.302899423349436),(-0.429470873961387,-0.429869170000494,-0.794208577832001),
(-0.411939134990831,-0.337663449649461,-0.846338906014506),(-0.568977167124632,
0.381199741589246,-0.728664353665747),(-0.535338258986258,0.28659744863726,
-0.794528068037986),(-0.59042468196257,0.483422513164895,-0.646298204155586),
(-0.492497971086646,0.204049116133176,-0.846055380386418),(-0.590957521950055,
0.590092589108716,-0.550054491418462),(-0.434723786911176,-0.529196343605516,
-0.728674453379669),(-0.380651954293536,-0.255765252780568,-0.888644037375261),
(-0.437516682762527,0.133778060040082,-0.889203341737078),(-0.57003188060455,
0.695784441361725,-0.436975589997191),(-0.376753382699112,-0.376739875068869,
-0.846241073901444),(-0.504830506608861,0.337531434777868,-0.794492725035185),
(-0.529199442110952,0.434723594273675,-0.72867231802178),(-0.469914977679608,
0.251838196038137,-0.846024489461523),(-0.538301000813277,0.539202021597041,
-0.647682956722723),(-0.529760013667858,-0.791769642289577,-0.30406440348595),
(-0.499981711085432,-0.747424237166943,-0.43746462517042),(-0.384701329635471,
-0.0377347682853742,-0.922269469428079),(-0.379022806041189,-0.0760677615524882,
-0.922255608903007),(-0.386162269745479,-0.0100642163647193,-0.922375960752438),
(-0.385553976762251,0.0100437613945903,-0.922630616151373),(-0.369037772831274,
-0.112794440458258,-0.922544598610518),(-0.464410094070317,-0.693508981053677,
-0.55078903195642),(-0.35714667361116,-0.147879499488253,-0.922267806637306),
(-0.384396081124183,0.0378757767784268,-0.922390957430634),(-0.385368056669408,
-0.469050019183159,-0.794659386405976),(-0.353717971568555,-0.291114564583313,
-0.88889589203511),(-0.421806391203559,0.175224813834152,-0.889592959142897),
(-0.528396676087155,0.645555296484343,-0.551412107122304),(-0.424371243775092,
-0.634810217037778,-0.645697325223847),(-0.341522095846145,-0.181133501753973,
-0.922254472795443),(-0.379209356688856,0.0754618474552842,-0.922228699064532),
(-0.529258831503033,0.792260571324183,-0.303658157145702),(-0.126412329184786,
0.453447595261125,0.88227274772713),(-0.0969377666976578,0.347362215089446,
0.932707114219584),(-0.0707546796500266,0.253487355204964,0.964747602256059),
(-0.0918911767262546,0.231571630683122,0.968468167521589),(-0.110939719519078,
0.204127088356176,0.972637913322455),(-0.0703355402740565,-0.253777802775174,
0.964701891048712),(-0.38119776532295,-0.568980568020844,-0.728662731946314),
(-0.321531344268664,-0.214645911005752,-0.922249818401336),(-0.368772414774203,
0.113601745172086,-0.922551651451267),(-0.500080049924986,0.748069395097745,
-0.436247777971552),(-0.337934215908635,-0.412241730903735,-0.846083459842886),
(-0.323739110444628,-0.323479298918306,-0.889131110433013),(-0.469050273047841,
0.385365824159911,-0.794660319207709),(-0.442548270648742,0.296852325885039,
-0.846185396211995),(-0.483671144159012,0.48410891074379,-0.729178158508861),
(-0.404140275007867,0.214969226618122,-0.889077538645405),(-0.484053226142101,
0.589512944767163,-0.646658304062796),(-0.337530344175698,-0.50483191046337,
-0.794492296336811),(-0.298423390065454,-0.246492349736595,-0.92205477157443),
(-0.357259041690998,0.147427781550874,-0.922296604329116),(-0.465333441314591,
0.693768380923283,-0.549681928050584),(-0.449113901482395,-0.840720153615492,
-0.302467067298252),(-0.423916534374704,-0.793920084396223,-0.43587345809998),
(-0.317158768875771,-0.00663199272705608,-0.948349266883079),(-0.316867156816947,
-0.0304431081949529,-0.947981235096019),(-0.31748236256286,0.00705418484097471,
-0.94823793846151),(-0.312334442503249,-0.0631733283985395,-0.947869361571116),
(-0.304652093035166,-0.0938146291296107,-0.947832220158487),(-0.39385162047467,
-0.73589860306476,-0.550757793459894),(-0.294550097600491,-0.12073711688028,
-0.947978263786137),(-0.317318436613131,0.029816584667218,-0.947850189146038),
(-0.36007448695418,-0.672133551846143,-0.646979792827698),(-0.281532622780459,
-0.149114968499192,-0.947894566120009),(-0.311802120950215,0.0634992610693863,
-0.94802282736999),(-0.449578907761825,0.840455121357184,-0.302512800853394),
(-0.291073262110038,-0.353572921449939,-0.888967122734006),(-0.412245374997317,
0.337932495969628,-0.846082371262432),(-0.429872428491622,0.429468614951092,
-0.794208035715269),(-0.380809738602258,0.255036899484773,-0.888785757585524),
(-0.43518648058395,0.529264307387137,-0.728348831291003),(-0.296851464315711,
-0.442548515603007,-0.846185570351559),(-0.273539359669706,-0.273459924719218,
-0.92216912130262),(-0.341403300768269,0.181306277988156,-0.922264506411589),
(-0.42339203365217,0.633524500860918,-0.647600102415684),(-0.322630836540601,
-0.604473669336369,-0.728368674774072),(-0.264772511359131,-0.177499041856558,
-0.947834166596975),(-0.304577421840302,0.0934573472640378,-0.947891511908131),
(-0.424551153618881,0.793927276162912,-0.43524222925334),(-0.286597405840214,
-0.535339665183266,-0.794527136004258),(-0.246135145512504,-0.202340431912484,
-0.947879654680386),(-0.29503368940821,0.121135887948029,-0.947776987885453),
(-0.39200904323908,0.736457721329851,-0.551324708962354),(-0.255037583867522,
-0.380807148498422,-0.888786670955139),(-0.246265568249004,-0.298250505273985,
-0.922171299704566),(-0.376741061759917,0.376750351742503,-0.846241894995698),
(-0.353573232879258,0.291074949480956,-0.888966446372398),(-0.385195441703482,
0.469282637234197,-0.794605737508468),(-0.321994178084555,0.214792443424247,
-0.922054204224184),(-0.381372680291377,0.569289210531914,-0.728330058077601),
(-0.363197694525574,-0.881166566515432,-0.30270929412014),(-0.343480336674077,
-0.831396989670891,-0.436806941204513),(-0.251718820508741,-0.0243260844300364,
-0.967494639270932),(-0.247694888533179,-0.0489624924546801,-0.967600080884227),
(-0.252454526939376,0.00499302168340489,-0.96759587719372),(-0.252225343253396,
-0.00503876319149727,-0.967655407201451),(-0.242176967784634,-0.0738089534375412,
-0.967420567626663),(-0.318950771779914,-0.772045254776331,-0.549742239379827),
(-0.233765073421673,-0.0978240341212486,-0.96735947237643),(-0.251519598267134,
0.0243199686757232,-0.967546603947919),(-0.251838230706589,-0.469916678844927,
-0.846023534245903),(-0.225457197135782,-0.2258857356413,-0.947704957617858),
(-0.281629129608715,0.149073319561293,-0.947872448566164),(-0.359754587010722,
0.672541974224266,-0.646733275803303),(-0.291986951091058,-0.704202454541765,
-0.647180441152158),(-0.223179025662783,-0.11833387814743,-0.967568196969495),
(-0.247975806561339,0.0492656668785652,-0.967512735537504),(-0.363382320168938,
0.880975975954247,-0.30304227292591),(-0.126252103434047,0.318359640666077,
0.939525170271369),(-0.261472884269125,-0.632990413225019,-0.728666636780636),
(-0.210259476882575,-0.139589388290222,-0.967628934591059),(-0.242448806738226,
0.0735391786577423,-0.967373022837393),(-0.342448281080373,0.831736561576995,
-0.436970784974436),(-0.214794434307539,-0.32199391553086,-0.922053832133249),
(-0.323475511804649,0.323739853838187,-0.889132217557968),(-0.33766242816363,
0.411936863820712,-0.84634041899947),(-0.298249500848559,0.246265331368258,
-0.922171687816139),(-0.337341572624106,0.504467920566116,-0.794803611277147),
(-0.214971200842195,-0.404138157317249,-0.889078023915046),(-0.202591777925032,
-0.245915192496003,-0.947883056930985),(-0.264436809318379,0.177248765862109,
-0.947974708986413),(-0.324011504475304,0.603804998020146,-0.72831042099749),
(-0.232552867024948,-0.561654327508026,-0.794017367839006),(-0.195678612880167,
-0.159924738564628,-0.967540158575513),(-0.233122127164867,0.0975107512525982,
-0.967546240350445),(-0.318633261996368,0.771898059190247,-0.550132920818127),
(-0.204049766347308,-0.492498214499466,-0.846055081876143),(-0.178886631741183,
-0.178896364939483,-0.967468688690096),(-0.223405147056597,0.118483167079141,
-0.967497741282902),(-0.293500728518785,0.705661630708371,-0.644902306791459),
(-0.276999792490957,-0.911337519603405,-0.304524285276364),(-0.260736068159181,
-0.861958467868679,-0.434792252035809),(-0.185899000131953,-0.0174189114452641,
-0.98241444577836),(-0.183584203385789,-0.0368310336440203,-0.982313756000555),
(-0.186481393899944,0.0045902100624361,-0.982447769451749),(-0.186686707290469,
-0.00475605177386832,-0.982407987188911),(-0.178683263209312,-0.0541179406968969,
-0.982417192410434),(-0.243396860463518,-0.799747391500525,-0.548782359505669),
(-0.173115416173104,-0.0706968920670599,-0.982360932720388),(-0.186056282738238,
0.0177810029100883,-0.982378183587736),(-0.181307847033762,-0.341402651350933,
-0.922264438355147),(-0.177249112906716,-0.264437322254021,-0.947974501014086),
(-0.291115224166049,0.353715440861904,-0.888896683059747),(-0.273460133873278,
0.273540047370981,-0.922168855289686),(-0.296751015153217,0.442864140283462,
-0.846055664986959),(-0.245913841950081,0.202591256158311,-0.947883518827893),
(-0.286312436125879,0.534880259816593,-0.79493917791124),(-0.221546200548343,
-0.729740982346902,-0.646834893698517),(-0.164717282272878,-0.0895755767790123,
-0.982264950492149),(-0.183539772795675,0.036413180692543,-0.982337636494685),
(-0.276599416393351,0.91152967740478,-0.304313013295841),(-0.199160212150074,
-0.654531722047248,-0.729330812958154),(-0.155046237123873,-0.103992208216959,
-0.982418589494259),(-0.178606042373884,0.0544837499973517,-0.98241101511219),
(-0.261356497849937,0.861346884944081,-0.435630950264952),(-0.17522518032198,
-0.42180715612823,-0.889592524260487),(-0.159879469631689,-0.195924135772691,
-0.967497952562182),(-0.210446152429876,0.140056850384076,-0.96752079852991),
(-0.261213330386351,0.632487463321141,-0.72919627314603),(-0.17687842655348,
-0.581619822243894,-0.793997735886536),(-0.144693572506744,-0.118071488133332,
-0.9824066845076),(-0.173531104386593,0.0707628489956531,-0.982282838602196),
(-0.244317841043373,0.800135982491247,-0.547805806897546),(-0.14907328361697,
-0.281629117864277,-0.947872457708654),(-0.246491661346334,0.298424547522943,
-0.92205458098881),(-0.255761249535122,0.380651667438943,-0.888645312434711),
(-0.225887271778104,0.225455259542033,-0.947705052425848),(-0.252836302061591,
0.470277297292299,-0.845525320739285),(-0.147428002431506,-0.357258519857456,
-0.922296771157915),(-0.140055032592999,-0.210447421171097,-0.967520785703237),
(-0.195925220137826,0.15987835039961,-0.967497917924087),(-0.232506759966238,
0.561104038158536,-0.794419829140856),(-0.154672311225409,-0.510564434715785,
-0.84581347479426),(-0.132070719247696,-0.131874184903259,-0.982428890288502),
(-0.164551002998965,0.0889725259642806,-0.982347625352436),(-0.221104333987709,
0.729748803667066,-0.646977246151932),(-0.187076259576865,-0.933990028501209,
-0.304409427848481),(-0.177100869732898,-0.882409050546848,-0.435877906589518),
(-0.123433432627531,-0.00309511574938856,-0.99234802764367),(-0.123441711295995,
0.00310166582146194,-0.992346977413368),(-0.12128977987159,-0.0235716779023093,
-0.992337223578543),(-0.123300844229802,-0.0125437400910502,-0.992290056584639),
(-0.118584392214986,-0.0364534029185912,-0.99227460480386),(-0.16294507140621,
-0.819687315187469,-0.54914625467646),(-0.114245085611499,-0.0468073424249483,
-0.99234929994873),(-0.123166635767646,0.0124108181928512,-0.992308395321467),
(-0.148444871627987,-0.747735040420961,-0.647191184592323),(-0.10919919319136,
-0.0587573752004529,-0.992281767980199),(-0.121368415317285,0.0238513472161478,
-0.992320926414104),(-0.186406191620126,0.934296750017165,-0.303878782795121),
(-0.133776786895199,-0.437516988023587,-0.88920338307879),(-0.117898940101894,
-0.144939283239979,-0.982391186898952),(-0.154619134118691,0.104302096005385,
-0.982453050345547),(-0.197293225606112,0.654883587164436,-0.729522357705764),
(-0.134132330718803,-0.671482725281063,-0.728779436801738),(-0.102388360021109,
-0.0692303988418976,-0.992332492468315),(-0.118616651508424,0.0361192820535542,
-0.992282967428578),(-0.177017201123498,0.882605418544255,-0.43551416241349),
(-0.121136610510946,-0.295033011826112,-0.94777710645844),(-0.118483546477523,
-0.223404612854921,-0.967497818172864),(-0.214647342559486,0.321532150226697,
-0.922249204229934),(-0.202343283110354,0.246134830789194,-0.947879127764979),
(-0.214506593867362,0.403759169717217,-0.889362386238976),(-0.178899129491272,
0.178884823427105,-0.967468511846622),(-0.203235604008989,0.492381321351276,
-0.846319043651667),(-0.119023081858385,-0.59615884949685,-0.79399504542001),
(-0.095947296959705,-0.0786017931180671,-0.992278123473833),(-0.114110195445714,
0.0470236439545408,-0.992354593985727),(-0.163262202356151,0.819641656668712,
-0.549120212644907),(-0.113601005852285,-0.368772453047665,-0.922551727190707),
(-0.104301401758477,-0.154619005744619,-0.982453144253589),(-0.144939192036336,
0.117899458437809,-0.982391138148103),(-0.176728611498079,0.581766703931764,
-0.793923485025057),(-0.104436839243856,-0.522647003386849,-0.846128274234764),
(-0.0874196953950069,-0.0873564183797096,-0.992333942292066),(-0.109381911026529,
0.0586773629390129,-0.992266377853602),(-0.147750219314635,0.747203386300035,
-0.647963712096779),(-0.0975124334340716,-0.233121967322032,-0.967546109328993),
(-0.177498651620101,0.264773516299602,-0.947833958950296),(-0.181139605364702,
0.341522658889879,-0.922253065504858),(-0.159923129595535,0.195678251564666,
-0.967540497594269),(-0.174876547465239,0.422295800566339,-0.889429283288263),
(-0.0934566345103769,-0.304577949893158,-0.947891412507189),(-0.0889734219264665,
-0.164549533484988,-0.982347790357655),(-0.131873081762959,0.132070544099102,
-0.982429061911193),(-0.154988796459514,0.510044614205823,-0.846069125126112),
(-0.0891388289833057,-0.449187838683285,-0.888979501870838),(-0.0784876301298581,
-0.0959285361107545,-0.992288973976959),(-0.102292845065104,0.0692360256966586,
-0.992341950435543),(-0.134328092995715,0.672029342205464,-0.728239333356161),
(-0.0913788919452835,-0.949210524012782,-0.301080187342561),(-0.0879109200179265,
-0.895492634075339,-0.436307933068392),(-0.0817195235985743,-0.830811093280898,
-0.550522339913851),(-0.0744162584798986,-0.759018246879334,-0.646802536620007),
(-0.0926357400429916,0.948837065809213,-0.301872228290795),(-0.0668490071141186,
-0.682053305718963,-0.728240687139693),(-0.0875122937128825,0.895908823838404,
-0.435532981320126),(-0.0754618986580167,-0.379209697996052,-0.922228554533349),
(-0.0692347407102002,-0.102294812338107,-0.992341837295749),(-0.0959288468879707,
0.0784872779687686,-0.992288971787854),(-0.119166733112453,0.595956081016797,
-0.794125707440835),(-0.0587113420999606,-0.604935734015095,-0.794106879469281),
(-0.0806576598595752,0.830580192625785,-0.551027118682639),(-0.0735388219137896,
-0.242449334714125,-0.967372917632187),(-0.0707656806266999,-0.173529028096625,
-0.982283001407069),(-0.149114324685277,0.281530753635242,-0.947895222549004),
(-0.139586494007308,0.210259972476555,-0.967629244424178),(-0.147878298284333,
0.35714755615861,-0.922267657476105),(-0.118071845613817,0.144693057109895,
-0.982406717453387),(-0.134106845096796,0.437725303807126,-0.889051130422285),
(-0.0522530303642439,-0.53049318415178,-0.846077184650584),(-0.0747541625468469,
0.759131186443196,-0.646631005250494),(-0.0634989355722636,-0.31180183632048,
-0.948022942785862),(-0.058674191710854,-0.1093838366916,-0.992266353101678),
(-0.0873568088814002,0.0874194037267517,-0.992333933610112),(-0.10424625639958,
0.522860688185758,-0.846019750819441),(-0.0448145734371973,-0.455535556561154,
-0.889088865477553),(-0.067622509976244,0.682308643887646,-0.727930017667024),
(-0.0544824054068127,-0.178606647323317,-0.98241097969893),(-0.118333220514701,
0.223177479501345,-0.967568634033806),(-0.120736457613391,0.294549360910682,
-0.947978576651434),(-0.103990000374647,0.155047297198506,-0.982418655896517),
(-0.112790141911895,0.369037581285993,-0.922545200782096),(-0.049264181960042,
-0.24797624224902,-0.967512699480406),(-0.0470237210145415,-0.114109704089551,
-0.99235464683476),(-0.0786011334534205,0.0959482093700247,-0.992278087502956),
(-0.0893122141077672,0.448883152840455,-0.889115989906369),(-0.0378774662462912,
-0.384395475509156,-0.922391140438183),(-0.0584984503569014,0.604385627658248,
-0.794541342150291),(-0.0223003806242456,-0.952759436816167,-0.302906171250693),
(-0.020789107671839,-0.900145547385467,-0.435092871148594),(-0.0198734250487934,
-0.834995148679291,-0.549898307561388),(-0.018965408908831,-0.762262160797099,
-0.646990503393875),(-0.0217825740338181,0.952542166460458,-0.30362631734301),
(-0.0165850072380283,-0.683824197083302,-0.729458295599064),(-0.0211501427855429,
0.900128754872968,-0.435110211453364),(-0.0298173442327114,-0.31731805012095,
-0.947850294640639),(-0.0521550106469965,0.530844515174502,-0.84586284678638),
(-0.013863095609073,-0.607209472292165,-0.794420840196684),(-0.0203402025294743,
0.834947534713146,-0.549953534798623),(-0.0364116237341884,-0.183539619691691,
-0.982337722812511),(-0.0361210837972829,-0.118615312234143,-0.992283061937926),
(-0.0978263952998739,0.233763449383483,-0.967359626051743),(-0.0895763436925246,
0.164716132294091,-0.982265073395544),(-0.0938141336919502,0.304652345421973,
-0.947832188073669),(-0.0692279272681335,0.102389918710963,-0.992332504069337),
(-0.0760666613075162,0.379022855356347,-0.922255679383461),(-0.0127568268294104,
-0.533013580875413,-0.846010511738249),(-0.0189921934616529,0.762611783221128,
-0.64657757823776),(-0.0243190162785937,-0.251519683396485,-0.967546605756732),
(-0.0445484704922436,0.455438714473268,-0.889151849312444),(-0.0108482529457085,
-0.45751599755652,-0.889135213220064),(-0.016066210550355,0.683779351648167,
-0.729511943108654),(-0.0100454968064474,-0.385553962057588,-0.922630603402904),
(-0.0138699686643878,0.606813545769717,-0.794723187430461),(-0.0238514139973853,
-0.121368277474444,-0.992320941668174),(-0.0707020713619931,0.173113621715666,
-0.982360876196527),(-0.073811993527705,0.242176653901465,-0.967420414254607),
(-0.0587592576466459,0.10919816306855,-0.992281769873492),(-0.0631759544285541,
0.312336297704446,-0.947868575235154),(-0.0177817595197934,-0.186056367849167,
-0.98237815377336),(-0.0377344329133275,0.384700206035177,-0.922269951830375),
(-0.0070550013775209,-0.317481504968635,-0.948238219519976),(-0.0129600825913068,
0.533351208446703,-0.84579461142033),(0.0217855123070226,-0.952544879904989,
-0.303617593726566),(0.0203427940220025,-0.834946654983386,-0.549954774561902),
(0.0211529581165428,-0.900129489784552,-0.435108554251835),(0.0223001021960247,
0.952757365457622,-0.302912706911246),(0.0207863408163509,0.900144809318827,
-0.435094530294096),(0.0160671065235572,-0.683777339764043,-0.729513809131238),
(0.01899419592656,-0.762609302134125,-0.646580445744848),(-0.00499275693771709,
-0.252454003839428,-0.967596015041196),(-0.0109620300547828,0.457163205515827,
-0.88931526323322),(-0.0124122796277138,-0.123166028181739,-0.992308452456381),
(-0.0541179329275444,0.178683408874615,-0.982417166344622),(-0.0468100741743465,
0.114243929305901,-0.99234930421326),(-0.0489595960320196,0.24769466129572,
-0.967600285614871),(-0.0304406237749973,0.316868277496768,-0.947980940283306),
(0.0189631367873082,0.762264768324638,-0.646987497880887),(0.0198708206786397,
0.834996062822232,-0.549897013591571),(0.0129598793203577,-0.533351906003326,
-0.845794174661082),(0.0138699770553384,-0.606813743847039,-0.794723036041377),
(0.0109609776643295,-0.457162932661797,-0.889315416468593),(0.0138627809921214,
0.607209039772234,-0.794421176279967),(0.0165835835817142,0.68382623835301,
-0.729456414390579),(-0.00458999317025055,-0.18648211166684,-0.982447634223307),
(-0.010066601914549,0.386161365690245,-0.922376313211771),(0.0127568190793424,
0.533013094233895,-0.846010818454578),(-0.0364527273417485,0.118583905901322,
-0.992274687740514),(-0.0368272356259852,0.18358402363078,-0.982313931991032),
(-0.0243225083110545,0.251717174817154,-0.967495157347844),(0.00663232411181439,
-0.317157702151864,-0.948349621312006),(0.0100665074517542,-0.386163258033126,
-0.9223755219936),(0.0108490583344751,0.457516010069447,-0.88913519695454),
(-0.0031034105676632,-0.123441772048914,-0.992346964401198),(-0.00662957204866544,
0.317157687320661,-0.948349645514702),(-0.023571692438155,0.121289760784134,
-0.992337225566253),(-0.0174170040404791,0.185899670348973,-0.982414352773002),
(-0.005041337838912,0.252225277969132,-0.967655410808097),(0.00475584579135433,
-0.186687198501772,-0.982407894841226),(0.00503836418630165,-0.25222467608638,
-0.967655583180011),(0.00705229571857474,0.317483397339108,-0.948237606056159),
(0.0100462710282641,0.385551337728934,-0.92263169163749),(0.092637329910753,
-0.948836526467851,-0.301873435643862),(0.087515810211213,-0.895909523337891,
-0.435530835826291),(-0.0125435348441617,0.123300919406467,-0.992290049837815),
(-0.00309520118297095,0.123433733204512,-0.992347989989819),(0.00309704674186754,
-0.123433808996352,-0.992347974804267),(0.0913746228221153,0.949211988126381,
-0.301076867097556),(0.0806588388525617,-0.830579519667594,-0.551027960473608),
(0.0747540089597722,-0.759129608254321,-0.646632875761883),(0.0879067011869055,
0.895492289972569,-0.436309489337695),(0.0676202539759027,-0.682308508725183,
-0.727930353930547),(0.0584947967765595,-0.604385770330088,-0.794541502611774),
(0.0817172711615274,0.830811687519009,-0.550521777476359),(0.074416023326104,
0.759020020924002,-0.646800481840309),(-0.00475314657263128,0.186685773694092,
-0.982408178659918),(0.0521549826076843,-0.530846144963849,-0.845861825693897),
(0.0445465732179875,-0.455438316977515,-0.889152147972001),(0.0668508349497711,
0.682053656960669,-0.728240190385766),(0.0587155389065551,0.604933896202678,
-0.794107969180489),(0.0377354670176741,-0.384700822865026,-0.922269652225383),
(0.0522543233572529,0.530493072956683,-0.846077174515098),(0.0045881103664549,
0.186481625864561,-0.982447735229806),(0.0049951661398742,0.252452639506567,
-0.967596358571798),(0.0448167294059296,0.455534587433047,-0.889089253347244),
(0.0304441700913464,-0.316867315859785,-0.94798114783326),(0.0243242410440555,
-0.251718091475431,-0.967494875294747),(0.0378763432103667,0.384395130138306,
-0.922391330483415),(0.0298140256634056,0.317320022210184,-0.947849738818485),
(0.0174198687699635,-0.185899503516344,-0.982414333549961),(0.0125443441036234,
-0.123300347930327,-0.992290110618497),(0.00310157620357597,0.123441710468772,
-0.992346977796374),(0.0243183483706779,0.251517723089017,-0.967547132136021),
(0.0177777376397088,0.186057403809621,-0.982378030359005),(0.0124113213624084,
0.123166130096017,-0.992308451792692),(0.177019013849859,-0.882606387720104,
-0.435511461492453),(0.18640734087007,-0.934295761906447,-0.303881115822292),
(0.163266419862997,-0.819642965420157,-0.549117005184114),(0.147749595189326,
-0.747203806590415,-0.647963369750315),(0.134325897414341,-0.67203093382053,
-0.728238269574004),(0.119165067097816,-0.595955926792778,-0.794126073179904),
(0.104245804441606,-0.522859684249408,-0.846020426965526),(0.0893136127330131,
-0.448882710629318,-0.889116072669173),(0.0760675366006665,-0.379022809898215,
-0.922255625871899),(0.0631728269139859,-0.312334855083062,-0.94786925904364),
(0.0489612039671555,-0.247695021768587,-0.967600111976609),(0.0368295160989448,
-0.183583775734504,-0.982313892821933),(0.023572603334976,-0.121290044894611,
-0.992337169202825),(0.123441725973373,-0.00310174335942593,-0.99234697534524),
(0.12136831818667,-0.0238510678381674,-0.992320945008982),(0.123166605614666,
-0.0124111808599007,-0.992308394528145),(0.0364544109983792,-0.118583768305662,
-0.992274642331038),(0.0468064626606788,-0.114244887518896,-0.992349364250811),
(0.0587564508373964,-0.109199522672619,-0.99228178645638),(0.0692295467867996,
-0.102388967999299,-0.992332489180785),(0.0786017548206319,-0.0959477069306588,
-0.992278086865706),(0.0873569653410279,-0.0874193500193938,-0.992333924568032),
(0.0959280303906639,-0.0784877648284297,-0.992289012212473),(0.102293947411571,
-0.0692355126770411,-0.992341872595985),(0.109383238440101,-0.058675038325232,
-0.992266368988634),(0.114109540429893,-0.0470243122087692,-0.992354637639272),
(0.118616441679748,-0.0361198429931101,-0.992282972092834),(0.0238505967628822,
0.121367843489907,-0.992321014390335),(0.0492626170223086,0.247976696196321,
-0.967512662815154),(0.0364102561951917,0.183539819719004,-0.982337736128118),
(0.0635007857734271,0.311801746151673,-0.948022848513117),(0.0754595510668527,
0.379211166495125,-0.922228142792333),(0.0891375912250348,0.449188296614142,
-0.888979394595558),(0.104436300774172,0.522648445907401,-0.846127449661802),
(0.119024921366314,0.596159005323923,-0.793994652667721),(0.134135633958382,
0.671479877145374,-0.728781453037477),(0.148444570541985,0.747734582505521,
-0.647191782705791),(0.162943517134244,0.8196868541429,-0.549147404044887),
(0.177100816157207,0.882406829370783,-0.435882424968308),(0.187074495322987,
0.933991326968992,-0.304406528094177),(0.92274508567613,0.0914341165518586,
0.374407944882227),(0.909347718563396,0.180467814800033,0.374857432319073),
(0.927241183997472,-0.0226754611177317,0.373777487500337),(0.927197783763707,
0.0229675781969089,0.373867302843454),(0.887624539115389,0.267886041096442,
0.374646161792522),(0.847243135075841,0.0834087693655309,0.524616095120792),
(0.835696200440852,0.165845395399267,0.523552447605379),(0.850181165763646,
0.0209536516806981,0.5260731221627),(0.922528044873995,-0.0916117995698121,
0.37489903254149),(0.849841974538001,-0.0212423997458521,0.526609322711237),
(0.814710210185813,0.247013005234297,0.524625436539357),(0.856534119971747,
0.353624190040623,0.375897903083188),(0.784869085718775,0.324827237214857,
0.527700468302178),(0.76152712299241,0.0179403763617341,0.647884699497451),
(0.759276040547687,0.0740170397351503,0.646545723115599),(0.847007086711004,
-0.0835241965284397,0.524978764956847),(0.909124644869361,-0.180751554396665,
0.375261582998244),(0.761971721427172,-0.0182644037783745,0.647352691583138),
(0.748521982313731,0.14878339365165,0.646203020548976),(0.729223652387606,
0.222387500947226,0.647129557523783),(0.70295495644568,0.29222316595879,
0.648428832244121),(0.836122560247851,-0.165138145132138,0.523095074787458),
(0.888120241371499,-0.267430748961195,0.37379570807633),(0.759872002909811,
-0.0737257006817263,0.645878518184976),(0.817032793684387,0.437963545703192,
0.375027127924599),(0.672269225205209,0.065893144043629,0.737368417014205),
(0.661378684197094,0.131376456490038,0.738456811716056),(0.674595983719035,
-0.0161840426941393,0.738009712342746),(0.674988267057543,0.016146554851478,
0.737651766147877),(0.644862428194154,0.197074407155897,0.738453875843097),
(0.748682837815217,0.400122267242653,0.528560478675386),(0.671266851975533,
0.35867639652325,0.648654034147599),(0.622706099586783,0.259425467548798,
0.738197494119631),(0.814766891037777,-0.24659767246014,0.524732790290331),
(0.748384262590889,-0.148528236998595,0.646421192660313),(0.856596440186435,
-0.354157346456874,0.375253397866766),(0.671961364858697,-0.0655153591948427,
0.737682629486968),(0.595805802839719,0.31741715773682,0.737741006910146),
(0.729112345920798,-0.222155807880242,0.64733452252367),(0.784558207484908,
-0.325355326300468,0.527837409356313),(0.661678218779926,-0.131649397704139,
0.738139804424854),(0.817110200946394,-0.437272371848671,0.375664467746393),
(0.769900011726505,0.514881446258267,0.377029267090132),(0.706404037666344,
0.472650780079248,0.526872447238575),(0.586802118314964,0.0574369780757132,
0.807690700386355),(0.578422975755093,0.116101183110418,0.807432583191305),
(0.588935624634748,-0.0136520488167957,0.808064633305519),(0.588490529189101,
0.0135281413465825,0.80839092427268),(0.564229425950388,0.171674400912208,
0.807572321815904),(0.633884312677145,0.423105604888581,0.647435190002591),
(0.545809697398934,0.226654977678724,0.806671739506685),(0.586980472098772,
-0.0572698751194538,0.807572960653404),(0.561893869262799,0.375390284073286,
0.737127814092141),(0.521262370761051,0.277405187639102,0.807051363111099),
(0.702764302654817,-0.292451510396927,0.648532535020908),(0.644637962864046,
-0.197125857448248,0.738636103341683),(0.748517574698721,-0.400645826671587,
0.528397920073296),(0.57776701430013,-0.115915845659792,0.807928705958446),
(0.769280531026778,-0.515572553604866,0.377349183850338),(0.716748277208629,
0.587639748709785,0.375434991516191),(0.657288654748549,0.538944271108893,
0.526792840666753),(0.509336356808728,0.0122155544265094,0.860480828294777),
(0.50896817134363,-0.0121060414636488,0.860700205831973),(0.500232111094372,
0.0995297886491665,0.860152112246154),(0.507219842398913,0.0493305531003457,
0.860403700600849),(0.488241493247958,0.148126346148206,0.860045830085692),
(0.58889421787437,0.484160584004158,0.647141506203154),(0.47139723347224,
0.195560153696033,0.859965624057789),(0.506883150571434,-0.049688827063307,
0.860581484887892),(0.491144294969359,0.327904141603504,0.807004433344899),
(0.622175172104429,-0.259442029846815,0.738639213937216),(0.670789173915012,
-0.359147659694249,0.648887388299819),(0.563797871566236,-0.172296470224159,
0.807741224876927),(0.706407007489707,-0.472417889306135,0.527077297588288),
(0.521562204595442,0.427881645223059,0.738166759220944),(0.450069085656055,
0.241231038703293,0.859793814878226),(0.500604863895811,-0.0994742244220892,
0.859941654369342),(0.716884160917274,-0.587626022389593,0.375196958458517),
(0.4564910251398,0.374735305539281,0.806963069011956),(0.424021969007731,
0.282347734448956,0.86051445464347),(0.595828218466723,-0.317562464107714,
0.737660365933135),(0.546582736332376,-0.226105701000959,0.806302377720838),
(0.634388773813269,-0.422807448536899,0.647135801143326),(0.489064309725125,
-0.148081667540993,0.859585900705314),(0.658124330530018,-0.538560937490453,
0.526141123819285),(0.655582589761148,0.656021880700085,0.373960907107667),
(0.600737668015345,0.599861149758747,0.528470297403363),(0.440066597285832,
0.010230590243048,0.897906857628645),(0.43847047351438,0.0421011948784456,
0.89775895052396),(0.440454975728342,-0.0102147293334248,0.897716588718728),
(0.432397394560433,0.0860678057892085,0.897566056613094),(0.421248805526658,
0.128876197427005,0.897741816770902),(0.538248108183369,0.537323119285396,
0.649286407926761),(0.406163715085171,0.168303554995828,0.898167551141756),
(0.438898024508532,-0.0422974420174183,0.897540779285984),(0.477730741286588,
0.479024089332196,0.736416499454777),(0.388450101017037,0.206697113183674,
0.897988208397743),(0.432513432429466,-0.085731465756634,0.8975423369108),
(0.656022310243633,-0.655583911516892,0.373957836423866),(0.394259123147773,
0.323770525011578,0.860076968037441),(0.521949023972159,-0.277690216721428,
0.806509367528807),(0.562652797513572,-0.3746522224224,0.736924379895324),
(0.471341390962525,-0.195567821390691,0.85999448858816),(0.588991140180333,
-0.48341675424147,0.647609201994315),(0.417881155665672,0.41792502445551,
0.806668465773507),(0.366329331914681,0.245361941681652,0.897552415267851),
(0.420847880507479,-0.128630796499181,0.89796502140359),(0.599862509573082,
-0.60073783259949,0.528468566796882),(0.587624608250512,0.716885992588459,
0.375195673494368),(0.538560769002263,0.658124392667802,0.526141218559549),
(0.3691275353996,0.0358563537870717,0.928686806465405),(0.363626608719634,
0.0723704359804433,0.928729352086526),(0.370529936294225,-0.00916712136787744,
0.928775285090869),(0.370864152096176,0.00935919104388893,0.92863996588182),
(0.354577503794782,0.108598470330509,0.928698641134214),(0.483416106839923,
0.58898925377936,0.647611400903478),(0.34286564268707,0.141659954216683,
0.928641808468749),(0.368867546023932,-0.0360144883534525,0.928783984637398),
(0.429014571040427,0.520456570162174,0.738289547813068),(0.327632464530149,
0.174932251355221,0.928469534029897),(0.363489023470097,-0.0723527089523906,
0.928784590378203),(0.587641202592314,-0.716750465511654,0.375428538079733),
(0.36037825305687,0.359881284161834,0.860588738035601),(0.339745345898869,
0.27902358036006,0.89817534008851),(0.490404968679081,-0.328007609948253,
0.807411898915854),(0.449024448426022,-0.24064258412839,0.860504614409311),
(0.520453313598575,-0.429015615214727,0.738291236752945),(0.405622219793955,
-0.168903482087832,0.898299631831178),(0.537320362025875,-0.538247302622392,
0.649289357507192),(0.374626936203234,0.456784657808683,0.806847219157123),
(0.30803965547559,0.205620418851491,0.928887406527733),(0.354438061464134,
-0.108656629004092,0.92874506596752),(0.538941222162227,-0.657291124778802,
0.526792878028265),(0.310905537088624,0.311103789540008,0.89808250130012),
(0.424385731532162,-0.282974493434222,0.860129168751739),(0.456781035703461,
-0.374625943474946,0.806849730679251),(0.389371194435097,-0.206786721697462,
0.897568562659033),(0.479020533397232,-0.477731184356733,0.736418525077244),
(0.51557409066134,0.769280575184386,0.377346993737477),(0.472420996058161,
0.706407556522334,0.527073777161756),(0.307543163937677,0.0298845250512747,
0.951064728332232),(0.303245645991909,0.0601640182764255,0.951011234997665),
(0.308868554303896,-0.0075299854540376,0.951074926323517),(0.308560507592886,
0.00760624292473224,0.951174304858258),(0.295849420752288,0.0901325683369812,
0.950972786343287),(0.42280972048369,0.634385427171821,0.647137597467903),
(0.285900466326568,0.118425916850354,0.950913363862557),(0.307553658194524,
-0.0300790635435975,0.951055202008541),(0.323408629903088,0.39479054800769,
0.859969349051462),(0.286408771976358,0.236209600584934,0.928533811945747),
(0.343100155322206,-0.141773139350641,0.928537915422166),(0.484160565007516,
-0.588891194480124,0.647144271670063),(0.374655099428837,0.562649800927837,
0.736925205151672),(0.272795626721764,0.145322069243773,0.9510331446549),
(0.303341194094697,-0.0600471675869638,0.950988147996591),(0.514877341617157,
-0.769901690514174,0.377031444355329),(0.328009206713246,0.490408867823783,
0.80740888196201),(0.256974134567098,0.172708043441857,0.950860781552156),
(0.295985860021892,-0.0903086766267396,0.950913620468772),(0.472654115406847,
-0.706409007453978,0.526862791793894),(0.279356113810837,0.339329922781635,
0.898229015998435),(0.262270851522146,0.261975562426613,0.928753360765445),
(0.394792571906428,-0.323409153814448,0.859968222899271),(0.366272621510523,
-0.24469503772817,0.897757598265266),(0.417926457550924,-0.417880244455689,
0.806668195339688),(0.327627670351264,-0.174375635242181,0.928575924442417),
(0.427881666464063,-0.521560245213162,0.738168131333995),(0.282974391198201,
0.424384485897311,0.860129816978625),(0.239229368627358,0.195753994521857,
0.95102559524699),(0.286091748928749,-0.118125699930593,0.950893174973297),
(0.423105979632244,-0.633884507936842,0.647434753930546),(0.437277063490812,
0.817108967116739,0.37566169035752),(0.400647707317702,0.748518393696588,
0.528395333929956),(0.252727932198474,0.00718655909534417,0.967510695369851),
(0.252470579012273,-0.00695201693731832,0.967579596825869),(0.247960912548947,
0.0492954088901331,0.967515037872925),(0.251398302474838,0.0242412586514042,
0.967580102571237),(0.241390433326476,0.0736082954188758,0.967632408274952),
(0.359148288765514,0.670789885596332,0.648886304415853),(0.23331566871628,
0.0970733411004987,0.967543572754768),(0.251397820864217,-0.0246727949906256,
0.967569319920838),(0.317563941142131,0.595825666541172,0.737661791322449),
(0.222506300079788,0.118919861516951,0.967651286859886),(0.248143417749162,
-0.0488629357027176,0.967490184829943),(0.437969085718626,-0.817033069363699,
0.375020057491494),(0.235607789678131,0.286542091550631,0.928645572440194),
(0.33933027012316,-0.279357775956221,0.898228367839125),(0.359882254000545,
-0.360377883451296,0.860588487242684),(0.307875021558398,-0.206318806109376,
0.928787123805029),(0.374740058486888,-0.456490497715451,0.806961160193441),
(0.244695614489786,0.366270960466593,0.897758118742652),(0.218852557210863,
0.219348033603344,0.950783886252082),(0.272671321718576,-0.145746591403046,
0.9510038282818),(0.375390414767501,-0.561892863524989,0.737128514182142),
(0.277688418809733,0.521948616108545,0.806510250524645),(0.209965713323093,
0.139813368047765,0.967660385333545),(0.241325569262151,-0.0739701178614463,
0.967620995681606),(0.400123205981384,-0.748684382659223,0.528557579831523),
(0.240640261533677,0.449026757015571,0.860504059265895),(0.195190801398652,
0.160517295196241,0.967540567104158),(0.233228430877925,-0.0967285751389064,
0.967599132793027),(0.358675067219992,-0.671267276493768,0.648654329873296),
(0.206322236254002,0.307872221063964,0.928787290139292),(0.196361415032999,
0.239144176822658,0.950921793513037),(0.311102494210397,-0.310905874415666,
0.898082833234162),(0.286541477561029,-0.235609309484061,0.92864537629904),
(0.323770004553433,-0.394257179204424,0.860078055060842),(0.256828105979492,
-0.172144042810908,0.951002498684259),(0.327904647642294,-0.491145257815701,
0.807003641738828),(0.354155730791087,0.856599654688838,0.375247584848717),
(0.325352601193922,0.784557453785798,0.527840209348903),(0.197519124641583,
-0.00558290514924027,0.980283135920902),(0.1973073879989,0.0194710108805225,
0.980148292033579),(0.197704383313933,0.00543030825237755,0.980246646804131),
(0.194411988303133,0.0387779189967683,0.980153177723922),(0.189484140453473,
0.0584591815497271,0.980141971659792),(0.292452207086169,0.702763539013481,
0.648533048351182),(0.183270235134805,0.0755245498515657,0.980157162542493),
(0.197163702719698,-0.0191938194954539,0.980182672578451),(0.20678600681564,
0.389371851241339,0.897568442429955),(0.178599110039569,0.178375459079208,
0.967617979107124),(0.222333369277255,-0.119074406371442,0.967672030521247),
(0.317416847728096,-0.59580624329439,0.737740784578014),(0.259441139685753,
0.622174455374126,0.73864013031954),(0.174913450396065,0.0939155130211221,
0.980094465490201),(0.194261024764045,-0.0388976592644005,0.980178364565028),
(0.353624838664818,-0.85653404331374,0.375897467567816),(0.226104830892784,
0.546579425946849,0.806304865778794),(0.164799124450386,0.110182121739285,
0.980153635217161),(0.189249272837188,-0.058303562181135,0.980196616688502),
(0.324826754368121,-0.784869493749288,0.527700158639741),(0.172146144329419,
0.256827987574994,0.951002150255557),(0.261972848771048,-0.262273098308222,
0.92875349173534),(0.279021455276839,-0.339744810444728,0.89817620279713),
(0.239141741406413,-0.196361170697094,0.950922456438786),(0.282343626551883,
-0.424019066838119,0.860517232542883),(0.174376072775828,0.327628924811848,
0.928575399668714),(0.160183065604239,0.195225195043429,0.967589018495912),
(0.210263568199096,-0.140076910461193,0.967557590556671),(0.277404852350422,
-0.52126233818977,0.807051499396026),(0.19556853158851,0.471341100931851,
0.859994486043175),(0.1531710294853,0.125444483960136,0.980205242370387),
(0.183261560994084,-0.0757479233190948,0.980141547111873),(0.292221578977688,
-0.702954876685069,0.648429633903685),(0.168903385285154,0.405623329479243,
0.898299148959515),(0.140062811914973,0.139977420891323,0.980198311750782),
(0.175098643496038,-0.0935833146071013,0.980093173261091),(0.259426682897455,
-0.622707845248676,0.738195594450802),(0.267427899155535,0.888121513080154,
0.373794725427572),(0.246595383360167,0.81476931309458,0.524730105239673),
(0.147795759550019,0.0138351045220237,0.988921131001809),(0.145649258860274,
0.0288517933060733,0.988915500645266),(0.148004432831251,-0.00295538545516117,
0.988982281721524),(0.147658479069856,0.00280218178480505,0.989034438902924),
(0.142237925252645,0.0428861822833974,0.988903002315686),(0.222156306769499,
0.729116075179712,0.647330150909927),(0.137571106576479,0.0564935802036173,
0.988879500258298),(0.14804295444878,-0.0136301696297611,0.988887001691265),
(0.145746611083717,0.272670808963713,0.951003972282286),(0.140076960462071,
0.210263780746674,0.967557537128321),(0.236210472321353,-0.28640945281917,
0.928533380176258),(0.219348934201152,-0.218852536490408,0.950783683251103),
(0.245362783555366,-0.36632825080766,0.897552626371381),(0.19522630478486,
-0.160181964801504,0.96758897682455),(0.241231967072342,-0.450067148307045,
0.859794568532026),(0.197125067535186,0.644637667925698,0.738636571556381),
(0.131156417279014,0.0703482306108134,0.988862538807321),(0.145629044824535,
-0.0290330799005073,0.988913171908932),(0.267881529153318,-0.887624423175547,
0.374649662645994),(0.172296212120461,0.563796588426702,0.807742175553161),
(0.123415987235255,0.083242316568939,0.988857528073172),(0.142450076925451,
-0.0428839702712711,0.988872560382634),(0.247010751774084,-0.814711549094273,
0.52462441830362),(0.141772174571545,0.343100860142859,0.928537802292662),
(0.12553450059303,0.153428110959652,0.980153510389169),(0.164610106166218,
-0.110337144149502,0.98016795885648),(0.226655236789607,-0.54581024667187,
0.80667129505384),(0.148082310201946,0.48906527556461,0.859585240474827),
(0.11464216523772,0.0950561638193327,0.988848572669021),(0.137722771278985,
-0.0564439027648662,0.98886122591186),(0.22238749353689,-0.729224238050399,
0.647128900110477),(0.119073089893943,0.222333683707595,0.967672120272213),
(0.195753736097789,-0.239229285717602,0.951025669295421),(0.205624388590504,
-0.308039574568444,0.9288865545999),(0.178375798116259,-0.178599445250046,
0.967617854735413),(0.206700325384976,-0.388450547553309,0.897987275851545),
(0.118124228204946,0.286092363665798,0.950893172844932),(0.110336624814408,
0.164610011582957,0.980168033202075),(0.153429015597934,-0.125533867605879,
0.980153449851889),(0.195559799537781,-0.47139491953039,0.859966972997033),
(0.128631407280848,0.420846842917404,0.89796542019579),(0.105086802731335,
0.10501825924719,0.9889023860404),(0.13104993378049,-0.0704066369798193,
0.988872499529298),(0.197074624679851,-0.644863987146573,0.738452456417284),
(0.180754782504435,0.909121975005761,0.375266496190906),(0.165137773590751,
0.836124816607539,0.523091585467114),(0.0963653450141711,0.00261310485380504,
0.995342600295658),(0.0962340645250068,-0.00251163140924161,0.995355562868195),
(0.0947481168484036,0.0186165577085888,0.995327191496728),(0.0961121858391714,
0.00931710099352023,0.99532690075286),(0.0923624600008997,0.0277833018054251,
0.995337763838673),(0.148526712052668,0.748386336184596,0.646419142367412),
(0.0891219913379808,0.037190994249824,0.995326127762485),(0.0959575436502257,
-0.00946601227224293,0.995340416354263),(0.13164765399045,0.661676474959524,
0.738141678598323),(0.0850377792456317,0.0451272118325739,0.995355268661993),
(0.0924105667035358,-0.0278405164700309,0.995331699889144),(0.0948209161495599,
-0.0185249419644673,0.995321968202135),(0.180467420917683,-0.909347108387765,
0.374859102135896),(0.108655549354083,0.354438477982553,0.928745033321833),
(0.0949161740577119,0.114420961518097,0.988887639455323),(0.123376191262522,
-0.0830448422321033,0.988879097568656),(0.171670756227025,-0.564230755685814,
0.807572167545822),(0.115913923906195,0.577765737937723,0.807929894427695),
(0.0803722592346186,0.0536986529142155,0.995317414004559),(0.0890412416343836,
-0.0370869376184438,0.995337237496062),(0.165848370558969,-0.835699657200877,
0.523545987413972),(0.0967283414805343,0.233227323064733,0.967599423175977),
(0.0935823982325707,0.17509925474046,0.980093151557737),(0.17271032904084,
-0.256972194567698,0.950860890699405),(0.160517349028397,-0.195191044707046,
0.967540509088414),(0.174933239355963,-0.327633816537173,0.92846887079197),
(0.139978697121235,-0.140062291294959,0.980198203890135),(0.168305517526981,
-0.406163463014297,0.898167297379619),(0.0994719130614766,0.500605876879379,
0.859941332037086),(0.0745767537370523,0.0611929569051292,0.995335988411576),
(0.148783177417851,-0.748522094149288,0.646202940791678),(0.0903089563871086,
0.295986201754238,0.950913487530475),(0.0830444500334328,0.123375581822995,
0.988879206540658),(0.114420482649799,-0.0949165485144126,0.988887658922032),
(0.148127090849185,-0.488244475668811,0.860044008720161),(0.0857300318515759,
0.432514041622268,0.897542180311488),(0.0683893098293045,0.0685897601127304,
0.995298119715269),(0.0849633419521656,-0.045309511436974,0.995353343641173),
(0.131372323246374,-0.661376099958776,0.738459861528146),(0.0757470113918388,
0.183262678293889,0.980141408680276),(0.139814626513829,-0.209965862684021,
0.967660171093217),(0.145321282156879,-0.272794598695188,0.951033559804812),
(0.125446036239023,-0.153170925806188,0.980205059913278),(0.14165990896303,
-0.342865841320383,0.928641742034167),(0.0739718696221427,0.241324490368454,
0.967621130842548),(0.070408264504278,0.131048943463792,0.988872514890832),
(0.105018902353524,-0.105086486320877,0.988902351368017),(0.128876936313653,
-0.421249070394613,0.897741586414532),(0.0723527504459258,0.363487596583513,
0.928785145570735),(0.0614061478429505,0.0745050749256512,0.99532822667571),
(0.0805674029403296,-0.053572544954644,0.995308432602946),(0.11609810679185,
-0.578423393835561,0.807432726029296),(0.0914384329422477,-0.922746237279255,
0.374404052552912),(0.0834105244218092,-0.847242323691168,0.524617126447535),
(0.060045124987961,0.303342872941546,0.950987741456613),(0.0535723623823542,
0.0805677242541742,0.995308416420396),(0.0745058277049243,-0.0614058974539703,
0.995328185773857),(0.0995282690089223,-0.500235354577118,0.860150401789822),
(0.0740154222496342,-0.759273171126762,0.646549277995358),(0.0583045396691097,
0.189249092287453,0.980196593404787),(0.0564446468393703,0.137723021662593,
0.98886114856804),(0.118917918771852,-0.222505743870102,0.967651653509559),
(0.110180614368739,-0.16480055498265,0.98015356413918),(0.118424191617467,
-0.28589966514842,0.950913819600794),(0.095055473045797,-0.114641683053191,
0.988848694973489),(0.108597429226525,-0.354576707406734,0.92869906693718),
(0.0658962577964294,-0.672267817401397,0.737369422267285),(0.0488613921052496,
0.248143999711535,0.967490113525042),(0.0453110497247115,0.0849617079379385,
0.995353413093617),(0.0685879524292176,-0.0683911953095785,0.995298114730302),
(0.0860643836363805,-0.432397762068604,0.897566207712474),(0.0574424535900158,
-0.586804760754766,0.80768839120115),(0.0428844664370327,0.142450652515023,
0.988872455949935),(0.0939120460075165,-0.174915421168611,0.980094445985737),
(0.0970752874332881,-0.23331452574089,0.967543653096876),(0.0832427530157336,
-0.123415230587196,0.988857585767269),(0.090133878876159,-0.295848462470627,
0.950972960253079),(0.038898086915825,0.19426052352058,0.980178446934944),
(0.0370883503163193,0.0890407495003733,0.995337228882365),(0.061191596757668,
-0.0745774311054163,0.995336021279228),(0.0723686770126654,-0.363627600690388,
0.928729100762751),(0.0493305487176867,-0.507219893120853,0.86040367095084),
(0.0229710996675033,-0.927202440766888,0.373855536826714),(0.0209536133434768,
-0.850176607842934,0.526080489625432),(0.0421015369883886,-0.438470547530285,
0.897758898330564),(0.0179429893445324,-0.761529493226572,0.647881841140391),
(0.0290308295037396,0.145630323154325,0.988913049724945),(0.0755242552306227,
-0.183269953389202,0.980157237924905),(0.0703477300250483,-0.131157182305644,
0.988862472950595),(0.0736090678027125,-0.241389260126851,0.96763264219053),
(0.0536993455468219,-0.0803720433078005,0.995317394072048),(0.060164340960574,
-0.303246263958881,0.951011017534371),(0.0161525190744407,-0.674990796299506,
0.73764932118081),(0.0191934609456046,0.197163523740152,0.980182715601176),
(0.0358561864687582,-0.369128167965073,0.928686561497832),(0.0135281350934821,
-0.588486556368583,0.808393816486952),(0.0122156196100117,-0.509336375006416,
0.860480816597829),(0.0278398047865426,0.0924103136234335,0.995331743292389),
(0.0564954576109569,-0.137570922370972,0.988879418628646),(0.0584596427602878,
-0.189484408917216,0.980141892251134),(0.045127364223169,-0.0850374833193578,
0.995355287035227),(0.0492940110200108,-0.247959293486916,0.967515524036193),
(0.0136292311040091,0.14804293855575,0.988887017006135),(0.0298799034442214,
-0.307542498954358,0.951065088575473),(0.0102305902429771,-0.44006659728581,
0.897906857628657),(-0.0226766955559339,-0.927244257307463,0.373769788464765),
(-0.0182645453689019,-0.76197551092432,0.647348227103534),(-0.0212437977425596,
-0.849838143641836,0.526615448566476),(0.00935862461963223,-0.370862892502197,
0.928640474624132),(0.0185242335999066,0.0948212729041376,0.995321947399119),
(0.0094659168126607,0.0959573499851766,0.99534043593271),(0.0428892343826035,
-0.142238453445915,0.988902793976935),(0.0371917525600294,-0.0891216643954499,
0.995326128701994),(0.0387782365375105,-0.194412507401769,0.980153062198348),
(0.0242432982950445,-0.251398585173554,0.967579978017586),(-0.0161890747901665,
-0.674595435335925,0.738010103238006),(-0.013654194181718,-0.588933238737955,
0.808066335947038),(0.00760425741038154,-0.30856053904106,0.951174310531948),
(-0.0102147688034879,-0.440455009969169,0.897716571469721),(-0.0121061540830483,
-0.508968136342988,0.860700224945284),(0.027782320823273,-0.0923619902466067,
0.995337834811557),(0.0288498406697584,-0.145650338101279,0.988915398658709),
(0.0194711312800157,-0.197307368320791,0.980148293603065),(0.00718877783686189,
-0.252729789756512,0.96751019366353),(-0.00916707555543419,-0.370528109838267,
0.928776014195803),(0.0186159358657062,-0.0947475488333994,0.995327257198308),
(0.0138321972050258,-0.147795892277044,0.988921151834924),(0.00542786350475471,
-0.197702383475997,0.980247063686336),(-0.00695380857895896,-0.252470494491441,
0.967579606005364),(-0.00752783642606172,-0.308870208998388,0.95107440595993),
(0.00931713151832229,-0.0961120054760893,0.995326917883584),(0.00261339603339688,
-0.096365383735305,0.995342595782337),(-0.00251165218668018,-0.0962344344453559,
0.995355527050649),(-0.0916175664467972,-0.922526428250324,0.374901601354364),
(-0.0835268978138385,-0.847007224872297,0.52497811226348),(-0.0737269389186,
-0.759869519099625,0.64588129901786),(-0.0655191479020653,-0.671959440983214,
0.737684045463716),(0.00280224877800846,-0.147659408726554,0.989034299919022),
(-0.0572714389462589,-0.586982276209249,0.80757153843931),(-0.0496894337427796,
-0.506883846705992,0.860581039834633),(-0.0422977632612363,-0.438898074175241,
0.897540739859958),(-0.00295518843439883,-0.148004996556103,0.988982197946831),
(-0.00558109283001775,-0.197518383318228,0.980283295611109),(-0.0360143286714619,
-0.368867001873986,0.928784206938749),(-0.0300755040573398,-0.307555504892774,
0.951054717387936),(-0.0246741064213667,-0.251396232588925,0.967569699149577),
(-0.0191932472678049,-0.197163938983047,0.980182636259185),(-0.013627693795466,
-0.148043686520898,0.988886926217107),(-0.00946596149719324,-0.0959572230845424,
0.995340447741795),(-0.0185240094880749,-0.0948200320911619,0.995322069777776),
(-0.096365362846001,-0.00261316851008252,0.995342598402126),(-0.0962340707277343,
0.0025115776926245,0.99535556240404),(-0.0961121467908886,-0.00931722927333711,
0.99532690332268),(-0.0278398746023227,-0.092410292265789,0.995331743322536),
(-0.0453115367173483,-0.0849617134542472,0.995353390453476),(-0.0370879992306244,
-0.0890408846418784,0.995337229875011),(-0.0535731069713186,-0.0805662482563631,
0.995308495819931),(-0.0614044683880121,-0.0745069120736318,0.995328192766204),
(-0.0683890255836682,-0.0685908220412204,0.995298066064345),(-0.0745766042740536,
-0.0611932636031148,0.995335980754514),(-0.0803728274766194,-0.0536985048784071,
0.995317376105349),(-0.0850385887556228,-0.0451257051883158,0.995355267808288),
(-0.0891222273932964,-0.03719029220037,0.995326132858225),(-0.0923624303757067,
-0.0277831604301189,0.995337770534007),(-0.0947481266142692,-0.0186168168899028,
0.995327185719336),(-0.0290305037491936,-0.14563114109239,0.988912938835465),
(-0.0388978309278853,-0.194261038779144,0.980178354975029),(-0.0488624914623182,
-0.248142222147326,0.967490513915192),(-0.0600458513483384,-0.303341516366095,
0.950988128308956),(-0.0723493608710629,-0.363490783585382,0.928784162348839),
(-0.0857281978881735,-0.43251358030563,0.897542577785618),(-0.0994714534620563,
-0.500608492253543,0.859939862682141),(-0.115915971685665,-0.577765836759742,
0.80792952996006),(-0.131647564097475,-0.661676549440541,0.738141627865317),
(-0.148527095509352,-0.74838418319218,0.646421546861898),(-0.165138543576219,
-0.836126144762865,0.523089219416261),(-0.180752800368237,-0.909123792182325,
0.375263048603335),(0.123433422014149,0.003095041432266,-0.992348029195609),
(0.123300799296506,0.0125433034605611,-0.992290067687437),(0.0361195663861925,
0.118616010290131,-0.992283033729251),(0.0470270432621005,0.114108442829964,
-0.992354634431132),(0.0586766561424177,0.109381607372097,-0.992266453122668),
(0.0692332204712275,0.102295723410685,-0.992341849442553),(0.0784872691469037,
0.0959293958926215,-0.992288919410843),(0.0874196141905114,0.0873565847007229,
-0.992333934804311),(0.0959479016229543,0.0786014762789618,-0.992278090104241),
(0.102387663911675,0.069230654172462,-0.992332546479033),(0.109198249866685,
0.0587600976237557,-0.992281710580871),(0.114245640051906,0.0468067492955272,
-0.992349264094813),(0.118584444252569,0.0364526985856398,-0.99227462445995),
(0.121289873869698,0.0235720296223068,-0.992337203734778),(-0.00931712539691543,
0.0961121260728254,0.995326906295665),(-0.0186161636605359,0.0947485041119159,
0.995327162002082),(-0.0959575486979676,0.00946585122551966,0.99534041739922),
(-0.0277823561497342,0.0923621010390133,0.995337823544563),(-0.0371922060268659,
0.0891219869641218,0.995326082874563),(-0.0451267423505823,0.0850374129821766,
0.995355321238663),(-0.0536989131371105,0.0803729306281978,0.99531734574965),
(-0.0611932748451603,0.0745761743460792,0.995336012276069),(-0.0685883951157783,
0.068390254173456,0.995298148892849),(-0.074506021396085,0.0614056445277889,
0.995328186879008),(-0.0805666961641417,0.053572645076434,0.99530848442516),
(-0.0849622905250128,0.0453110104359641,0.995353365153308),(-0.092410629517962,
0.0278406979261641,0.995331688981657),(-0.0890410354446388,0.037087526219707,
0.995337234009584),(-0.0948208912876172,0.0185246710299183,0.995321975613246),
(-0.0138341295867,0.14779559489426,0.988921169248808),(-0.0288494521916957,
0.145649754187094,0.98891549599219),(-0.0387787562838988,0.19441222832741,
0.980153096989366),(-0.0492943476179068,0.247960693420478,0.967515148104339),
(-0.0601637285119781,0.303246453661011,0.951010995790037),(-0.0723705343963938,
0.363626147001774,0.928729525194405),(-0.0860665635716039,0.432398105586473,
0.897565833195652),(-0.0995276418415663,0.500233039095086,0.860151820963689),
(-0.116098195555888,0.578421870903079,0.80743380425249),(-0.131373324183838,
0.661377439357111,0.738458483871856),(-0.14878006898925,0.748523452046146,
0.646202083568658),(-0.16584765550763,0.835698283682345,0.523548406370418),
(-0.180468890194524,0.909345579099109,0.374862104572953),(-0.267882839759519,
0.88762464052477,0.374648210586476),(-0.247011679094352,0.81471104999135,
0.52462475676714),(-0.222391718285838,0.729227316642977,0.647123979079401),
(-0.197074208380094,0.644861798992143,0.738454478347837),(-0.171674508601575,
0.56422812082019,0.807573210781614),(-0.148126303283944,0.488242120954075,
0.860045481123934),(-0.128876452001839,0.421248650611792,0.897741852916061),
(-0.108597630132606,0.354576977016236,0.928698940507423),(-0.0901329792221413,
0.295849582036886,0.950972697223817),(-0.0736101673243154,0.24138965760075,
0.967632459392449),(-0.0584591420953491,0.189483965642267,0.98014200780803),
(-0.0428871225030135,0.142238518159104,0.988902876260006),(-0.147658465052635,
-0.00280213916504301,0.989034441116385),(-0.148042986827729,0.0136296621056842,
0.988887003839169),(-0.148004421838769,0.0029554210723723,0.988982283260148),
(-0.0564947891723234,0.1375710879804,0.988879433777578),(-0.0703490643835369,
0.131156261290412,0.988862500181235),(-0.0832416965882493,0.123415956880543,
0.988857584051601),(-0.0950556081309925,0.114642420745167,0.988848596463855),
(-0.105019103800097,0.105086288739183,0.98890235097104),(-0.114420334660018,
0.0949165620261339,0.988887674748466),(-0.123375713071543,0.0830449140535251,
0.988879151197926),(-0.13104950335239,0.0704075542352206,0.988872491263513),
(-0.142449991484089,0.0428841258747986,0.988872565942719),(-0.145629175311782,
0.0290330699728844,0.988913152984608),(-0.137723291861282,0.0564433544903999,
0.988861184703274),(-0.0428869686586615,-0.142449980878389,0.988872444184293),
(-0.0704066351061317,-0.13105002155157,0.988872488030871),(-0.0830453463586182,
-0.123374357465741,0.988879284022116),(-0.056445268312439,-0.137722833256686,
0.988861139333975),(-0.094916177798496,-0.114419649458545,0.988887790909519),
(-0.10508661120901,-0.105018851774104,0.988902343468077),(-0.114642338818694,
-0.095056143077154,0.988848554538801),(-0.123416358158288,-0.0832423815433978,
0.988857476309872),(-0.131156817360428,-0.0703472685457117,0.988862554184372),
(-0.137570871361112,-0.0564939385146718,0.988879512511026),(-0.142238018420854,
-0.0428863181761701,0.988902983021591),(-0.145649161811224,-0.0288516527050194,
0.988915519040872),(-0.1477958223897,-0.0138356887021325,0.988921113437412),
(-0.0583042415239227,-0.189249840355258,0.980196466707481),(-0.0739700159907104,
-0.241325424654083,0.967621039534518),(-0.0903104095951692,-0.295983826291787,
0.950914088912572),(-0.108656823472389,-0.354437803407251,0.928745141698589),
(-0.128630834049404,-0.420848067124921,0.897964928562899),(-0.148081079624834,
-0.489066401450506,0.859584811888505),(-0.172292679816307,-0.563802674511605,
0.807738680945314),(-0.197124159367753,-0.644637417283478,0.738637032670069),
(-0.222155067593497,-0.729114005135081,0.647332907751808),(-0.246596414050058,
-0.814767962630073,0.52473171778471),(-0.26742651131682,-0.888121303640491,
0.373796215958414),(-0.0757486808310738,-0.183261379655741,0.980141522474702),
(-0.0967292892569415,-0.233226273812333,0.967599581336961),(-0.118122463156084,
-0.286093188337703,0.950893143988696),(-0.0755238948662236,0.183270699063671,
0.980157126265452),(-0.110336007321849,-0.164611493277187,0.980167853874696),
(-0.093579737731883,-0.175101833473983,0.98009294487823),(-0.125535008549833,
-0.15342830580688,0.980153414831384),(-0.141772734983306,-0.343101168312018,
0.928537602856385),(-0.0970738193411521,0.233314968329386,0.967543693665552),
(-0.0939144068428354,0.17491408689481,0.980094457893275),(-0.140064001885418,
-0.139976184940721,0.980198318211821),(-0.168905577754225,-0.405621576113018,
0.898299528439764),(-0.118425364479657,0.285900352296531,0.95091346693828),
(-0.110181787522833,0.164799548787961,0.980153601440895),(-0.153171795809886,
-0.125444352869082,0.980205139397683),(-0.195569667387173,-0.471338088283098,
0.859995878903908),(-0.119073271329179,-0.222331785518845,0.967672534074916),
(-0.145746489990476,-0.27266964780151,0.951004323766857),(-0.141659303638498,
0.342865543596699,0.928641944296507),(-0.125445288688401,0.15317089001876,
0.980205161176345),(-0.164799559934337,-0.11018268447623,0.980153498737346),
(-0.226105583365093,-0.546582842291781,0.806302338880007),(-0.168303925317485,
0.406164023681344,0.89816734219727),(-0.139977292448267,0.140062909143838,
0.980198316199848),(-0.174913760000666,-0.0939155484702796,0.980094406839441),
(-0.259441117391754,-0.622175988971587,0.73863884636116),(-0.140076992832002,
-0.210264699317646,0.96755733282323),(-0.160183763900539,-0.195225332014037,
0.967588875257806),(-0.174376777313703,-0.327630736042444,0.928574628306187),
(-0.195561178125219,0.471397113637211,0.859965456785784),(-0.153428364791411,
0.125534087927956,0.980153523508195),(-0.183270268639441,-0.0755245372773372,
0.980157157246669),(-0.292452069741321,-0.702764437798757,0.648532136342846),
(-0.226653848107619,0.545807161684152,0.806673772594782),(-0.164609589420443,
0.110336796867778,0.980168084732303),(-0.189484231085733,-0.0584586604698603,
0.980141985217406),(-0.32535412365924,-0.784558724801315,0.527837381734243),
(-0.172146813189471,-0.256826167977204,0.951002520580705),(-0.259426704618495,
0.622706669231246,0.738196578849913),(-0.175098385117021,0.0935832363022453,
0.98009322689865),(-0.194411858684283,-0.0387779416433002,0.98015320253766),
(-0.354158267674945,-0.856596789477226,0.375251731101657),(-0.29222059986335,
0.702955045945947,0.648429891657252),(-0.189248927168701,0.0583041614110717,
0.980196647784335),(-0.183261356456732,0.0757477538202462,0.980141598454441),
(-0.194261107936437,0.0388974979566214,0.980178354482501),(-0.197307282590667,
-0.0194711218604804,0.980148311047966),(-0.118918403005172,0.222506326215944,
0.967651460093242),(-0.178599666827979,-0.178376075903625,0.967617762628487),
(-0.206787409929403,-0.38937186144418,0.897568114746833),(-0.324821805039506,
0.784868410980865,0.527704815607408),(-0.197704405649949,-0.00543037062826041,
0.980246641953667),(-0.353625504408755,0.856536771373287,0.375890624939062),
(-0.197519152779979,0.00558286031225945,0.980283130506597),(-0.197163754514016,
0.0191936995525482,0.980182664508725),(-0.145322333532076,0.272795435577366,
0.951033159098539),(-0.139813901327237,0.209965653050227,0.967660321360161),
(-0.195191652959676,-0.16051531234012,0.967540724269125),(-0.240640601494101,
-0.449025165954154,0.86050479443894),(-0.196361803525051,-0.239142589809329,
0.950922112402313),(-0.206323452573233,-0.307873137520193,0.928786716158092),
(-0.174932193457569,0.327632523182938,0.928469524241321),(-0.160516979408829,
0.195190792215232,0.967540621346647),(-0.209965884899407,-0.139813503607037,
0.967660328517985),(-0.277689728700739,-0.521949291001261,0.806509362746267),
(-0.218851924500947,-0.219348934677322,0.950783824009515),(-0.244696342386817,
-0.366271923243047,0.897757527546471),(-0.206698599612293,0.388450659955401,
0.897987624468472),(-0.178374841887796,0.178599380454416,0.967618042970883),
(-0.222506216350375,-0.118920376864425,0.967651242779062),(-0.317563220919508,
-0.59582745499108,0.737660656805065),(-0.23560905018041,-0.286541203554971,
0.928645526634546),(-0.241229371852089,0.45006924087711,0.859794201290139),
(-0.195225469314574,0.160182994144328,0.967588974987759),(-0.233315378835676,
-0.0970739308557013,0.967543583487063),(-0.359147015139462,-0.670791538957875,
0.648885300171718),(-0.172708387386793,0.256973857210915,0.950860794036855),
(-0.239228921364441,-0.195753046587052,0.951025902872626),(-0.282974501122021,
-0.424380600791552,0.860131697698989),(-0.277403503252634,0.52126153875734,
0.80705247945564),(-0.21026345168864,0.140077077879072,0.967557591638265),
(-0.241390102139034,-0.0736082323135876,0.967632495695022),(-0.40064894551244,
-0.748517345640111,0.528395879748936),(-0.317417026745513,0.595805085424879,
0.737741642659469),(-0.222333538911489,0.119073992285175,0.967672042500125),
(-0.247960567812025,-0.0492958633696973,0.967515103068151),(-0.437276676726721,
-0.817110012163294,0.375659867451044),(-0.358676522812907,0.671265881311426,
0.64865496881627),(-0.233228708270338,0.0967280613136111,0.967599117296549),
(-0.241325968811904,0.0739701454646829,0.967620893923302),(-0.251398285976394,
-0.0242415857231337,0.967580098663547),(-0.262271400126499,-0.261975776787696,
0.928753145379422),(-0.27935631612312,-0.339330803340417,0.8982286204227),
(-0.205622952117454,0.308038986198468,0.928887067702163),(-0.195754434350945,
0.239230150537247,0.951025308025958),(-0.256974216165604,-0.172706680123344,
0.950861007122937),(-0.328009529928384,-0.490408018976975,0.807409266233203),
(-0.400126498628701,0.748683448928139,0.528556409852537),(-0.248143978799672,
0.0488623571661618,0.967490070149371),(-0.252727896768849,-0.00718646287025496,
0.96751070533933),(-0.437966135644582,0.817033146647343,0.375023334351467),
(-0.252470561234838,0.00695210869038809,0.967579600805289),(-0.25139793703625,
0.0246725827424993,0.967569295148793),(-0.24536224322491,0.366327642570254,
0.897553022327127),(-0.219348714034995,0.218852876493009,0.950783655781866),
(-0.272795429318491,-0.145322452210632,0.951033142759194),(-0.374653564082285,
-0.56264926299087,0.736926396444225),(-0.286408738607785,-0.236211364337993,
0.928533373555674),(-0.323408418675978,-0.394792530018256,0.859968518593144),
(-0.310905622180786,-0.311101946150805,0.898083110406581),(-0.282345811540648,
0.424021289083378,0.860515420611114),(-0.23914289343834,0.196361510719963,
0.950922096507234),(-0.285900147115772,-0.118427127794057,0.950913309025397),
(-0.42280742093882,-0.634388064985695,0.64713651403917),(-0.327904119976272,
0.491145411498247,0.807003762610066),(-0.256828020366772,0.172145429504478,
0.951002270793926),(-0.295849261568833,-0.0901330824262752,0.950972787140365),
(-0.472419107065677,-0.706415850711956,0.527064353890654),(-0.236209301241558,
0.286409534688565,0.928533652834648),(-0.308040220544812,-0.205618679603543,
0.928887604139919),(-0.374628141703542,-0.456780903024225,0.806848785136425),
(-0.375392560606838,0.561893431424942,0.737126988491498),(-0.272671651775837,
0.14574638016827,0.951003766020768),(-0.30324548555089,-0.0601643197331477,
0.951011267085755),(-0.515572248968224,-0.769279790402348,0.377351109939229),
(-0.339744670360962,-0.279023950575605,0.898175480608608),(-0.360377803006058,
-0.359882432746121,0.8605884461816),(-0.423107794562775,0.633882283521279,
0.647435745706146),(-0.286092170257011,0.118124654921316,0.950893178026509),
(-0.307543156153501,-0.0298842791207176,0.951064738577021),(-0.279020830905637,
0.339744434307168,0.898176539037861),(-0.261972370069532,0.262272935179654,
0.928753672828485),(-0.327631672077007,-0.174930923869269,0.928470063774955),
(-0.429015037739984,-0.520454411004164,0.738290798709607),(-0.472651468131424,
0.70640427744687,0.526871508508455),(-0.295986106455028,0.0903081496842665,
0.950913593806607),(-0.3085605274338,-0.00760622664486689,0.951174298552059),
(-0.514880845569993,0.7699005928475,0.37702890074661),(-0.303341216912944,
0.0600467821758039,0.950988165053648),(-0.307553500614671,0.0300793610524962,
0.951055243557563),(-0.308868554303895,0.00752998545404159,0.951074926323518),
(-0.323769726952927,0.394257545863433,0.860077991485987),(-0.286541383479975,
0.235608126193532,0.928645705543807),(-0.342865000064079,-0.141660650464505,
0.928641939522996),(-0.48341667126012,-0.588986365206031,0.647613606673897),
(-0.366329827692709,-0.245362930442681,0.897551942623495),(-0.417879770682264,
-0.41792591472656,0.806668722000863),(-0.394258240311979,-0.323769778118847,
0.860077653891191),(-0.374737912156513,0.456492359797775,0.806961103547647),
(-0.307873467287199,0.206320135263394,0.928787343758221),(-0.354577315229338,
-0.108598862783947,0.928698667236466),(-0.538561250602812,-0.658125089292221,
0.526139854214867),(-0.311102519018464,0.310906542387295,0.898082593396144),
(-0.388449646169637,-0.2066983362407,0.897988123633052),(-0.477729252912279,
-0.479024039062668,0.736417497695406),(-0.427882673749065,0.521563241953118,
0.738165430068832),(-0.327628303103712,0.174376000352592,0.928575632625805),
(-0.363626633121165,-0.0723708343540194,0.928729311489558),(-0.587623177375594,
-0.716887902787905,0.375194264678141),(-0.424021845352844,-0.282345758351779,
0.860515163959548),(-0.456489469611708,-0.37473627628287,0.806963498165357),
(-0.484158603030783,0.588892753859035,0.647144320506333),(-0.343100852247328,
0.141772675571338,0.928537728715695),(-0.369127587374667,-0.0358562101928266,
0.928686791350865),(-0.35988285338354,0.360377101083247,0.860588564213676),
(-0.339331187450376,0.279357597198584,0.898228076888577),(-0.406162989440623,
-0.168303208946004,0.898167944132462),(-0.538246613640253,-0.537320376580177,
0.64928991661394),(-0.538943750266248,0.657289309035273,0.52679255715783),
(-0.354438351326469,0.108656259392267,0.928744998588878),(-0.370864152096171,
-0.00935919104389254,0.928639965881822),(-0.5876424602999,0.716749183880585,
0.375429016272313),(-0.363489086134591,0.0723524191095963,0.928784588432662),
(-0.370529936294219,0.00916712136788414,0.928775285090871),(-0.3688675605091,
0.0360146211736361,0.928783973734358),(-0.417927775622558,0.417879733210906,
0.806667777300397),(-0.366273304186698,0.244695146665311,0.897757290050379),
(-0.421248964559039,-0.128876535308277,0.897741693642927),(-0.600737337653264,
-0.599863032576236,0.528468535768886),(-0.450068194340619,-0.241231715044876,
0.859794091686773),(-0.52156102028694,-0.427883764594147,0.738166367503957),
(-0.491144138826867,-0.327902240323363,0.807005300903863),(-0.479022316877989,
0.477731257012592,0.736417317834128),(-0.389371817709861,0.20678588676049,
0.897568484635015),(-0.43239746651512,-0.0860683000623906,0.897565974553222),
(-0.655584183367027,-0.656022042123565,0.373957830198829),(-0.394793164660888,
0.323409061217853,0.859967985601341),(-0.471396877048028,-0.19556086179263,
0.859965658409852),(-0.58889355786565,-0.484160519112122,0.647142155354924),
(-0.537322464127945,0.538248561712937,0.649286574139207),(-0.405622877871599,
0.168903117983466,0.898299403140526),(-0.438470348425782,-0.0421008947366148,
0.897759025693281),(-0.521262337707874,-0.277406594717401,0.807050900807761),
(-0.561894503234392,-0.37538883881456,0.737128066843498),(-0.599862498332156,
0.600737027984565,0.528469494202813),(-0.420847791406082,0.12863076816942,
0.897965067220751),(-0.440066597285829,-0.0102305902430546,0.897906857628647),
(-0.456782700255575,0.374625495638116,0.806848996259598),(-0.424384701210555,
0.282975861648836,0.860129226978439),(-0.48824148841914,-0.148124938591371,
0.86004607525037),(-0.657288065630786,-0.538943371374486,0.526794496204016),
(-0.656021101093051,0.655583483790334,0.373960707430593),(-0.432513133288704,
0.0857311318271828,0.897542512958811),(-0.438898025841027,0.042297569176303,
0.897540772641903),(-0.440454992848679,0.0102147490684506,0.897716580094263),
(-0.52045450708866,0.429014101623968,0.7382912749443),(-0.449025439577854,
0.240641813857073,0.860504312618764),(-0.500232744413299,-0.0995306334568055,
0.860151646176665),(-0.716748231872466,-0.587644353270237,0.375427870805164),
(-0.54580992474024,-0.226656341276961,0.806671202544131),(-0.633885621769426,
-0.423106627499997,0.647433240017507),(-0.595806001452312,-0.31741462187877,
0.737741937570967),(-0.588991964713385,0.48341693570322,0.647608316637747),
(-0.471341850441121,0.195567437892763,0.859994323968943),(-0.507220103852905,
-0.0493309651729795,0.860403522844108),(-0.490406709181848,0.328009142715915,
0.807410219085813),(-0.564229138885387,-0.171673273369332,0.807572762073681),
(-0.706404145033615,-0.472647360164165,0.526875371230401),(-0.658123840263129,
0.538561163350583,0.526141505878198),(-0.489064257635814,0.148082530520408,
0.859585781674989),(-0.509336338611372,-0.0122154892437896,0.860480839991511),
(-0.716883262485468,0.58762399752874,0.375201846339454),(-0.500604607298399,
0.0994738902442801,0.859941842400569),(-0.622707630963637,-0.259427892639547,
0.738195350066809),(-0.671266512831859,-0.35867513193794,0.64865508437062),
(-0.506883011053401,0.0496884049672446,0.860581591435262),(-0.50896813610298,
0.0121060746636995,0.860700226204278),(-0.562650786539756,0.374653408007663,
0.736925312548319),(-0.521949402425399,0.277689469442886,0.806509379901001),
(-0.578422600163001,-0.116100118971636,0.807433005267586),(-0.769900516593764,
-0.514879504477306,0.377030887883022),(-0.634387567934005,0.422808362878243,
0.647136385880904),(-0.546581933749251,0.226104956116152,0.806303130664047),
(-0.586802595432227,-0.0574373588839671,0.807690326671328),(-0.64486336859829,
-0.197075093016208,0.738452871585397),(-0.748683935810173,-0.400123508954252,
0.528557983424643),(-0.702953798614427,-0.292221396540736,0.64843088484227),
(-0.706407485913707,0.472419481132886,0.527075229631607),(-0.563797888708006,
0.172297036818764,0.807741092053554),(-0.588490564567201,-0.0135281837201891,
0.808390897809104),(-0.769280737193583,0.515572811821309,0.377348410747371),
(-0.577767112777623,0.115916410910258,0.807928554436773),(-0.588935592896521,
0.0136519269433468,0.808064658496062),(-0.595828107153831,0.31756330753479,
0.73766009274804),(-0.661378625971618,-0.131376283465135,0.738456894646385),
(-0.817033211978028,-0.437960860648618,0.375029352270977),(-0.586980115268443,
0.0572699560290166,0.807573214275882),(-0.729223223418663,-0.222387655347098,
0.647129987851062),(-0.784869042598508,-0.324828674476271,0.527699647724432),
(-0.670789623801179,0.359148180932913,0.648886634731562),(-0.622173918995614,
0.259441171947943,0.73864057079199),(-0.672268673947709,-0.0658921406986896,
0.737369009263838),(-0.748516650355379,0.400646399886138,0.528398794850102),
(-0.644637360428468,0.197125225633497,0.738636797728599),(-0.674988297755821,
-0.0161467586422482,0.737651733596586),(-0.748522281752333,-0.148783388574938,
0.646202674866361),(-0.856533920858893,-0.353624846546058,0.375897739183636),
(-0.814709204896559,-0.247012445446606,0.524627261254411),(-0.817109158869158,
0.437274497463971,0.375664260157615),(-0.661678048959633,0.131649538246854,
0.738139931587747),(-0.671961561923263,0.0655160000935569,0.737682393059093),
(-0.674596051143364,0.0161839193447005,0.738009653416827),(-0.702764628442031,
0.292452581645775,0.648531698916449),(-0.759276340675082,-0.0740180128921296,
0.646545259249929),(-0.835696247225425,-0.16584485698782,0.523552543479669),
(-0.88762447079218,-0.267887018219275,0.374645624985115),(-0.784558424656427,
0.325354275324385,0.527837734373708),(-0.729112975809871,0.222155716988648,
0.647333844252666),(-0.761527059993285,-0.0179403778156129,0.647884773506691),
(-0.856596658496515,0.354156988338806,0.375253237512206),(-0.748384464010643,
0.14852843712448,0.646420913486609),(-0.761971654246632,0.0182643752036486,
0.647352771464733),(-0.847243411311581,-0.0834081451924279,0.524615748243106),
(-0.759872114628057,0.0737248534768839,0.645878483455284),(-0.909347963712664,
-0.180466224540316,0.374857603219937),(-0.814767814230299,0.246597188147675,
0.524731584423924),(-0.850181223226007,-0.0209538206550651,0.526073022568053),
(-0.922745164299285,-0.0914342204249308,0.374407725745036),(-0.888120574955051,
0.267429894898333,0.373795526533125),(-0.836122252606696,0.165138811499606,
0.523095356156411),(-0.847006554047942,0.0835250876976961,0.524979482575198),
(-0.849841994051524,0.021242158616439,0.526609300946958),(-0.92719776681711,
-0.0229677973725426,0.373867331406768),(-0.909124382500911,0.180753059946107,
0.375261493444845),(-0.927241174271815,0.0226752412424547,0.373777524965884),
(-0.92252809664203,0.0916117420239596,0.374898919216058),(0.276597785640558,
-0.911529705079976,-0.304314412631989),(0.26135743676842,-0.861346072453924,
-0.43563199344635),(0.244320564329074,-0.80013552694464,-0.547805257702905),
(0.221500208311603,-0.729283276122105,-0.647366635598812),(0.198820487093569,
-0.654805892978275,-0.729177383379929),(0.17672816557584,-0.581765095770436,
-0.793924762704511),(0.154988074716434,-0.51004382335844,-0.846069734093826),
(0.134105649295058,-0.437723786986723,-0.889052057605826),(0.112794329987222,
-0.369038172000206,-0.9225444524409),(0.0938147689088654,-0.30465260374639,
-0.947832042170511),(0.0738087970630809,-0.242177168536263,-0.967420529302464),
(0.0541168351090328,-0.178683238650897,-0.982417257779508),(0.186056298464916,
-0.0177809726751357,-0.982378181156453),(0.186481381333906,-0.00459033883519709,
-0.982447771235284),(0.0706985428174323,-0.173114414040158,-0.982360990519791),
(0.089576805359862,-0.164716410246825,-0.982264984684337),(0.103992472204429,
-0.155046129407918,-0.982418578550118),(0.118070438230467,-0.144693889071517,
-0.982406764065387),(0.131873139279424,-0.1320712073279,-0.982428965030826),
(0.144939142010581,-0.117899647355973,-0.982391122856153),(0.154619312222425,
-0.104301552881927,-0.982453079975977),(0.164550528845292,-0.0889723209733179,
-0.982347723343092),(0.173530611566146,-0.0707639464455586,-0.98228284660424),
(0.178606149929644,-0.0544836947197157,-0.982410998623793),(0.183539983906859,
-0.0364125911341867,-0.982337618904195),(0.186686686904144,0.00475589892590243,
-0.982407991802877),(0.0544830285726462,0.178606995738638,-0.982410881795784),
(0.0707689046811634,0.173528138016023,-0.982282926374535),(0.0889732128497222,
0.164549269280998,-0.982347853549998),(0.10429946024857,0.154620113287713,
-0.98245317606426),(0.117899378421517,0.144938589829476,-0.982391236598771),
(0.13207120365641,0.13187273422141,-0.98242901989595),(0.144693695126109,
0.118072124570277,-0.98240658995663),(0.155046013172864,0.103992481519894,
-0.98241859590835),(0.164717181695925,0.089575650515852,-0.982264960633746),
(0.173115814612834,0.0706956671574736,-0.982360950657188),(0.178683204412562,
0.0541180495190541,-0.982417197109818),(0.183584076838103,0.0368314947865564,
-0.982313762360728),(0.185899130334556,0.0174190673800085,-0.982414418375701),
(0.073540742275952,0.242448320013262,-0.967373025956507),(0.0934564467606975,
0.304577585301351,-0.947891548169337),(0.113599879739251,0.3687722896541,
-0.922551931170544),(0.133777552337973,0.437517644720276,-0.889202944804437),
(0.154672866017845,0.510565180432123,-0.845812923197641),(0.176292149951192,
0.581409754981272,-0.794281923927646),(0.197991639414557,0.655245963339645,
-0.729007570776214),(0.221545407959147,0.729736284445373,-0.64684046516593),
(0.243391859636561,0.79975039858185,-0.548780195188228),(0.26073555373738,
0.861959092480602,-0.434791322253881),(0.277003252252724,0.911336282338692,
-0.304524840915329),(0.0975139745352159,0.233119909515279,-0.967546449819301),
(0.118481830677166,0.223404169879448,-0.967498130582102),(0.121134376693856,
0.295033086884125,-0.947777368598035),(0.140053065113805,0.210448026458823,
-0.967520938849292),(0.147426646792673,0.357261944518026,-0.922295661279325),
(0.0978251979475348,-0.233764809910683,-0.967359418362145),(0.159879463454332,
0.195923474060271,-0.967498087583489),(0.175229684550778,0.421806207325798,
-0.889592086921675),(0.149074492824602,0.281627152388666,-0.947872851508333),
(0.120738867427881,-0.294549933554346,-0.947978091801368),(0.118335866720641,
-0.223178264997446,-0.967568129218922),(0.178887137369308,0.178896680721615,
-0.967468536806548),(0.204050877575269,0.492497400659664,-0.846055287616735),
(0.147878727165727,-0.357146256641631,-0.922268091944373),(0.139587698165607,
-0.210259753810299,-0.967629118230978),(0.195679817392183,0.159922077505636,
-0.967540354812988),(0.232569814818796,0.560378198909392,-0.794913552169175),
(0.177247929328972,0.264439365725839,-0.947974152286394),(0.18131153638235,
0.341402210130666,-0.922263876389273),(0.174870996831288,-0.422294680223297,
-0.88943090654774),(0.159924313932325,-0.195678920220229,-0.967540166605356),
(0.210259041037569,0.139590217475953,-0.967628909679211),(0.261357735458328,
0.633410700039662,-0.728342652321941),(0.203233337329128,-0.492382570869785,
-0.846318861010273),(0.178898191221407,-0.178885518642512,-0.967468556800534),
(0.2231786106102,0.118335780193326,-0.967568060082668),(0.291946262482295,
0.705368328053333,-0.645927938397051),(0.202593293356894,0.245913189379571,
-0.947883252714159),(0.214970674707311,0.404140907551473,-0.889076900981774),
(0.2333891022974,-0.561994974925622,-0.793530828063512),(0.195923389219343,
-0.159880074959611,-0.967498003712522),(0.233765129570573,0.097823300328675,
-0.96735953301224),(0.318953268836041,0.772041276332478,-0.549746377830471),
(0.261027400906317,-0.632212150435149,-0.729501537228166),(0.210447208607029,
-0.140055983629297,-0.967520694269192),(0.242176554860133,0.0738088300484734,
-0.967420680408969),(0.343479881300327,0.831401182556969,-0.436799318663372),
(0.214795427198958,0.321992733322858,-0.922054013679075),(0.29260731571635,
-0.704862160320315,-0.646181316456805),(0.223405734159938,-0.118481976507587,
-0.967497751515379),(0.247694757074439,0.0489628338144599,-0.967600097262651),
(0.363198022729647,0.881167608522092,-0.302705867099948),(0.318632096005755,
-0.771900300154893,-0.550130451816445),(0.233121905043965,-0.097511297062793,
-0.967546238860864),(0.251718733845188,0.0243252416764971,-0.967494683008003),
(0.149114543153436,-0.28153217098652,-0.94789476721826),(0.225458278738632,
0.225883405784428,-0.947705255625102),(0.251836315596305,0.469914269418684,
-0.846025442610081),(0.342445508494648,-0.831734872840691,-0.436976172133586),
(0.242449275982756,-0.073539052706174,-0.967372914807168),(0.25222536303634,
0.00503876490455045,-0.967655402035985),(0.363379216243718,-0.880975404499619,
-0.303047656101865),(0.247975895370056,-0.0492654238592829,-0.967512725150106),
(0.251519473774078,-0.0243207689421709,-0.96754661619504),(0.25245454122049,
-0.00499302001896351,-0.967595873476237),(0.181134072839083,-0.3415218591483,
-0.922254448284537),(0.177498465219813,-0.264772916666265,-0.947834161361918),
(0.246134703537647,0.202340533733161,-0.947879747712237),(0.28659693950567,
0.535339295061107,-0.794527553599912),(0.24626503924363,0.298253276977553,
-0.922170544540696),(0.255034993655439,0.380807630390686,-0.888787207742888),
(0.214506313948896,-0.403757992896851,-0.889362988013311),(0.202341277805584,
-0.246135198604614,-0.94787946032387),(0.264772306453195,0.177497891532821,
-0.947834439254482),(0.323737323985935,0.603475757146637,-0.728705122525373),
(0.27353996606823,0.27346029285224,-0.922168832262595),(0.296847292131989,
0.442552349272666,-0.84618502900202),(0.252841400418938,-0.470278526648487,
-0.845523112402919),(0.225885491646483,-0.225457141467442,-0.947705029017445),
(0.281532574559438,0.149115236079343,-0.947894538348511),(0.360007593925438,
0.672159083003437,-0.646990494097089),(0.291073241620658,0.353570168830931,
-0.8889682242495),(0.286062438131443,-0.535420747498927,-0.79466527836441),
(0.245915069618394,-0.202591481103043,-0.94788315224982),(0.294550428136195,
0.120738416885194,-0.947977995510888),(0.392860982656615,0.736737597838407,
-0.550343492954512),(0.214646815892837,-0.321531374586398,-0.92224959722607),
(0.298422803224989,0.246491708008198,-0.922055133057964),(0.337530735182351,
0.504833750903069,-0.794490960777025),(0.322731643670425,-0.604110076364315,
-0.728625625276032),(0.264436870514632,-0.17724950697475,-0.947974553344991),
(0.304652302293469,0.0938147860587774,-0.947832137366124),(0.423921801826467,
0.793916787128405,-0.435874340896446),(0.359753729891003,-0.672543072497432,
-0.646732610485373),(0.281629308879184,-0.149073077240863,-0.947872433411888),
(0.312334835913679,0.063173693443793,-0.947869207608014),(0.449114867874062,
0.840719523701044,-0.302467383237191),(0.393394282871848,-0.736052491215842,
-0.550878996131363),(0.29503365269965,-0.121135230913163,-0.947777083288215),
(0.316867298978498,0.0304427858470178,-0.947981197929549),(0.323739750995009,
0.323478057417707,-0.889131328879461),(0.337933235429685,0.412241720751317,
-0.846083856401963),(0.255765535246612,-0.380650672811626,-0.888644505000774),
(0.246493213319241,-0.298423706985486,-0.922054438141586),(0.321531424161068,
0.214644931850698,-0.922250018437389),(0.381198010864736,0.568979203728531,
-0.728663668805585),(0.42494183505591,-0.793452156531271,-0.435727107390842),
(0.304577399642183,-0.0934567441771354,-0.947891578502001),(0.317158750685776,
0.0066319193033481,-0.948349273479867),(0.449578347166369,-0.84045586249746,
-0.302511574907153),(0.311801688768784,-0.0634993022794334,-0.948022966752894),
(0.317318301429338,-0.0298167882030171,-0.947850227999791),(0.317482343177675,
-0.00705424584444996,-0.948237944498098),(0.296754299516867,-0.442862852096001,
-0.846055187296697),(0.273459489359938,-0.273540234134028,-0.92216899101461),
(0.34152243711427,0.181131997095674,-0.922254641937715),(0.424170952435051,
0.633472974978689,-0.647140628520565),(0.353717622746717,0.291118060258888,
-0.888894885995815),(0.385367153547839,0.469054002199407,-0.794657473372745),
(0.376754294163415,0.376734588058271,-0.846243021826468),(0.337339295781918,
-0.504465898761514,-0.794805860891889),(0.298249828906933,-0.246265126976045,
-0.922171636297961),(0.357146824616081,0.147879460592563,-0.922267754397552),
(0.464284897021854,0.693893282956318,-0.550410434371942),(0.38137312453236,
-0.56928916677213,-0.728329859665467),(0.321994096714526,-0.214793507519653,
-0.92205398475816),(0.369037859446302,0.11279451556583,-0.922544554779638),
(0.50004562223439,0.748460889469028,-0.435615280516482),(0.29111376679678,
-0.353717149324925,-0.888896480505373),(0.38065268930144,0.255764161503356,
-0.88864403661875),(0.434722541677928,0.529197849203425,-0.72867410284403),
(0.424488989074837,-0.634235998204679,-0.646184026988858),(0.341402798599216,
-0.181307382449186,-0.922264475179462),(0.379022816441477,0.076067244505078,
-0.922255647274754),(0.529761105394083,0.791766731640316,-0.304070080539424),
(0.411938695364125,0.337662078026463,-0.846339667228562),(0.42947192424671,
0.429868989254639,-0.794208107715492),(0.465264962078929,-0.693556608285118,
-0.550007041923771),(0.357258521618568,-0.147428022360393,-0.922296767290127),
(0.384701306027793,0.0377345785827639,-0.922269487037109),(0.337663055472901,
-0.411937299596917,-0.846339956618795),(0.323476446891453,-0.323740854664814,
-0.889131512953723),(0.403758871961373,0.214504243960316,-0.889363088190359),
(0.483421537491828,0.590426900109089,-0.646296907556124),(0.499081387181607,
-0.747641859505824,-0.438120324663849),(0.368772185033657,-0.113601541794205,
-0.92255176832928),(0.386162295645893,0.0100642390531657,-0.922375949661403),
(0.529258867803538,-0.792262182052727,-0.303653891363782),(0.37920908967255,
-0.0754623940512835,-0.92222876413272),(0.385554020582046,-0.0100437665538588,
-0.92263059778355),(0.384396208141041,-0.0378758588568756,-0.922390901127415),
(0.385196170060086,-0.469279259257208,-0.794607379403217),(0.353573501012583,
-0.291073610929766,-0.888966778008049),(0.42229430702645,0.17486910304115,
-0.889431456074404),(0.529240440192372,0.644711405033595,-0.551590210831005),
(0.442862951316538,0.296755307024633,-0.846054781975684),(0.484111157582491,
0.48367125797187,-0.729176591311082),(0.469280523053334,0.385192939653134,
-0.794608199003865),(0.435189932242449,-0.529262778464881,-0.728347879935438),
(0.380809079768163,-0.255037085249741,-0.888785986564506),(0.437724415422505,
0.134108245135839,-0.889051356632232),(0.570543984751233,0.69547019804938,
-0.436807469131814),(0.376740111017058,-0.376753373920142,-0.846240972767594),
(0.470278304017,0.252841425634459,-0.845523228689803),(0.539207093047723,
0.538292890248468,-0.647685475454696),(0.483837672823815,-0.590079255150726,
-0.646303008655538),(0.404139203096417,-0.214970600349811,-0.889077693739886),
(0.448883286512343,0.0893126503378415,-0.889115878600483),(0.6040776869218,
0.737064495973979,-0.303028178455126),(0.504464027134789,0.337341702554541,
-0.794806027307641),(0.529264218767626,0.435189457820958,-0.728347116788276),
(0.527295656531209,-0.646113610723695,-0.551812008423983),(0.421807374888463,
-0.175224831515212,-0.889592489238848),(0.455438811885907,0.0445461143503148,
-0.889151917460814),(0.429871487027904,-0.429469206171064,-0.794208225587733),
(0.412244951779431,-0.337933832948414,-0.846082043469289),(0.492382109905423,
0.203233181618368,-0.84631916658809),(0.590093334457679,0.590957454504282,
-0.550053764276219),(0.57003280671068,-0.695783152231223,-0.436976434541645),
(0.437517093632197,-0.133777967888309,-0.889203153439814),(0.45716330453069,
0.0109612940835393,-0.889315221404983),(0.604513877492943,-0.736760972114232,
-0.302896421054688),(0.449189272942464,-0.0891378299363364,-0.888978877334924),
(0.455536324189903,-0.0448136295330651,-0.889088519750213),(0.457515513193656,
-0.0108490542538606,-0.889135452678017),(0.483668433015094,-0.484107814016202,
-0.72918068495619),(0.442548779736078,-0.296852362570987,-0.846185117093259),
(0.51004211700367,0.154986238805711,-0.846071099059219),(0.636065673374603,
0.636521056478981,-0.436189642029008),(0.534877719872851,0.28631334316954,
-0.794940560234979),(0.589510012396955,0.484054226125311,-0.646660228755386),
(0.569287445128081,0.381372444615069,-0.728331561383871),(0.538296526910271,
-0.539203141194119,-0.647685742967015),(0.469916618447263,-0.25183871885625,
-0.846023422484231),(0.522858903302992,0.104244999172077,-0.846021008831581),
(0.673899883042327,0.673590940138417,-0.303536147763295),(0.469050755175192,
-0.38536702201277,-0.794659453737632),(0.561102091769313,0.232507403923187,
-0.794421015415001),(0.645550251088936,0.528395687212984,-0.551418961456468),
(0.59095839037821,-0.590094035977324,-0.550052006219037),(0.492498436573239,
-0.204049210383929,-0.846055086690347),(0.530845930434493,0.0521546989315676,
-0.845861977819369),(0.603804676933519,0.324012585492272,-0.728310206269157),
(0.633520342735998,0.423394363679086,-0.647602646801606),(0.636518584776925,
-0.636068100471759,-0.436189709640002),(0.510564064705185,-0.154672153387723,
-0.84581372700975),(0.533351766209889,0.0129599212712117,-0.845794262171029),
(0.529195501143939,-0.434723439008136,-0.728675272769671),(0.504829737927174,
-0.337530852329541,-0.794493460910834),(0.581763818835799,0.176729716376958,
-0.793925353193175),(0.695781180821585,0.570033394191802,-0.436978807175696),
(0.673587699720781,-0.67390264689744,-0.303537202480177),(0.522645557329504,
-0.104436021071006,-0.846129268437505),(0.533013661677342,-0.012756818608091,
-0.846010460954421),(0.530492302059278,-0.0522525381770406,-0.846077768121764),
(0.590426156446413,-0.483421083774054,-0.64629792630538),(0.535338694689609,
-0.286597125347882,-0.794527891083979),(0.595954176951032,0.119163532242928,
-0.794127616670021),(0.736760800341935,0.60451561349093,-0.302893374185035),
(0.632488539827072,0.261215862537483,-0.729194432333529),(0.693765971727214,
0.465335643437569,-0.549683104542917),(0.672544033867787,0.359750544979224,
-0.646733382388752),(0.644707621700283,-0.529241382698039,-0.551593728537076),
(0.560374992058077,-0.232571372689695,-0.794915357054536),(0.604383771086936,
0.0584921712708729,-0.794543216663986),(0.568978317313181,-0.38119862160481,
-0.728664041458101),(0.654885089460699,0.197293045210896,-0.729521057895838),
(0.748070261083935,0.500079783291726,-0.436246598639708),(0.695466521218961,
-0.57054624231359,-0.436810374470935),(0.581405149519098,-0.176293727378199,
-0.794284944966085),(0.606813030532356,0.0138697900745041,-0.794723583958238),
(0.737064262514329,-0.604079613355517,-0.303024905993644),(0.596157811514778,
-0.119021511260325,-0.793996060208877),(0.705666739084263,0.293501624370454,
-0.644896309372358),(0.736461287211775,0.392001860077173,-0.551325053062539),
(0.604934531374992,-0.0587091300704866,-0.794107959156994),(0.607208507593339,
-0.0138627627286909,-0.794421583364776),(0.633470757856937,-0.424172101275993,
-0.647142045797726),(0.603474426616939,-0.323737524245718,-0.728706135430881),
(0.672033017192941,0.134325959178921,-0.728236335603501),(0.792263126936934,
0.529260019206044,-0.303649419176341),(0.693892186659229,-0.464283712036942,
-0.550412816012192),(0.633410648022006,-0.261359418303464,-0.728342093687038),
(0.682309708134049,0.0676197540528765,-0.727929276130489),(0.729753545142919,
0.221106709464527,-0.64697108620178),(0.79392992893276,0.424544779473799,
-0.435243607840904),(0.771899201665426,0.318630791091945,-0.55013274892193),
(0.748461049618614,-0.500044554875142,-0.435616230578618),(0.655246848133227,
-0.197993108736431,-0.729006376449723),(0.683776518338764,0.0160658161822773,
-0.729514607474665),(0.791770341123964,-0.529760011844573,-0.304062586923941),
(0.671483547504331,-0.134131441600768,-0.72877884286325),(0.683824194663401,
-0.0165845907436578,-0.7294583073369),(0.672159920532467,-0.360006551362385,
-0.646990204103548),(0.747205779068896,0.147747738478326,-0.647961518533766),
(0.84045716431373,0.44957756598044,-0.302509119070529),(0.682054512529207,
-0.0668472207489398,-0.728239720845195),(0.800134774028978,0.244318706576492,
-0.547807185975491),(0.831735508763343,0.342444759265528,-0.436975548874026),
(0.736739961212815,-0.392855658638177,-0.550344129638996),(0.705372640640032,
-0.291947403778516,-0.645922713072928),(0.759130956670894,0.0747547787760087,
-0.646631203758435),(0.793920243646528,-0.423915206073309,-0.435874459894202),
(0.729741947100778,-0.221546958910483,-0.646833545542501),(0.762609008815634,
0.0189949458339445,-0.64658076966919),(0.819643442837409,0.163266730668955,
-0.549116200152854),(0.880976410312941,0.363378047521916,-0.303046133536273),
(0.861346230557525,0.26135850410919,-0.435631040485122),(0.840723148266048,
-0.449111514758159,-0.302462287370271),(0.747738721076472,-0.148442684430547,
-0.647187433779408),(0.762261288602437,-0.0189670389629652,-0.646991483198296),
(0.759019514506582,-0.0744163505811302,-0.646801038468847),(0.772044859566896,
-0.31895072082212,-0.549742823967154),(0.830578278521341,0.0806584415330677,
-0.551029889441564),(0.882604359751428,0.177017324211298,-0.435516258108518),
(0.911529310298273,0.27659982265655,-0.304313743648755),(0.831398348119565,
-0.34347928434566,-0.436805183084464),(0.799748374121074,-0.243395377829838,
-0.548781585097176),(0.834947969782774,0.0203444538621415,-0.549952717015449),
(0.881167526637547,-0.363197120908207,-0.302707187498839),(0.819688497657692,
-0.162943461163268,-0.549144967446493),(0.895908899043763,0.0875152621389301,
-0.435532230158625),(0.830808870515396,-0.081722587908705,-0.550525239474482),
(0.834995819528871,-0.0198736626351629,-0.54989728031949),(0.934295467338528,
0.186407142916641,-0.303882142911256),(0.861959924499105,-0.260734676706621,
-0.434790198739796),(0.900130795143234,0.0211513340181778,-0.435105932738295),
(0.94883728761385,0.0926357108479736,-0.301871540078362),(0.911336397829259,
-0.277001627113428,-0.304525973552512),(0.882406492786042,-0.177102212617961,
-0.435882538965327),(0.895491774572341,-0.0879111728931642,-0.436309646184711),
(0.900147430986328,-0.0207863338451755,-0.435089106751697),(0.952544367298199,
0.0217824116866772,-0.303619424394399),(0.933988404294108,-0.187078638417311,
-0.304412949284471),(0.952759195246053,-0.0222986591186482,-0.302907057817417),
(0.949212151984323,-0.0913742518464005,-0.301076463086707)),$,(2,2,4,4,
4,3,3,1,753,753,30,30,904,904,807,807,815,815,827,827,841,841,860,860,881,
881,145,5,5,147,146,146,6,6,7,7,149,148,8,8,9,9,150,10,10,151,11,11,153,
152,12,12,154,13,13,155,14,14,15,15,27,157,156,16,16,158,17,17,18,18,160,
159,19,19,20,20,161,21,21,162,22,22,164,163,23,23,24,24,165,25,25,167,166,
28,28,26,26,26,168,168,805,805,909,909,34,34,811,811,819,819,831,831,845,
845,865,865,885,885,38,38,37,29,42,42,41,33,50,50,49,54,54,53,64,64,67,
67,84,84,63,88,88,87,68,104,104,935,935,83,108,108,939,939,128,128,127,
103,132,132,107,184,184,188,188,187,131,320,320,319,324,324,224,224,223,
183,228,228,274,274,273,278,278,277,227,340,340,344,344,343,480,480,484,
484,483,323,394,394,966,966,339,971,971,398,398,462,462,393,465,465,397,
534,534,461,538,538,464,674,674,479,678,678,677,614,614,533,618,618,537,
713,713,712,613,746,746,617,756,756,756,755,755,673,803,803,803,1003,1003,
1043,1043,1090,1090,1143,1143,1199,1199,1267,1267,1347,1347,1593,1593,1593,
1592,1592,1007,1007,1047,1047,1095,1095,1147,1147,1203,1203,1271,1271,1379,
1379,1570,1570,1570,1569,1569,745,754,806,757,757,758,758,661,759,759,760,
760,627,761,761,762,762,749,763,763,764,764,697,765,765,766,766,747,767,
767,698,768,768,769,769,750,770,770,771,771,628,772,772,773,773,662,774,
774,775,775,675,776,776,804,777,777,676,778,778,663,779,779,780,780,629,
781,781,782,782,595,783,783,751,784,784,785,785,786,786,699,787,787,788,
788,603,789,789,748,790,790,791,791,604,792,792,700,793,793,794,794,752,
795,795,796,796,797,797,596,798,798,630,799,799,800,800,664,801,801,802,
802,810,826,814,818,840,830,862,844,880,884,861,908,934,905,938,967,1006,
970,1042,1002,1094,1046,1142,1091,1146,1198,1270,1202,1346,1266,1595,1595,
1595,1594,1594,1568,1568,1568,1567,1567,1378,1383,1383,1396,1396,1384,1384,
711,1385,1385,1404,1404,1386,1386,729,1398,1398,1400,1400,1387,1387,1406,
1406,1399,1399,1402,1402,1408,1408,1388,1388,1389,1389,1409,1409,1418,1418,
1390,1390,1410,1410,1414,1414,1391,1391,1419,1419,1412,1412,1415,1415,1392,
1392,1424,1424,1420,1420,1393,1393,1426,1426,1422,1422,1428,1428,1394,1394,
1395,1395,1429,1429,1416,1416,1436,1436,1432,1432,1417,1417,1437,1437,1434,
1434,1397,1397,1401,1401,1403,1403,1381,1405,1405,1382,1407,1407,1411,1411,
1413,1413,1421,1421,1423,1423,1438,1438,1430,1430,1431,1431,1440,1440,1425,
1425,1427,1427,1433,1433,1435,1435,1444,1444,1448,1448,1442,1442,1445,1445,
1443,1443,1449,1449,1439,1439,1441,1441,1446,1446,1447,1447,1452,1452,1450,
1450,1458,1458,1454,1454,1453,1453,1451,1451,1459,1459,1456,1456,1455,1455,
1457,1457,1460,1460,1464,1464,1462,1462,1465,1465,1461,1461,1463,1463,1466,
1466,1467,1467,1468,1468,1469,1469,1470,1470,1473,1473,1472,1472,1599,1599,
1585,1585,1583,1583,1589,1589,1591,1591,1471,1471,1475,1475,1477,1477,1474,
1474,1476,1476,1484,1484,1606,1606,1478,1478,1481,1481,1479,1479,1485,1485,
1483,1483,1480,1480,1482,1482,1487,1487,1486,1486,1489,1489,1488,1488,1498,
1498,1632,1632,1499,1499,1490,1490,1492,1492,1493,1493,1687,1687,1491,1491,
1494,1494,1495,1495,1506,1506,1507,1507,1496,1496,1503,1503,1497,1497,1505,
1505,2403,1500,1500,1501,1501,1652,1652,1911,1502,1502,1518,1518,1504,1504,
1519,1519,1509,1509,1508,1508,1696,1696,1511,1511,1510,1510,1669,1669,1512,
1512,1532,1532,1514,1514,1515,1515,1703,1703,1513,1513,1533,1533,1516,1516,
1517,1517,1554,1554,1555,1555,1523,1523,1520,1520,1712,1712,1525,1525,1521,
1521,1679,1679,1522,1522,1556,1556,1524,1524,1557,1557,1526,1526,1558,1558,
1527,1527,1720,1720,1528,1528,1559,1559,1529,1529,2201,2201,2205,2205,2213,
2213,2219,2219,2225,2225,1530,1530,1534,1534,1537,1537,1891,1727,1727,1531,
1531,1535,1535,1539,1539,1560,1560,1561,1561,1698,1698,1536,1536,1538,1538,
1543,1543,1540,1540,1545,1545,1541,1541,2185,2185,2191,2191,1542,1542,1562,
1562,1544,1544,1563,1563,1546,1546,1564,1564,1547,1547,1548,1548,1565,1565,
1549,1549,1550,1550,1553,1553,1551,1551,2181,2181,2175,2175,1552,1552,1566,
1566,1890,1713,1713,1723,1723,1740,1740,1571,1571,1572,1572,1573,1573,1574,
1574,1575,1575,1576,1576,1577,1577,1578,1578,1579,1579,1580,1580,1586,1586,
1587,1587,1581,1581,1610,1610,1582,1582,1584,1584,1618,1618,1612,1612,1614,
1614,1620,1620,1613,1613,1616,1616,1622,1622,1588,1588,1623,1623,1602,1602,
1603,1603,1590,1590,1636,1636,1625,1625,1629,1629,1637,1637,1627,1627,1630,
1630,1644,1644,1598,1598,1638,1638,1646,1646,1640,1640,1596,1596,1597,1597,
1600,1600,1601,1601,1648,1648,1605,1605,1649,1649,1604,1604,1608,1608,1633,
1633,1634,1634,1607,1607,1348,1631,1631,1660,1660,1653,1653,1661,1661,1655,
1655,1609,1609,1349,1642,1642,1624,1624,1611,1611,1615,1615,1617,1617,1380,
1619,1619,1621,1621,1626,1626,1628,1628,1635,1635,1350,1639,1639,1641,1641,
1662,1662,1651,1651,1664,1664,1658,1658,1659,1659,1643,1643,1351,1645,1645,
1647,1647,1666,1666,1650,1650,1654,1654,1656,1656,1657,1657,1352,1671,1671,
1675,1675,1668,1668,1673,1673,1676,1676,1663,1663,1665,1665,1667,1667,1353,
1680,1680,1681,1681,1840,1672,1672,1674,1674,1688,1688,1670,1670,1682,1682,
1678,1678,1691,1691,1684,1684,1683,1683,1692,1692,1686,1686,1677,1677,1354,
1685,1685,1689,1689,1355,1693,1693,1697,1697,1695,1695,1816,1816,1815,1815,
1839,1694,1694,1706,1706,1690,1690,1699,1699,1356,1700,1700,1701,1701,1801,
1702,1702,1704,1704,1709,1709,1708,1708,1705,1705,1711,1711,1707,1707,1357,
1710,1710,1730,1730,1714,1714,1722,1722,1715,1715,1718,1718,1716,1716,1721,
1358,1717,1717,1719,1719,1726,1726,1724,1724,1725,1725,1739,1739,1728,1728,
1733,1733,1734,1734,1852,1729,1729,1735,1735,1736,1736,1748,1748,1749,1749,
1756,1756,1731,1737,1737,1744,1744,1738,1738,1746,1746,1741,1741,1742,1742,
1889,1743,1743,1763,1763,1745,1745,1764,1764,1751,1751,1750,1750,1753,1753,
1752,1752,1754,1754,1777,1777,1759,1759,1760,1760,1755,1755,1778,1778,1761,
1761,1762,1762,1802,1802,1803,1803,1800,1800,1757,1732,1747,1768,1768,1765,
1765,1770,1770,1766,1766,1767,1767,1804,1804,1769,1769,1805,1805,1772,1772,
1806,1806,1771,1771,1773,1773,1807,1807,1774,1774,1775,1775,1779,1779,1782,
1782,1946,1946,1958,1958,1963,1963,1776,1776,1780,1780,1784,1784,1808,1808,
1809,1809,1781,1781,1783,1783,1789,1789,1786,1786,1791,1791,1787,1787,1788,
1788,1810,1810,1790,1790,1811,1811,1792,1792,1812,1812,1793,1793,1934,1934,
1940,1940,1794,1794,1813,1813,1795,1795,1936,1936,1942,1942,1948,1948,1960,
1960,1796,1796,1799,1799,1797,1797,1798,1798,1814,1814,1930,1930,1851,1851,
1977,1785,1758,1916,1916,1918,1918,1920,1920,1915,1915,1917,1917,1919,1919,
1912,1912,1913,1913,1914,1914,1817,1817,1818,1818,1819,1819,1820,1820,1821,
1821,1822,1822,1823,1823,1824,1824,1825,1825,1826,1826,1827,1827,1828,1828,
1829,1829,1830,1830,1831,1831,1847,1847,1832,1832,1848,1848,1833,1833,1845,
1845,1834,1834,1846,1846,1836,1836,1837,1837,1835,1835,1835,1842,1842,1842,
1841,1841,1838,1838,1838,1844,1844,1844,1843,1843,1849,1849,1850,1850,1853,
1853,1854,1854,1859,1859,1860,1855,1858,1856,1856,1857,1857,1861,1861,1862,
1862,1867,1867,1868,1863,1866,1864,1864,1865,1865,1870,1870,1871,1871,1872,
1872,1874,1874,1869,1873,1873,1876,1876,1877,1877,2049,2049,2050,2050,2059,
1875,1875,1878,1878,1880,1880,1879,1879,1883,2039,2039,1881,1881,1882,1882,
1884,1884,1885,1885,1887,1887,1886,1886,2137,2137,2138,2138,2008,2008,2017,
2017,1892,1892,1893,1893,1895,1895,1894,1894,1999,1999,2007,2007,1996,1996,
1910,1896,1896,1897,1897,1899,1899,1898,1898,1970,1970,1978,1978,1900,1900,
1901,1901,1902,1902,1968,1968,1903,1903,1961,1961,1904,1904,1937,1937,1953,
1953,1969,1969,1905,1905,1938,1938,1954,1954,1906,1906,1908,1908,1927,1927,
1907,1907,1907,1909,1909,1909,1925,1925,1928,1928,1928,1926,1926,1926,1929,
1929,1939,1939,1931,1931,1933,1933,1941,1941,1932,1932,1935,1935,1943,1943,
1944,1944,1955,1955,1945,1945,1949,1949,1956,1956,1947,1947,1950,1950,1921,
1921,1962,1962,1957,1957,1922,1922,1964,1964,1959,1959,1966,1966,1923,1923,
1924,1924,1967,1967,1951,1951,1979,1979,1973,1973,1952,1952,1980,1980,1975,
1975,1981,1981,1971,1971,1972,1972,1983,1983,1965,1965,1974,1974,1976,1976,
1988,1988,1990,1990,1994,1994,1986,1986,1992,1992,1987,1987,1995,1995,1982,
1982,1984,1984,1985,1985,1991,1991,1993,1993,1989,1989,2000,2000,1997,1997,
2009,2009,2002,2002,2001,2001,1998,1998,2010,2010,2004,2004,2006,2006,2003,
2003,2005,2005,2011,2011,2015,2015,2013,2013,2016,2016,2012,2012,2014,2014,
2024,2024,2018,2018,2019,2019,2020,2020,2021,2021,2022,2022,2028,2028,2027,
2027,2023,2023,2030,2030,2032,2032,2025,2025,2029,2029,2129,2031,2031,2048,
2048,2026,2026,2040,2040,2998,2033,2033,2036,2036,2034,2034,2041,2041,2038,
2038,2217,2217,2194,2194,2035,2035,2037,2037,2043,2043,2042,2042,2045,2045,
2044,2044,2057,2057,2058,2058,2046,2046,2051,2051,2052,2052,2346,2047,2047,
2053,2053,2054,2054,2223,2223,2066,2066,2067,2067,2068,2068,2055,2055,2063,
2063,2056,2056,2065,2065,2233,2233,2060,2060,2061,2061,2208,2208,2062,2062,
2081,2081,2064,2064,2082,2082,2071,2071,2070,2070,2073,2073,2072,2072,2238,
2238,2220,2220,2104,2104,2069,2074,2074,2096,2096,2077,2077,2078,2078,2075,
2075,2097,2097,2079,2079,2080,2080,2245,2245,2121,2121,2122,2122,2086,2086,
2083,2083,2088,2088,2084,2084,2252,2252,2228,2228,2085,2085,2123,2123,2087,
2087,2124,2124,2090,2090,2126,2126,2091,2091,2092,2092,2127,2127,2093,2093,
2259,2259,2094,2094,2098,2098,2101,2101,2095,2095,2099,2099,2103,2103,2130,
2130,2131,2131,2999,2242,2242,2250,2250,2262,2262,2276,2276,2284,2284,2100,
2100,2102,2102,2109,2109,2106,2106,2402,2111,2111,2107,2107,2128,2128,2105,
2076,2089,2108,2108,2132,2132,2110,2110,2133,2133,2113,2113,2134,2134,2114,
2114,2115,2115,2135,2135,2116,2116,2117,2117,2120,2120,2118,2118,2119,2119,
2136,2136,2345,2345,2125,2112,2139,2139,2419,2140,2140,3001,2141,2141,2142,
2142,2143,2143,2144,2144,2145,2145,2146,2146,2147,2147,2148,2148,2149,2149,
2150,2150,2151,2151,2152,2152,2153,2153,2154,2154,2155,2155,2156,2156,2157,
2157,2159,2159,2158,2158,2158,2420,2420,2160,2160,2160,2996,2996,2161,2161,
2174,2174,2162,2162,2163,2163,2164,2164,2182,2182,2176,2176,2178,2178,2165,
2165,2184,2184,2177,2177,2180,2180,2186,2186,2166,2166,2167,2167,2187,2187,
2196,2196,2168,2168,2188,2188,2192,2192,2197,2197,2169,2169,2190,2190,2193,
2193,2170,2170,2202,2202,2198,2198,2171,2171,2204,2204,2200,2200,2206,2206,
2172,2172,2173,2173,2207,2207,2214,2214,2210,2210,2195,2195,2215,2215,2212,
2212,2179,2179,2183,2183,2189,2189,2199,2199,2216,2216,2209,2209,2218,2218,
2203,2203,2211,2211,2222,2222,2226,2226,2224,2224,2221,2221,2227,2227,2230,
2230,2236,2236,2232,2232,2231,2231,2229,2229,2237,2237,2234,2234,2235,2235,
2240,2240,2241,2241,2243,2243,2239,2239,2244,2244,2246,2246,2247,2247,2248,
2248,2251,2251,2249,2249,2253,2253,2255,2255,2254,2254,2256,2256,2257,2257,
2263,2263,2261,2261,3000,2258,2258,2260,2260,2265,2265,2264,2264,2267,2267,
2266,2266,2277,2277,2268,2268,2270,2270,2271,2271,2269,2269,2272,2272,2273,
2273,2285,2285,2274,2274,2281,2281,2275,2275,2283,2283,2278,2278,2279,2279,
2280,2280,2296,2296,2282,2282,2297,2297,2286,2286,2288,2288,2287,2287,2289,
2289,2290,2290,2310,2310,2292,2292,2293,2293,2291,2291,2311,2311,2294,2294,
2295,2295,2332,2332,2333,2333,2302,2302,2298,2298,2303,2303,2299,2299,2300,
2300,2334,2334,2301,2301,2335,2335,2304,2304,2336,2336,2305,2305,2306,2306,
2337,2337,2307,2307,2308,2308,2312,2312,2315,2315,2309,2309,2313,2313,2317,
2317,2338,2338,2339,2339,2314,2314,2316,2316,2321,2321,2318,2318,2323,2323,
2319,2319,2320,2320,2340,2340,2322,2322,2341,2341,2324,2324,2342,2342,2325,
2325,2326,2326,2343,2343,2327,2327,2328,2328,2331,2331,2329,2329,2330,2330,
2344,2344,2997,2349,2349,2350,2347,2348,2353,2353,2354,2351,2352,2356,2356,
2358,2358,2355,2357,2357,2396,2397,2359,2359,2360,2360,2362,2362,2361,2361,
2395,2394,2363,2363,2364,2364,2366,2366,2365,2365,2393,2392,2367,2367,2368,
2368,2370,2370,2369,2369,2391,2390,2371,2371,2372,2372,2374,2374,2373,2373,
2389,2388,2375,2375,2376,2376,2377,2377,2387,2378,2378,2385,2379,2379,2380,
2380,2381,2381,2383,2383,2382,2382,2382,2384,2384,2384,2965,2965,2386,2386,
2496,2496,2564,2564,2495,2500,2500,2499,2563,2568,2568,2620,2620,2624,2624,
2623,2567,2671,2671,2619,2676,2676,2720,2720,2719,2672,2724,2724,2675,2760,
2760,2764,2764,2723,2795,2795,2759,2800,2800,2799,2763,2828,2828,3301,3301,
2827,3077,3077,3145,3145,3201,3201,3253,3253,2796,2832,2832,3305,3305,2831,
3081,3081,3149,3149,3205,3205,3257,3257,2857,2857,3483,3483,3341,3341,3377,
3377,3409,3409,3439,3439,3463,3463,2862,2862,3487,3487,2861,3345,3345,3381,
3381,3413,3413,3443,3443,3467,3467,2882,2882,3543,3543,2858,3503,3503,3517,
3517,3529,3529,3537,3537,2886,2886,3545,3545,3507,3507,3521,3521,3533,3533,
3541,3541,2902,2902,2901,2881,2906,2906,2905,2885,2922,2922,2926,2926,2925,
2936,2936,2935,2921,2940,2940,2939,2948,2948,2952,2952,2956,2956,2947,2960,
2960,2951,2962,2962,2955,2964,2964,2959,2963,2961,3076,3148,3080,3144,3204,
3252,3200,3304,3256,3300,3344,3376,3340,3380,3408,3442,3412,3462,3438,3466,
3482,3506,3486,3516,3502,3528,3532,3520,3536,3540,3542,3544,32,35,31,311,
307,291,269,261,241,219,207,181,321,182,322,209,313,221,243,263,271,293,
309,208,312,220,308,242,262,270,292,210,222,244,264,272,294,310,314,43,
55,36,46,58,89,69,72,92,109,133,189,112,136,192,471,229,279,345,232,282,
348,474,399,467,470,402,539,619,542,714,622,744,812,808,820,593,449,601,
543,602,594,544,472,450,481,809,473,482,451,441,545,409,499,518,429,500,
430,546,442,410,452,813,846,832,823,866,835,886,849,910,869,889,913,940,
972,943,1008,975,1011,1048,1096,1051,1099,1148,1204,1207,1151,1272,1273,
1377,615,730,616,621,625,633,641,645,651,655,667,671,685,689,695,703,707,
710,728,620,624,632,640,644,650,654,666,670,684,688,694,702,706,709,1363,
1268,1269,1275,1278,1282,1290,1294,1300,1304,1312,1316,1324,1328,1334,1338,
1342,1345,2498,2404,2422,2425,2493,2489,2429,2433,2439,2443,2451,2455,2463,
2467,2473,2477,2485,2981,1276,1362,1274,1277,1281,1289,1293,1299,1303,1311,
1315,1323,1327,1333,1337,1341,1344,1280,1288,1292,1298,2995,1302,1310,2418,
1314,1322,1359,1326,1361,1360,2966,1888,3078,2980,3002,3005,3073,3009,3069,
3013,3019,3023,3031,3035,3043,3047,3053,3057,3065,3079,2401,2497,2421,2424,
2428,2492,2432,2438,2442,2450,2454,2462,2466,2472,2476,2484,2488,3003,3006,
3074,3070,3010,3014,3020,3024,3032,3036,3044,3048,3054,3058,3066,3072,2400,
2398,2399,2437,2441,2431,2449,2453,2461,2465,2471,2475,2483,2487,2491,2559,
2494,2562,2618,2667,2615,2715,2755,2670,2718,2791,2758,2794,2823,2853,2826,
2856,2877,2897,2917,2880,2900,2920,2931,2943,2946,2934,2953,2957,2954,2958,
3140,3075,3143,3196,3199,3296,3248,3251,3299,3336,3339,3372,3404,3375,3434,
3407,3437,3458,3478,3461,3498,3481,3515,3501,3512,3524,3534,3527,3538,3535,
3539,39,40,44,47,52,56,51,45,59,60,73,439,407,375,335,295,249,250,337,297,
377,296,336,376,408,440,298,338,378,75,79,70,76,66,57,65,80,48,97,61,62,
71,93,99,85,86,94,90,100,117,118,74,77,78,91,125,81,82,95,96,113,105,110,
106,114,122,121,137,138,111,173,174,98,101,102,115,116,141,169,134,142,
130,129,170,177,178,135,197,119,120,123,124,199,200,143,144,215,216,126,
139,140,171,172,193,203,190,194,185,186,204,211,212,191,233,234,195,196,
251,175,176,179,180,253,254,205,206,237,245,226,230,225,238,246,257,258,
231,265,266,239,240,283,284,198,201,202,213,214,303,304,247,248,325,217,
218,235,236,287,299,280,288,275,276,300,315,316,281,327,328,259,260,331,
332,289,290,497,427,365,428,498,366,353,354,301,302,361,362,252,255,256,
267,268,371,372,317,318,349,357,341,346,342,350,358,367,368,347,379,380,
351,352,383,285,286,305,306,385,386,333,334,389,390,359,360,415,416,369,
370,423,424,326,329,330,355,356,403,411,400,404,396,395,412,419,420,401,
435,436,381,382,431,432,405,406,517,443,444,413,414,447,363,364,373,374,
453,454,391,392,457,458,421,422,489,490,433,434,475,485,468,476,466,463,
486,493,494,469,501,502,384,387,388,417,418,505,506,477,478,513,514,487,
488,509,510,445,446,519,520,495,496,523,425,426,437,438,525,526,459,460,
529,530,507,508,547,551,535,536,548,540,552,563,564,541,567,568,549,550,
555,556,515,516,571,572,553,554,559,560,448,455,456,491,492,579,580,565,
566,575,576,521,522,585,586,569,570,583,503,504,511,512,589,590,531,532,
597,598,573,574,623,631,639,643,626,649,634,609,610,581,582,653,642,605,
606,524,527,528,557,558,665,646,635,636,587,588,669,652,647,561,562,577,
578,657,658,599,600,683,656,715,716,717,718,743,719,742,687,668,720,741,
679,680,584,591,592,611,612,721,740,693,672,722,739,723,738,691,607,608,
637,638,701,686,724,737,2967,2969,2968,2994,2993,2971,2970,725,736,705,
648,659,660,690,2991,2992,2973,2972,2974,2989,2990,726,735,2988,681,682,
696,2976,2975,2987,727,734,692,704,733,2978,2977,2985,2986,3068,3064,708,
731,2979,3071,3056,3052,3067,3046,3042,3059,3055,732,3034,3030,3049,3045,
3022,3037,2983,2984,3033,3018,3012,3025,3021,3008,3004,2982,3015,3011,3007,
3132,3136,3120,3116,3112,3104,3098,3090,3082,3060,3038,3026,3016,3146,3137,
3141,3027,3039,3061,3083,3091,3099,3105,3113,3117,3121,3133,3017,3041,3029,
3063,3085,3093,3101,3107,3115,3119,3123,3135,3139,821,824,817,816,836,833,
837,828,822,829,850,852,856,842,847,834,825,843,853,857,874,838,839,848,
870,867,871,864,863,877,876,894,895,851,854,855,868,902,858,859,872,873,
890,898,887,891,883,882,899,914,915,888,926,927,875,878,879,892,893,918,
922,906,907,919,911,923,930,931,912,948,896,897,900,901,950,951,920,921,
962,963,903,916,917,924,925,944,954,936,941,937,945,955,958,959,942,976,
977,946,947,988,928,929,932,933,990,991,956,957,980,984,973,981,969,968,
985,994,995,974,998,999,982,983,1012,1013,949,952,953,960,961,1024,1025,
986,987,1032,964,965,978,979,1016,1020,1009,1017,1005,1004,1021,1028,1029,
1010,1034,1035,996,997,1038,1039,1018,1019,1056,1057,1022,1023,1064,1065,
989,992,993,1000,1001,1072,1073,1030,1031,1052,1060,1044,1045,1053,1049,
1061,1068,1069,1050,1076,1077,1054,1055,1080,1014,1015,1026,1027,1082,1083,
1040,1041,1086,1087,1062,1063,1108,1109,1070,1071,1116,1117,1033,1036,1037,
1058,1059,1100,1104,1093,1097,1092,1101,1105,1112,1113,1098,1124,1125,1078,
1079,1120,1121,1102,1103,1128,1129,1106,1107,1132,1066,1067,1074,1075,1134,
1135,1088,1089,1138,1139,1114,1115,1160,1161,1122,1123,1152,1156,1149,1153,
1145,1144,1157,1164,1165,1150,1168,1169,1081,1084,1085,1110,1111,1172,1173,
1154,1155,1180,1181,1158,1159,1176,1177,1130,1131,1184,1185,1166,1167,1188,
1118,1119,1126,1127,1190,1191,1140,1141,1194,1195,1174,1175,1208,1212,1200,
1201,1209,1205,1213,1220,1223,1206,1228,1229,1214,1210,1211,1216,1217,1182,
1183,1232,1233,1224,1215,1221,1222,1133,1136,1137,1162,1163,1240,1241,1227,
1236,1237,1186,1187,1246,1247,1230,1231,1244,1170,1171,1178,1179,1250,1251,
1196,1197,1254,1255,1234,1235,1279,1283,1262,1263,1242,1243,1291,1258,1259,
1189,1192,1193,1218,1219,1295,1284,1285,1248,1249,1301,1296,1225,1226,1238,
1239,1306,1307,1256,1257,1305,1376,1375,1313,1374,1318,1245,1252,1253,1264,
1265,1373,1332,1317,1372,1371,1319,1260,1261,1286,1287,1336,1325,1370,2417,
2415,2416,1369,1330,1340,1297,1308,1309,1329,2414,2413,1368,2411,2412,1320,
1321,1335,1367,2410,1331,1339,1366,2408,2409,1343,1364,2405,2490,2486,2478,
2474,1365,2468,2464,2456,2406,2407,2452,2444,2440,2434,2430,2426,2436,2566,
2565,2561,2447,2481,2459,2503,2511,2519,2525,2533,2537,2543,2553,2557,2448,
2460,2482,2504,2512,2520,2526,2534,2538,2546,2554,2558,3147,3142,3028,3040,
3062,3084,3092,3100,3106,3114,3118,3122,3134,3138,2423,2435,2560,2446,2458,
2480,2502,2510,2518,2524,2532,2536,2552,2542,2556,2427,2445,2457,2479,2501,
2509,2517,2523,2531,2535,2539,2551,2555,2611,2607,2599,2591,2583,2579,2569,
2547,2527,2513,2505,2469,2622,2616,2621,2506,2514,2528,2548,2570,2580,2584,
2592,2608,2612,2600,2470,2515,2529,2507,2549,2571,2581,2585,2593,2601,2609,
2613,2617,2508,2516,2530,2550,2572,2582,2586,2594,2602,2610,2614,2522,2545,
2576,2521,2575,2544,2589,2590,2540,2541,2605,2606,2573,2574,2627,2628,2578,
2598,2587,2588,2637,2638,2603,2604,2645,2646,2597,2631,2632,2625,2626,2653,
2654,2635,2636,2661,2662,2634,2643,2644,2665,2666,2651,2660,2652,2664,2669,
2577,2641,2642,2659,2674,2663,2673,2668,2595,2596,2657,2658,2649,2650,2629,
2630,2679,2680,2683,2684,2639,2640,2689,2690,2686,2655,2656,2697,2698,2633,
2693,2694,2677,2678,2705,2706,2687,2688,2713,2714,2695,2696,2704,2717,2701,
2702,2647,2648,2709,2710,2703,2712,2722,2711,2721,2716,2681,2682,2727,2728,
2731,2732,2734,2691,2692,2737,2738,2707,2708,2745,2746,2685,2741,2742,2725,
2726,2749,2750,2753,2754,2735,2736,2757,2699,2700,2767,2768,2743,2744,2762,
2747,2748,2756,2761,2729,2730,2771,2772,2775,2776,2778,2739,2740,2781,2782,
2733,2789,2790,2765,2766,2785,2786,2803,2804,2769,2770,2793,2751,2752,2807,
2808,2779,2780,2798,2783,2784,2797,2792,2773,2774,2811,2812,2815,2816,2818,
2787,2788,2821,2822,2777,2835,2836,2805,2806,2825,2839,2840,2809,2810,2830,
2801,2802,2843,2844,2819,2820,2824,2829,2813,2814,2847,2848,2851,2852,2864,
2833,2834,2855,2817,2867,2868,2841,2842,2860,2845,2846,2871,2872,2854,2859,
2837,2838,2875,2876,2849,2850,2879,2889,2890,2892,2865,2866,2884,2873,2874,
2883,2863,2895,2896,2878,2909,2910,2869,2870,2899,2887,2888,2904,2913,2914,
2916,2893,2894,2898,2903,2891,2919,2929,2930,2907,2908,2924,2911,2912,2923,
2933,2918,2942,2915,2938,2945,2927,2928,2932,2937,2950,2941,2949,2944,3192,
3188,3180,3172,3164,3160,3150,3128,3108,3094,3086,3050,3197,3202,3087,3095,
3109,3129,3151,3161,3165,3173,3181,3189,3193,3203,3051,3088,3096,3110,3130,
3152,3162,3166,3174,3182,3190,3194,3198,3089,3097,3111,3131,3153,3163,3167,
3175,3183,3191,3195,3103,3126,3127,3156,3157,3102,3170,3171,3159,3124,3125,
3186,3187,3154,3155,3208,3209,3178,3179,3168,3169,3218,3219,3184,3185,3226,
3227,3212,3213,3206,3207,3234,3235,3216,3217,3242,3243,3215,3224,3225,3246,
3247,3232,3233,3250,3158,3222,3223,3240,3241,3255,3244,3245,3249,3254,3176,
3177,3238,3239,3230,3231,3210,3211,3260,3261,3264,3265,3220,3221,3270,3271,
3267,3236,3237,3278,3279,3214,3274,3275,3258,3259,3286,3287,3268,3269,3294,
3295,3276,3277,3298,3282,3283,3228,3229,3290,3291,3284,3285,3303,3292,3293,
3297,3302,3262,3263,3308,3309,3312,3313,3315,3272,3273,3318,3319,3288,3289,
3326,3327,3266,3322,3323,3306,3307,3330,3331,3334,3335,3316,3317,3338,3280,
3281,3348,3349,3324,3325,3343,3328,3329,3342,3337,3310,3311,3352,3353,3356,
3357,3359,3320,3321,3362,3363,3314,3370,3371,3346,3347,3366,3367,3384,3385,
3350,3351,3374,3332,3333,3388,3389,3360,3361,3379,3364,3365,3373,3378,3354,
3355,3392,3393,3396,3397,3399,3368,3369,3402,3403,3358,3416,3417,3386,3387,
3406,3420,3421,3390,3391,3411,3382,3383,3424,3425,3400,3401,3410,3405,3394,
3395,3428,3429,3432,3433,3445,3414,3415,3436,3398,3448,3449,3422,3423,3441,
3426,3427,3452,3453,3435,3440,3418,3419,3456,3457,3430,3431,3460,3470,3471,
3473,3446,3447,3465,3454,3455,3464,3444,3476,3477,3459,3490,3491,3450,3451,
3480,3468,3469,3485,3494,3495,3497,3474,3475,3484,3479,3472,3500,3510,3511,
3488,3489,3505,3492,3493,3514,3499,3504,3523,3496,3519,3526,3508,3509,3513,
3518,3531,3522,3530,3525),((1,4,6),(1,6,8),(2,9,3),(11,13,2),(8,12,1),(9,
2,15),(2,17,15),(19,17,2),(19,2,21),(21,2,23),(23,2,25),(25,2,13),(27,7,
5),(28,8,6),(7,30,29),(27,30,7),(31,3,9),(27,5,32),(33,8,28),(29,30,34),
(35,8,33),(37,36,34),(30,38,34),(34,38,37),(39,8,35),(36,37,40),(41,8,39),
(40,43,42),(43,40,37),(44,8,41),(42,46,45),(43,46,42),(44,47,8),(48,45,
49),(50,45,46),(50,49,45),(51,8,47),(48,53,52),(48,49,53),(54,8,51),(52,
56,55),(52,53,56),(54,57,8),(55,56,58),(59,61,57),(60,58,62),(61,8,57),
(63,58,56),(63,62,58),(64,61,59),(66,65,60),(62,66,60),(64,67,61),(65,66,
68),(69,61,67),(70,68,71),(66,72,68),(71,68,72),(69,73,61),(71,74,70),(75,
61,73),(74,77,76),(77,74,71),(78,61,75),(76,80,79),(80,76,77),(78,81,61),
(82,79,83),(84,79,80),(84,83,79),(81,85,61),(83,86,82),(85,87,61),(86,89,
88),(89,86,83),(87,90,61),(91,88,92),(93,88,89),(93,92,88),(94,90,96),(97,
91,100),(94,61,90),(100,91,92),(95,98,101),(98,99,101),(95,103,105),(94,
106,61),(101,107,95),(107,109,95),(111,95,109),(111,113,95),(113,115,95),
(115,117,95),(117,103,95),(119,13,11),(121,120,12),(12,8,122),(122,121,
12),(123,105,103),(124,125,106),(126,61,106),(126,106,125),(127,13,119),
(128,120,129),(120,121,129),(123,103,130),(132,124,131),(124,132,125),(133,
13,127),(128,129,134),(135,130,103),(131,136,132),(133,137,13),(139,138,
134),(139,134,129),(140,135,103),(141,142,136),(136,143,132),(143,136,142),
(137,144,146),(138,148,145),(146,13,137),(138,139,148),(149,140,151),(141,
150,142),(103,151,140),(144,153,146),(154,145,155),(148,156,145),(156,155,
145),(157,149,151),(150,158,159),(150,159,142),(153,160,146),(154,155,161),
(162,157,151),(163,164,158),(165,159,158),(165,158,164),(166,31,9),(32,
167,168),(32,168,27),(99,169,101),(92,170,100),(160,171,146),(172,161,173),
(174,161,155),(174,173,161),(162,151,175),(164,163,176),(171,177,146),(172,
179,178),(173,179,172),(175,151,180),(182,176,181),(183,164,176),(176,182,
183),(177,184,146),(179,185,178),(180,151,186),(187,188,181),(182,181,188),
(189,166,9),(190,168,167),(191,101,169),(170,193,192),(194,170,92),(194,
193,170),(184,195,197),(199,196,185),(197,146,184),(185,179,199),(186,200,
202),(187,203,188),(200,186,151),(195,204,197),(196,206,205),(196,199,206),
(202,200,207),(208,209,203),(203,209,188),(210,197,204),(205,212,211),(212,
205,206),(207,200,213),(208,214,215),(208,215,209),(216,189,9),(218,190,
217),(218,168,190),(191,219,101),(192,221,220),(193,221,192),(210,222,197),
(224,223,211),(224,211,212),(213,200,225),(214,226,227),(227,215,214),(228,
197,222),(230,229,223),(224,231,223),(223,231,230),(225,200,232),(226,233,
234),(234,227,226),(235,216,9),(238,217,237),(240,217,238),(217,240,218),
(241,101,219),(220,221,242),(244,197,228),(246,244,228),(248,246,228),(250,
248,228),(252,250,228),(254,252,228),(256,254,228),(228,258,256),(259,229,
261),(229,230,261),(263,232,200),(232,263,265),(265,267,232),(267,269,232),
(269,271,232),(273,232,271),(275,232,273),(277,232,275),(279,280,233),(233,
280,282),(282,234,233),(236,10,239),(10,283,239),(284,10,16),(10,284,283),
(285,240,238),(286,239,283),(287,286,283),(288,289,285),(240,285,289),(290,
287,283),(291,289,288),(292,290,283),(293,294,291),(289,291,294),(295,292,
283),(293,296,294),(297,295,283),(298,299,296),(299,294,296),(300,297,283),
(301,299,298),(302,300,283),(303,304,301),(299,301,304),(305,302,283),(306,
304,303),(307,305,283),(308,309,306),(306,309,304),(307,283,310),(311,312,
308),(309,308,312),(313,310,283),(314,312,311),(315,313,283),(316,317,314),
(312,314,317),(315,283,318),(317,316,319),(320,318,283),(321,322,319),(317,
319,322),(323,320,283),(324,322,321),(325,323,283),(326,327,324),(324,327,
322),(325,283,328),(329,327,326),(328,283,330),(331,332,329),(329,332,327),
(333,332,331),(334,330,335),(335,330,283),(334,335,336),(337,338,333),(333,
338,332),(339,336,335),(340,341,337),(337,341,338),(339,335,342),(343,341,
340),(342,335,344),(345,346,343),(343,346,341),(347,344,335),(348,346,345),
(349,347,335),(350,351,348),(346,348,351),(352,349,335),(353,354,350),(350,
354,351),(355,352,335),(356,354,353),(355,335,357),(358,354,356),(359,357,
335),(360,361,358),(358,361,354),(359,335,362),(363,361,360),(364,362,335),
(363,365,366),(363,366,361),(364,335,367),(369,365,368),(369,366,365),(367,
335,370),(371,369,368),(370,335,372),(373,374,371),(369,371,374),(372,335,
375),(376,377,373),(374,373,377),(375,335,378),(379,377,376),(380,378,335),
(381,382,379),(377,379,382),(335,383,380),(384,382,381),(385,383,335),(386,
382,384),(385,335,387),(388,389,386),(382,386,389),(390,387,335),(391,392,
388),(389,388,392),(390,335,393),(394,392,391),(393,335,395),(396,397,394),
(397,392,394),(395,335,398),(399,397,396),(400,221,399),(398,335,401),(397,
399,221),(102,243,401),(400,242,221),(102,401,335),(402,108,102),(335,402,
102),(284,16,18),(108,402,110),(20,403,18),(18,404,284),(404,18,403),(110,
405,112),(405,110,402),(22,406,20),(403,20,406),(112,407,114),(407,112,
405),(24,408,22),(406,22,408),(114,409,116),(409,114,407),(26,410,24),(408,
24,410),(118,116,411),(412,116,409),(116,412,411),(410,26,14),(104,118,
413),(411,413,118),(147,414,14),(14,415,410),(14,414,415),(104,413,152),
(198,414,147),(152,416,201),(416,152,413),(245,417,198),(417,414,198),(418,
264,201),(419,201,416),(201,419,418),(247,420,245),(421,417,245),(245,420,
421),(264,418,266),(247,249,420),(422,268,266),(266,418,423),(423,422,266),
(251,424,249),(425,420,249),(425,249,424),(268,426,270),(268,422,426),(251,
253,424),(272,270,426),(253,255,427),(427,424,253),(274,272,428),(429,272,
426),(272,429,428),(430,255,257),(431,427,255),(430,431,255),(274,428,276),
(432,256,258),(434,435,257),(430,257,435),(437,276,440),(276,442,440),(275,
439,277),(442,276,428),(443,445,447),(444,448,449),(443,450,445),(444,449,
451),(447,452,454),(455,456,448),(457,447,445),(457,459,447),(452,447,459),
(449,448,456),(461,463,450),(462,451,449),(465,445,450),(465,450,467),(467,
450,463),(454,469,471),(472,456,455),(469,454,452),(461,474,475),(473,462,
449),(475,463,461),(477,479,471),(480,456,472),(469,481,471),(471,481,483),
(477,471,483),(485,487,474),(486,473,449),(475,474,489),(491,489,474),(474,
487,491),(493,479,495),(494,456,480),(477,497,479),(497,495,479),(499,501,
485),(500,486,449),(487,485,503),(503,485,501),(493,505,507),(494,508,456),
(493,495,505),(499,510,511),(449,509,500),(511,501,499),(513,507,515),(508,
514,456),(517,507,505),(517,515,507),(519,521,510),(509,449,520),(523,511,
510),(523,510,521),(446,525,458),(446,466,525),(528,458,525),(525,466,529),
(527,526,531),(526,530,531),(460,458,528),(468,529,466),(528,532,460),(453,
460,532),(533,527,534),(531,534,527),(529,468,536),(464,536,468),(530,535,
531),(453,532,470),(470,532,482),(537,482,532),(538,533,534),(464,476,536),
(490,536,476),(490,540,536),(535,539,531),(482,537,484),(537,541,484),(542,
538,534),(490,492,540),(544,540,492),(539,543,531),(478,484,541),(488,544,
492),(513,545,547),(548,456,514),(515,545,513),(519,550,551),(549,520,449),
(521,519,551),(498,478,541),(504,544,488),(541,553,498),(496,498,553),(554,
542,534),(544,504,556),(502,556,504),(543,555,531),(496,553,506),(506,553,
518),(518,553,557),(558,554,534),(502,512,556),(512,524,556),(560,556,524),
(559,531,555),(561,547,545),(563,565,547),(548,566,456),(563,547,561),(567,
551,550),(550,569,571),(549,449,570),(571,567,550),(518,557,573),(573,516,
518),(574,558,534),(560,524,576),(522,576,524),(559,575,531),(573,546,516),
(552,576,522),(546,573,562),(562,573,577),(574,534,578),(552,568,576),(580,
576,568),(575,579,531),(581,565,563),(583,565,585),(584,456,566),(581,587,
565),(585,565,587),(571,569,589),(591,593,569),(592,570,449),(569,595,589),
(595,569,593),(562,577,564),(564,577,582),(597,582,577),(598,578,534),(580,
568,572),(580,572,590),(580,590,600),(599,531,579),(585,601,583),(583,601,
603),(456,584,604),(591,605,593),(591,607,605),(608,592,449),(597,588,582),
(596,600,590),(597,609,588),(586,588,609),(598,534,610),(600,596,612),(596,
594,612),(531,599,611),(602,586,609),(606,612,594),(602,609,613),(614,603,
601),(615,613,609),(616,610,534),(612,606,617),(618,605,607),(619,612,617),
(620,531,611),(621,603,614),(621,623,603),(625,603,623),(626,627,604),(629,
631,604),(456,604,631),(633,629,604),(633,604,635),(635,604,627),(637,618,
607),(637,607,639),(641,639,607),(642,608,449),(613,615,622),(643,622,615),
(644,616,534),(617,638,619),(646,619,638),(645,531,620),(624,622,643),(646,
638,640),(625,623,647),(648,649,626),(627,626,649),(624,643,651),(652,647,
623),(643,653,651),(534,654,644),(640,655,646),(641,657,639),(656,639,657),
(659,646,655),(645,660,531),(658,642,449),(661,651,653),(652,662,647),(663,
659,655),(656,657,664),(661,653,665),(662,667,647),(668,661,665),(534,666,
654),(659,663,669),(664,657,671),(672,669,663),(660,670,531),(673,647,667),
(674,675,648),(649,648,675),(677,671,657),(658,449,678),(668,665,679),(673,
667,680),(679,665,681),(681,665,683),(684,666,685),(534,685,666),(672,687,
669),(688,671,677),(687,689,669),(691,669,689),(670,692,531),(682,693,680),
(673,680,693),(690,688,696),(677,696,688),(681,683,697),(698,693,682),(699,
697,683),(700,684,685),(691,689,701),(702,690,696),(691,701,703),(704,705,
692),(705,531,692),(699,706,697),(698,707,693),(708,703,701),(702,696,709),
(674,694,710),(675,674,710),(695,678,712),(449,712,678),(699,713,706),(707,
714,715),(715,693,707),(717,703,708),(719,718,709),(719,709,696),(699,721,
713),(723,713,721),(724,715,714),(722,700,725),(685,725,700),(703,717,727),
(729,727,717),(718,719,730),(728,705,704),(694,716,731),(731,710,694),(720,
695,712),(723,721,733),(734,735,724),(724,735,715),(733,721,737),(737,721,
739),(740,722,741),(725,741,722),(729,743,727),(744,730,745),(719,745,730),
(743,747,727),(749,727,747),(728,750,705),(738,751,734),(735,734,751),(748,
744,754),(745,754,744),(739,755,737),(755,757,737),(738,758,751),(756,740,
759),(741,759,740),(749,747,761),(763,761,747),(748,754,764),(705,750,762),
(716,736,765),(765,731,716),(720,712,746),(755,767,757),(758,768,769),(769,
751,758),(771,761,763),(764,773,772),(773,764,754),(767,755,775),(776,777,
768),(777,769,768),(779,775,755),(780,756,781),(759,781,756),(771,783,761),
(772,785,784),(785,772,773),(787,761,783),(788,789,762),(791,762,789),(793,
762,791),(795,762,793),(797,762,795),(762,797,705),(775,779,799),(777,776,
800),(799,779,801),(779,803,801),(804,780,805),(781,806,780),(805,780,806),
(783,808,787),(809,784,785),(808,810,787),(812,787,810),(813,789,788),(802,
814,800),(777,800,814),(811,809,817),(785,817,809),(736,752,818),(818,765,
736),(753,746,712),(820,801,803),(802,821,814),(822,812,810),(811,817,823),
(803,824,820),(824,826,820),(827,814,821),(804,805,825),(812,822,828),(830,
828,822),(823,817,831),(829,832,813),(834,813,832),(789,813,834),(836,826,
824),(827,837,838),(814,827,838),(840,828,830),(831,842,841),(842,831,817),
(836,824,844),(845,846,837),(838,837,846),(848,844,824),(825,805,849),(840,
850,828),(851,841,852),(842,852,841),(854,828,850),(855,832,829),(844,848,
856),(857,846,845),(848,858,856),(849,805,859),(854,850,860),(861,851,852),
(854,860,858),(859,805,855),(862,855,864),(864,855,805),(832,855,862),(866,
856,858),(857,867,846),(866,858,860),(861,852,867),(867,868,846),(868,867,
852),(752,770,870),(871,818,752),(873,871,752),(875,873,752),(752,870,875),
(753,712,774),(778,870,770),(786,774,712),(778,815,870),(816,786,712),(870,
815,839),(843,816,712),(847,870,839),(843,712,853),(869,870,847),(869,853,
870),(870,853,712),(441,278,438),(441,281,278),(877,281,441),(878,440,442),
(877,879,281),(880,282,280),(881,879,877),(882,878,442),(881,883,879),(884,
282,880),(885,883,881),(886,882,442),(885,887,883),(888,282,884),(889,887,
885),(890,886,442),(889,891,887),(892,282,888),(893,891,889),(894,890,442),
(893,895,891),(896,282,892),(897,895,893),(898,894,442),(897,899,895),(896,
900,282),(901,903,905),(906,456,902),(903,901,632),(902,456,631),(908,905,
909),(906,907,456),(905,903,911),(911,913,905),(913,909,905),(630,915,632),
(917,903,632),(632,919,917),(919,632,915),(908,921,923),(907,924,456),(908,
909,921),(630,634,925),(925,915,630),(927,899,897),(928,898,442),(927,929,
899),(930,282,900),(931,923,933),(456,924,932),(935,923,921),(923,935,937),
(937,933,923),(636,939,634),(925,634,941),(943,941,634),(943,634,939),(931,
945,947),(948,456,932),(933,949,931),(945,931,949),(628,951,636),(636,953,
939),(953,636,951),(260,262,433),(436,433,262),(955,436,262),(956,261,230),
(955,957,436),(958,430,435),(959,957,955),(230,960,956),(959,961,957),(962,
430,958),(947,963,965),(948,966,456),(963,947,945),(628,650,967),(967,951,
628),(961,959,969),(971,969,959),(972,960,230),(962,970,430),(974,929,927),
(973,928,442),(974,975,929),(930,976,282),(969,971,977),(978,979,970),(430,
970,979),(980,965,982),(966,981,456),(984,965,963),(984,982,965),(676,986,
650),(988,967,650),(988,650,986),(990,977,971),(991,992,978),(979,978,992),
(971,993,990),(972,230,994),(995,990,993),(996,992,991),(904,997,912),(904,
918,997),(1000,912,997),(1001,997,918),(999,998,1003),(1002,534,998),(1003,
998,534),(914,912,1000),(920,1001,918),(1000,1004,914),(910,914,1004),(1005,
999,1003),(1001,920,1007),(916,1007,920),(1006,534,1002),(910,1004,922),
(922,1004,936),(1008,936,1004),(1009,1005,1003),(916,926,1007),(926,942,
1007),(1011,1007,942),(1010,534,1006),(1012,995,993),(1013,1014,996),(996,
1014,992),(936,1008,938),(1008,1015,938),(1016,1009,1003),(942,944,1011),
(1011,944,1018),(1017,534,1010),(934,938,1015),(940,1018,944),(980,1019,
1021),(981,1022,456),(982,1019,980),(676,711,1023),(986,676,1023),(1025,
975,974),(1026,973,442),(1025,1027,975),(976,1028,282),(1029,1012,993),
(1030,1031,1013),(1014,1013,1031),(950,934,1015),(954,1018,940),(950,1015,
1032),(1032,946,950),(1016,1003,1033),(1018,954,1035),(952,1035,954),(1017,
1034,534),(993,1036,1029),(1037,994,230),(1038,1029,1036),(1039,1031,1030),
(946,1032,964),(964,1032,985),(1040,985,1032),(1033,1003,1041),(952,968,
1035),(968,989,1035),(1043,1035,989),(1034,1042,534),(1044,1038,1036),(1045,
1046,1039),(1031,1039,1046),(1047,1021,1019),(1021,1049,1051),(1022,1052,
456),(1021,1047,1049),(1053,1023,711),(711,732,1055),(1055,1053,711),(985,
1040,1057),(1057,983,985),(1041,1003,1058),(1043,989,1060),(987,1060,989),
(534,1042,1059),(1061,1044,1036),(1063,1045,1062),(1063,1046,1045),(1027,
1025,1064),(1065,1026,442),(1027,1064,1066),(1067,1068,1028),(282,1028,
1068),(1057,1020,983),(1024,1060,987),(1020,1057,1048),(1069,1048,1057),
(1058,1003,1070),(1024,1054,1060),(1072,1060,1054),(1059,1071,534),(1036,
1073,1061),(1074,1037,230),(1075,1061,1073),(1076,1063,1062),(1077,1051,
1049),(1079,1051,1081),(1052,1080,456),(1077,1083,1051),(1081,1051,1083),
(1055,732,1085),(766,1087,732),(732,1089,1085),(1089,732,1087),(1091,1075,
1073),(1092,1093,1076),(1063,1076,1093),(1048,1069,1050),(1050,1069,1078),
(1094,1078,1069),(1070,1003,1095),(1072,1054,1056),(1072,1056,1086),(1086,
686,1072),(685,534,1071),(1096,1091,1073),(1097,1098,1092),(1092,1098,1093),
(1081,1099,1079),(1079,1099,1101),(1080,1102,456),(766,1103,1087),(766,
819,1103),(1066,1064,1105),(1107,1105,1064),(1108,1065,1109),(442,1109,
1065),(1067,1106,1068),(1094,1084,1078),(1090,686,1086),(1094,1110,1084),
(1082,1084,1110),(1095,1003,1111),(686,1090,726),(1090,1088,726),(1073,
1112,1096),(1113,1074,230),(1114,1096,1112),(1115,1098,1097),(1116,1114,
1112),(1117,1118,1115),(1098,1115,1118),(1100,1082,1110),(1104,726,1088),
(1100,1110,1119),(1120,1101,1099),(1121,1119,1110),(1122,1111,1123),(1123,
1111,1003),(1104,1124,726),(1125,1103,819),(742,726,1124),(1126,1101,1120),
(1126,1128,1101),(1130,1101,1128),(1102,1131,456),(1132,1125,819),(1132,
819,1134),(872,1134,819),(1136,1116,1112),(1137,1138,1117),(1118,1117,1138),
(1119,1121,1127),(1121,1139,1127),(1140,1122,1123),(1124,1133,742),(760,
742,1133),(1129,1127,1139),(760,1133,1135),(1112,1141,1136),(1113,230,1142),
(1143,1136,1141),(1144,1138,1137),(1130,1128,1145),(1131,1146,456),(1129,
1139,1147),(1128,1148,1145),(1149,1147,1139),(1140,1123,1150),(1135,1151,
760),(1134,872,874),(1152,1134,874),(782,760,1151),(1153,1143,1141),(1138,
1144,1154),(1153,1154,1144),(1149,1155,1147),(1148,1156,1145),(1157,782,
1151),(874,1158,1152),(1149,1159,1155),(1156,1161,1145),(1162,1155,1159),
(1150,1123,1160),(782,1157,807),(1158,874,1163),(1164,807,1157),(1161,1165,
1145),(1146,1166,456),(876,1163,874),(1162,1159,1167),(1165,1161,1168),
(1169,1167,1159),(1169,1159,1171),(1172,1160,1173),(1123,1173,1160),(1164,
1174,807),(1175,1163,876),(1174,1176,807),(1178,807,1176),(1179,805,806),
(1170,1180,1168),(1165,1168,1180),(1177,1175,1183),(876,1183,1175),(1184,
1142,230),(1185,1186,1141),(1186,1153,1141),(1169,1171,1187),(1180,1170,
1188),(1189,1187,1171),(1172,1173,1190),(1176,1191,1178),(1192,1177,1183),
(1193,1178,1191),(1194,805,1179),(1189,1195,1187),(1196,1180,1188),(1197,
1193,1191),(1192,1183,1198),(1166,1181,1199),(1199,456,1166),(1182,875,
870),(1189,1200,1195),(1196,1201,1202),(1202,1180,1196),(1204,1193,1197),
(1206,1205,1198),(1206,1198,1183),(1189,1208,1200),(1210,1200,1208),(1211,
1202,1201),(1190,1173,1209),(1193,1204,1212),(1214,1212,1204),(1205,1206,
1215),(1213,805,1194),(1203,1199,1181),(1207,1182,870),(1210,1208,1216),
(1217,1218,1211),(1202,1211,1218),(1216,1208,1220),(1222,1220,1208),(1209,
1173,1223),(1212,1214,1224),(1225,1215,1226),(1226,1215,1206),(1212,1224,
1228),(1228,1230,1212),(1231,805,1213),(1221,1232,1217),(1218,1217,1232),
(1229,1225,1235),(1226,1235,1225),(1236,1184,230),(1185,1237,1238),(1186,
1185,1239),(1238,1240,1185),(1240,1239,1185),(1220,1222,1241),(1220,1241,
1243),(1221,1244,1232),(1223,1173,1242),(1230,1228,1245),(1247,1245,1228),
(1229,1235,1248),(1246,805,1231),(1203,1219,1199),(1227,1207,870),(1249,
1243,1241),(1244,1250,1251),(1251,1232,1244),(1253,1245,1247),(1248,1255,
1254),(1255,1248,1235),(1249,1241,1257),(1258,1259,1250),(1251,1250,1259),
(1257,1241,1261),(1242,1173,1262),(1253,1263,1245),(1254,1265,1264),(1265,
1254,1255),(1267,1245,1263),(1246,1268,805),(1257,1261,1269),(1270,1259,
1258),(1269,1261,1271),(1273,1271,1261),(1274,1262,1275),(1277,1275,1262),
(1279,1277,1262),(1173,1279,1262),(1263,1281,1267),(1282,1264,1265),(1281,
1283,1267),(1285,1267,1283),(1286,805,1268),(1272,1287,1270),(1259,1270,
1287),(1282,1290,1284),(1265,1290,1282),(1219,1233,1199),(1227,870,1234),
(1273,1291,1271),(1272,1292,1287),(1293,1285,1283),(1284,1290,1294),(1273,
1295,1291),(1297,1291,1295),(1298,1287,1292),(1296,1274,1275),(1285,1293,
1299),(1301,1299,1293),(1302,1294,1290),(1286,1300,805),(1303,1297,1295),
(1298,1304,1305),(1305,1287,1298),(1307,1299,1301),(1309,1308,1302),(1309,
1302,1290),(1303,1295,1311),(1312,1313,1304),(1305,1304,1313),(1315,1311,
1295),(1316,1296,1317),(1319,1317,1296),(1275,1319,1296),(1299,1307,1321),
(1322,1308,1323),(1309,1323,1308),(1321,1325,1299),(1300,1326,1327),(1327,
1329,1300),(1329,1331,1300),(1331,1333,1300),(805,1300,1333),(1311,1315,
1335),(1336,1313,1312),(1337,1335,1315),(1316,1317,1338),(1321,1339,1325),
(1340,1322,1323),(1337,1325,1339),(1326,1338,1327),(1341,1335,1337),(1313,
1336,1342),(1341,1337,1339),(1340,1323,1342),(1342,1343,1313),(1343,1342,
1323),(1317,1345,1338),(1345,1327,1338),(1347,1173,1237),(1348,1236,1349),
(230,1349,1236),(1123,1237,1173),(1350,1237,1123),(1351,1238,1237),(1350,
1351,1237),(1252,1199,1233),(1234,870,1256),(1260,1199,1252),(1256,870,
1266),(1288,1199,1260),(1266,870,1289),(1288,1306,1199),(1310,1289,1352),
(1354,1352,1289),(1356,1354,1289),(870,1356,1289),(1306,1314,1358),(1358,
1360,1306),(1360,1362,1306),(1199,1306,1362),(1324,1310,1352),(1314,1344,
1364),(1364,1366,1314),(1366,1358,1314),(1344,1324,1364),(1368,1364,1324),
(1352,1368,1324),(1105,1107,1370),(1108,1109,1371),(1105,1370,1372),(1106,
1373,1068),(1372,1370,1374),(1371,1109,1375),(1372,1374,1376),(1373,1377,
1068),(1376,1374,1378),(1375,1109,1379),(1376,1378,1380),(1377,1381,1068),
(1380,1378,1382),(1383,1379,1109),(1380,1382,1384),(1385,1068,1381),(1384,
1382,1386),(1383,1109,1387),(1384,1386,1388),(1385,1389,1068),(1388,1386,
1390),(1387,1109,1391),(1388,1390,1392),(1389,1393,1068),(1392,1390,1394),
(1391,1109,1395),(1392,1394,1396),(1393,1397,1068),(1396,1394,1398),(1395,
1400,1399),(1109,1400,1395),(1396,1398,1402),(1397,1403,1404),(1068,1397,
1404),(1402,1398,1406),(1399,1408,1407),(1408,1399,1400),(1402,1406,1410),
(1403,1411,1412),(1412,1404,1403),(1410,1406,1414),(1407,1408,1415),(1410,
1414,1416),(1411,1417,1412),(1418,1416,1414),(1421,1419,1415),(1421,1415,
1424),(1424,1415,1408),(1418,1426,1416),(1429,1427,1420),(1429,1420,1422),
(1428,1430,1417),(1430,1432,1417),(1432,1412,1417),(1425,1431,1423),(1425,
1433,1431),(1409,1433,1425),(1409,1413,1433),(1401,1413,1409),(1401,1405,
1413),(1434,1405,1401),(1435,1400,1109),(1434,1436,1405),(1404,1437,1068),
(1438,1436,1434),(1439,1435,1109),(1438,1440,1436),(1441,1068,1437),(1348,
1349,1442),(1443,1444,1347),(1173,1347,1445),(1446,1347,1444),(1445,1347,
1446),(1447,1440,1438),(1439,1109,1448),(1447,1449,1440),(1450,1068,1441),
(1451,1449,1447),(1452,1448,1109),(1451,1453,1449),(1454,1068,1450),(1442,
1349,1455),(1456,1457,1443),(1444,1443,1458),(1459,1443,1457),(1458,1443,
1459),(1460,1453,1451),(1461,1452,1109),(1460,1462,1453),(1463,1068,1454),
(1464,1462,1460),(1465,1461,1109),(1464,1466,1462),(1467,1068,1463),(1468,
1456,1470),(1472,1456,1468),(1473,1470,1456),(1455,1349,1474),(1457,1456,
1472),(1476,1466,1464),(1475,1465,1109),(1476,1477,1466),(1478,1068,1467),
(1469,1471,1479),(1481,1469,1479),(1481,1483,1469),(1483,1472,1469),(1470,
1473,1484),(1484,1473,1486),(1486,1473,1488),(1490,1488,1473),(1474,1349,
1491),(1471,1485,1479),(1492,1485,1487),(1493,1479,1485),(1492,1493,1485),
(1495,1477,1476),(1496,1475,1109),(1495,1497,1477),(1498,1068,1478),(1487,
1489,1492),(1488,1490,1499),(1501,1499,1490),(1501,1490,1503),(1505,1503,
1490),(1491,1349,1506),(1489,1500,1492),(1508,1497,1495),(1496,1109,1507),
(1508,1509,1497),(1498,1510,1068),(1502,1511,1500),(1513,1500,1511),(1513,
1492,1500),(1502,1504,1511),(1503,1505,1515),(1515,1505,1517),(1517,1505,
1519),(1521,1519,1505),(1506,1349,1522),(1516,1523,1504),(1525,1504,1523),
(1511,1504,1525),(1527,1516,1518),(1523,1516,1527),(1518,1520,1529),(1518,
1529,1527),(1519,1521,1530),(1532,1530,1521),(1532,1521,1534),(1536,1534,
1521),(1522,1349,1537),(1531,1529,1520),(1531,1533,1529),(1533,1535,1538),
(1533,1538,1540),(1533,1540,1529),(1534,1536,1542),(1536,1544,1542),(1536,
1546,1544),(1537,1349,1547),(1543,1548,1535),(1548,1538,1535),(1543,1545,
1548),(1550,1544,1546),(1545,1551,1552),(1545,1552,1548),(1550,1546,1554),
(1555,1547,1556),(1558,1556,1547),(1560,1558,1547),(1560,1547,1349),(1550,
1554,1562),(1551,1563,1564),(1566,1551,1564),(1566,1552,1551),(1562,1554,
1568),(1555,1556,1569),(1562,1568,1570),(1563,1571,1572),(1572,1564,1563),
(1574,1578,1568),(1575,1569,1580),(1570,1568,1578),(1556,1580,1569),(1576,
1582,1577),(1575,1580,1585),(1576,1587,1582),(1584,1571,1579),(1584,1572,
1571),(1365,1588,1367),(1588,1365,1369),(1359,1367,1590),(1367,1588,1592),
(1592,1594,1367),(1594,1590,1367),(1353,1596,1369),(1598,1588,1369),(1369,
1600,1598),(1600,1369,1596),(1359,1602,1361),(1359,1590,1602),(1353,1355,
1604),(1604,1596,1353),(1363,1361,1606),(1608,1361,1602),(1361,1608,1610),
(1606,1361,1610),(1357,1612,1355),(1614,1604,1355),(1616,1614,1355),(1616,
1355,1612),(1618,1363,1620),(1362,1619,1199),(1606,1622,1363),(1622,1620,
1363),(1624,1626,1357),(1625,1356,870),(1357,1628,1612),(1628,1357,1626),
(1618,1630,1632),(1633,1199,1619),(1618,1620,1630),(1624,1635,1636),(1634,
1625,870),(1636,1626,1624),(1638,1632,1640),(1633,1639,1199),(1642,1632,
1630),(1642,1640,1632),(1644,1646,1635),(1634,870,1645),(1648,1636,1635),
(1648,1635,1646),(1586,1581,1573),(1557,1573,1581),(1586,1573,1583),(1557,
1565,1573),(1589,1346,1593),(1589,1599,1346),(1346,1318,1593),(1346,1599,
1328),(1595,1593,1318),(1601,1328,1599),(1595,1318,1320),(1591,1595,1320),
(1601,1330,1328),(1597,1330,1601),(1559,1565,1557),(1559,1567,1565),(1591,
1320,1603),(1603,1320,1609),(1276,1609,1320),(1597,1605,1330),(1605,1615,
1330),(1332,1330,1615),(1609,1276,1611),(1276,1278,1611),(1617,1332,1615),
(1332,1617,1334),(1607,1611,1278),(1613,1334,1617),(1638,1650,1652),(1653,
1199,1639),(1640,1650,1638),(1644,1655,1656),(1654,1645,870),(1646,1644,
1656),(1567,1559,1553),(1561,1553,1559),(1623,1607,1278),(1629,1334,1613),
(1623,1278,1280),(1621,1623,1280),(1629,1658,1334),(1627,1658,1629),(1333,
1659,805),(1553,1561,1549),(1621,1280,1631),(1631,1280,1643),(1643,1280,
1661),(1660,1279,1173),(1627,1637,1658),(1649,1658,1637),(1649,1662,1658),
(1659,1663,805),(1539,1549,1561),(1561,1664,1539),(1665,1560,1349),(1541,
1539,1664),(1666,1652,1650),(1652,1668,1670),(1199,1653,1671),(1668,1652,
1666),(1672,1656,1655),(1655,1674,1676),(1675,1654,870),(1676,1672,1655),
(1643,1661,1678),(1643,1678,1641),(1660,1173,1679),(1662,1649,1681),(1647,
1681,1649),(1680,805,1663),(1682,1541,1664),(1683,1529,1540),(1678,1651,
1641),(1657,1681,1647),(1651,1678,1667),(1667,1678,1684),(1679,1173,1685),
(1681,1657,1673),(1687,1681,1673),(1680,1686,805),(1664,1688,1682),(1683,
1689,1529),(1690,1670,1668),(1692,1670,1694),(1693,1199,1671),(1690,1696,
1670),(1694,1670,1696),(1698,1676,1674),(1700,1702,1674),(1701,1675,870),
(1674,1704,1698),(1674,1702,1704),(1664,1706,1688),(1349,1707,1665),(1528,
1688,1706),(1689,1527,1529),(1667,1684,1669),(1669,1684,1691),(1684,1708,
1691),(1685,1173,1709),(1687,1673,1677),(1687,1677,1699),(1699,1711,1687),
(1686,1710,805),(1524,1528,1706),(1694,1712,1692),(1692,1712,1714),(1693,
1715,1199),(1702,1700,1716),(1718,1716,1700),(1719,1701,870),(1526,1524,
1706),(1697,1691,1708),(1705,1711,1699),(1708,1720,1697),(1695,1697,1720),
(1709,1173,1721),(1711,1705,1723),(1703,1723,1705),(1722,805,1710),(1706,
1724,1526),(1725,1707,1349),(1512,1526,1724),(1514,1512,1724),(1713,1695,
1720),(1717,1723,1703),(1713,1720,1726),(1727,1714,1712),(1728,1726,1720),
(1721,1173,1729),(1723,1717,1730),(1731,1716,1718),(1730,1732,1723),(1733,
805,1722),(1734,1714,1727),(1734,1736,1714),(1738,1714,1736),(1739,1199,
1715),(1740,1731,1718),(1742,1740,1718),(1744,1742,1718),(1745,1719,870),
(1746,1514,1724),(1492,1513,1747),(1726,1728,1735),(1728,1748,1735),(1729,
1750,1749),(1750,1729,1173),(1730,1741,1732),(1751,1732,1741),(1752,805,
1733),(1737,1735,1748),(1751,1741,1743),(1724,1753,1746),(1725,1349,1754),
(1755,1746,1753),(1756,1492,1747),(1494,1755,1753),(1492,1756,1493),(1738,
1736,1757),(1758,1759,1739),(1199,1739,1759),(1737,1748,1760),(1757,1736,
1761),(1762,1760,1748),(1749,1750,1763),(1743,1764,1751),(1742,1744,1766),
(1765,1742,1766),(1768,1751,1764),(1752,1769,1770),(805,1752,1770),(1767,
1745,1772),(870,1772,1745),(1762,1774,1760),(1761,1775,1757),(1776,1768,
1764),(1766,1777,1765),(1762,1778,1774),(1775,1780,1757),(1781,1774,1778),
(1763,1750,1779),(1768,1776,1782),(1777,1766,1784),(1785,1782,1776),(1769,
1783,1770),(1480,1494,1753),(1757,1780,1786),(1758,1787,1759),(1789,1784,
1766),(1788,1767,1772),(1781,1778,1790),(1791,1786,1780),(1790,1778,1792),
(1794,1792,1778),(1779,1796,1795),(1796,1779,1750),(1785,1797,1782),(1798,
1784,1789),(1797,1799,1782),(1801,1782,1799),(1783,1802,1803),(1803,1770,
1783),(1793,1805,1791),(1791,1805,1786),(1800,1798,1808),(1789,1808,1798),
(1753,1809,1480),(1810,1754,1349),(1482,1480,1809),(1809,1483,1482),(1792,
1794,1811),(1805,1793,1812),(1794,1813,1811),(1795,1796,1814),(1801,1799,
1815),(1816,1800,1808),(1801,1815,1817),(1802,1818,1819),(1819,1803,1802),
(1821,1811,1813),(1822,1805,1812),(1823,1817,1815),(1816,1808,1824),(1787,
1806,1759),(1788,1825,1807),(1825,1788,1772),(1827,1821,1813),(1822,1828,
1829),(1829,1805,1822),(1831,1817,1823),(1833,1832,1824),(1833,1824,1808),
(1827,1813,1835),(1837,1827,1835),(1838,1829,1828),(1814,1796,1836),(1831,
1839,1817),(1841,1839,1831),(1832,1833,1842),(1818,1840,1843),(1843,1819,
1818),(1806,1830,1759),(1807,1845,1834),(1845,1807,1825),(1810,1349,1847),
(1809,1848,1849),(1849,1483,1809),(1837,1835,1850),(1852,1838,1851),(1852,
1829,1838),(1854,1850,1835),(1854,1835,1856),(1857,1836,1796),(1841,1858,
1839),(1859,1842,1860),(1860,1842,1833),(1858,1862,1839),(1864,1839,1862),
(1840,1865,1866),(1866,1843,1840),(1855,1868,1851),(1852,1851,1868),(1863,
1859,1871),(1860,1871,1859),(1854,1856,1872),(1874,1854,1872),(1855,1875,
1868),(1857,1796,1873),(1864,1862,1876),(1878,1876,1862),(1863,1871,1879),
(1877,1880,1865),(1880,1866,1865),(1830,1853,1759),(1834,1882,1861),(1882,
1834,1845),(1872,1884,1874),(1875,1885,1886),(1886,1868,1875),(1888,1876,
1878),(1879,1890,1889),(1890,1879,1871),(1884,1872,1892),(1893,1894,1885),
(1886,1885,1894),(1896,1892,1872),(1897,1873,1796),(1876,1888,1898),(1889,
1900,1899),(1900,1889,1890),(1876,1898,1902),(1903,1904,1877),(1880,1877,
1904),(1892,1896,1906),(1894,1893,1907),(1906,1896,1908),(1910,1908,1896),
(1911,1897,1796),(1898,1912,1902),(1913,1899,1900),(1912,1914,1902),(1916,
1902,1914),(1917,1904,1903),(1909,1918,1907),(1894,1907,1918),(1913,1921,
1915),(1900,1921,1913),(1853,1869,1759),(1861,1922,1870),(1923,1861,1882),
(1925,1861,1923),(1927,1861,1925),(1929,1861,1927),(1931,1861,1929),(1922,
1861,1931),(1910,1933,1908),(1909,1934,1918),(1935,1916,1914),(1921,1936,
1915),(1910,1937,1933),(1939,1933,1937),(1940,1918,1934),(1938,1911,1941),
(1796,1941,1911),(1916,1935,1942),(1944,1942,1935),(1936,1921,1945),(1943,
1904,1917),(1946,1847,1349),(1848,1947,1948),(1949,1849,1848),(1948,1950,
1848),(1950,1949,1848),(1951,1939,1937),(1940,1952,1953),(1953,1918,1940),
(1955,1942,1944),(1957,1956,1945),(1957,1945,1921),(1951,1937,1959),(1960,
1961,1952),(1953,1952,1961),(1963,1959,1937),(1964,1938,1941),(1955,1965,
1942),(1966,1956,1967),(1957,1967,1956),(1969,1942,1965),(1970,1904,1943),
(1959,1963,1971),(1961,1960,1972),(1963,1973,1971),(1974,1964,1941),(1969,
1965,1975),(1976,1966,1967),(1969,1975,1973),(1970,1974,1941),(1941,1904,
1970),(1977,1971,1973),(1972,1978,1961),(1977,1973,1975),(1976,1967,1978),
(1978,1979,1961),(1979,1978,1967),(1887,1759,1869),(1891,1870,1922),(1887,
1895,1759),(1922,1901,1891),(1919,1759,1895),(1901,1922,1920),(1946,1349,
1981),(1982,1750,1947),(1750,1983,1947),(1984,1948,1947),(1983,1984,1947),
(1919,1954,1759),(1920,1922,1958),(1954,1962,1759),(1958,1922,1968),(1980,
1922,1962),(1759,1962,1922),(1968,1922,1980),(1985,1509,1508),(1507,1987,
1986),(1987,1507,1109),(1985,1988,1509),(1510,1989,1990),(1990,1068,1510),
(1988,1985,1991),(1992,1986,1987),(1988,1991,1993),(1989,1994,1990),(1993,
1991,1995),(1992,1987,1996),(1993,1995,1997),(1998,1990,1994),(1997,1995,
1999),(1996,1987,2000),(1997,1999,2001),(1998,2002,1990),(2001,1999,2003),
(2000,1987,2004),(2001,2003,2005),(2006,1990,2002),(2005,2003,2007),(2004,
1987,2008),(2005,2007,2009),(2006,2010,1990),(2009,2007,2011),(2008,1987,
2012),(2009,2011,2013),(2014,1990,2010),(2013,2011,2015),(2012,1987,2016),
(2013,2015,2017),(2014,2018,1990),(2017,2015,2019),(2016,1987,2020),(2017,
2019,2021),(2018,2022,1990),(2021,2019,2023),(2020,1987,2024),(2021,2023,
2025),(2022,2026,1990),(2027,2025,2023),(2031,2028,2024),(2031,2024,1987),
(2027,2032,2025),(2033,2029,2030),(2034,2035,2026),(2035,1990,2026),(2033,
2030,2036),(2037,2039,2041),(2042,870,2038),(2039,2037,2044),(2038,870,
2043),(2045,2041,2047),(2046,870,2042),(2049,2041,2039),(2041,2049,2051),
(2051,2047,2041),(2053,2055,2044),(2054,2043,712),(2044,2057,2039),(2057,
2044,2059),(2059,2044,2055),(870,712,2043),(2045,2061,2063),(2064,870,2046),
(2061,2045,2047),(2053,2066,2067),(2065,2054,712),(2053,2067,2055),(2069,
2071,2063),(2072,870,2064),(2073,2063,2061),(2075,2063,2073),(2063,2075,
2069),(2077,2066,2079),(2080,2065,712),(2081,2067,2066),(2066,2083,2081),
(2083,2066,2077),(2085,2071,2087),(2086,870,2072),(2071,2069,2089),(2089,
2087,2071),(2091,2093,2079),(2092,2080,712),(2077,2079,2095),(2095,2079,
2093),(2085,2097,2099),(2086,2100,870),(2097,2085,2087),(2091,2102,2103),
(2092,712,2101),(2093,2091,2103),(1773,2099,2105),(1772,870,2100),(2107,
2099,2097),(2107,2105,2099),(2109,2111,2102),(2101,712,2110),(2113,2103,
2102),(2113,2102,2111),(2040,865,2050),(2040,2058,865),(2115,2050,865),
(863,865,2058),(864,805,2116),(2052,2050,2115),(2060,863,2058),(2115,2118,
2052),(2048,2052,2118),(2116,805,2117),(863,2060,833),(2056,833,2060),(2048,
2118,2062),(2118,2074,2062),(2119,2074,2118),(2117,805,2120),(2056,2068,
833),(2068,2082,833),(835,833,2082),(2074,2119,2076),(2122,2076,2119),(2120,
805,2121),(2082,2084,835),(835,2084,790),(2076,2122,2070),(2078,790,2084),
(1773,2123,1826),(1773,2105,2123),(2109,2125,2127),(2110,712,2126),(2111,
2109,2127),(2090,2070,2122),(2096,790,2078),(2122,2129,2090),(2088,2090,
2129),(2130,2121,805),(790,2096,792),(2096,2094,792),(2088,2129,2098),(2098,
2129,2108),(2132,2108,2129),(2131,2130,805),(2094,2104,792),(2114,792,2104),
(2114,794,792),(2133,1826,2123),(1826,2135,1846),(2135,1826,2133),(2137,
2127,2125),(2125,2139,2141),(2126,712,2140),(2141,2137,2125),(2132,1771,
2108),(2106,2108,1771),(2131,805,1770),(794,2114,796),(796,2114,2112),(2124,
2106,1771),(2128,796,2112),(2124,1771,2134),(1804,2134,1771),(2128,2138,
796),(798,796,2138),(2143,1846,2135),(2145,1883,1846),(1846,2143,2147),
(1846,2147,2145),(2149,2141,2139),(2151,2153,2139),(2140,712,2152),(2149,
2139,2155),(2155,2139,2153),(1804,2136,2134),(2136,1804,2144),(1820,2144,
1804),(2138,2142,798),(2150,798,2142),(2150,2157,798),(2158,705,797),(1883,
2145,2159),(1883,2159,1924),(2153,2151,2161),(2163,2161,2151),(2152,712,
2164),(2148,2144,1820),(2156,2157,2150),(1820,1844,2148),(2146,2148,1844),
(2156,2165,2157),(2156,2154,2165),(2166,705,2158),(2160,2146,1844),(2162,
2165,2154),(2160,1844,2167),(2168,1924,2159),(1867,2167,1844),(2162,2169,
2165),(2163,2170,2161),(2169,2171,2165),(2172,705,2166),(2173,1924,2168),
(1924,2173,2175),(2175,1926,1924),(2163,2177,2170),(2177,2163,2179),(2181,
2179,2163),(2164,712,2182),(2167,1867,2174),(1867,1881,2174),(2169,2178,
2171),(2183,2171,2178),(2184,705,2172),(2176,2174,1881),(2183,2178,2180),
(1926,2175,1928),(2176,1881,2185),(2186,1928,2175),(1905,2185,1881),(2180,
2187,2183),(2179,2181,2189),(2189,2188,2179),(2191,2183,2187),(2184,2192,
705),(2182,2193,2190),(2193,2182,712),(2194,2185,1905),(1928,2186,2195),
(2196,2191,2187),(2188,2189,2197),(1905,2198,2194),(2195,2200,1928),(2201,
2194,2198),(1941,2199,1904),(2191,2196,2202),(2197,2189,2204),(2205,2202,
2196),(705,2192,2203),(1930,1928,2200),(2206,2204,2189),(2190,2193,2207),
(2198,2208,2201),(2209,1930,2200),(2198,2210,2208),(2210,2198,2212),(2199,
1941,2213),(2205,2214,2202),(2215,2204,2206),(2214,2216,2202),(2218,2202,
2216),(2203,2219,705),(2211,1932,2209),(1930,2209,1932),(2220,2217,2215),
(2215,2206,2220),(2210,2212,2222),(2223,1932,2211),(2224,2222,2212),(2225,
2213,1941),(2216,2226,2218),(2220,2227,2217),(2218,2226,2228),(2219,2229,
705),(2222,2224,2230),(2223,2231,1932),(2232,2228,2226),(2227,2220,2233),
(2193,2221,2207),(2234,2230,2224),(2236,2231,2235),(2236,1932,2231),(2238,
2228,2232),(2233,2240,2239),(2240,2233,2220),(2224,2242,2234),(2244,2234,
2242),(2236,2235,2245),(2225,1941,2243),(2228,2238,2246),(2248,2246,2238),
(2239,2240,2249),(2229,2247,705),(2237,1922,1931),(2193,2241,2221),(2242,
2250,2244),(2251,2252,2245),(2236,2245,2252),(2242,2254,2250),(2254,2242,
2256),(2257,2243,1941),(2248,2258,2246),(2260,2259,2249),(2260,2249,2240),
(2262,2246,2258),(2262,2264,2246),(2247,2265,705),(2255,2266,2251),(2252,
2251,2266),(2263,2259,2269),(2260,2269,2259),(2254,2256,2270),(2254,2270,
2272),(2255,2273,2266),(2257,1941,2271),(2264,2262,2274),(2274,2262,2276),
(2263,2269,2277),(2275,705,2265),(2237,2253,1922),(2261,2241,2193),(2278,
2272,2270),(2273,2279,2280),(2280,2266,2273),(2274,2276,2282),(2277,2284,
2283),(2284,2277,2269),(2278,2270,2286),(2287,2288,2279),(2288,2280,2279),
(2290,2286,2270),(2291,2271,1941),(2292,2274,2282),(2294,2293,2283),(2294,
2283,2284),(2296,2274,2292),(2275,2297,705),(2290,2298,2286),(2299,2288,
2287),(2298,2290,2300),(2302,2300,2290),(2303,2291,1941),(2292,2304,2296),
(2294,2305,2293),(2306,2296,2304),(2296,2306,2308),(705,2297,2309),(2301,
2310,2299),(2288,2299,2310),(2307,2305,2313),(2294,2313,2305),(2253,2267,
1922),(2193,2268,2261),(2314,2300,2302),(2301,2315,2310),(2316,2308,2306),
(2307,2313,2317),(2302,2318,2314),(2320,2314,2318),(2315,2321,2310),(2319,
2303,1941),(2316,2322,2308),(2322,2316,2324),(2317,2313,2325),(2323,705,
2309),(2326,2320,2318),(2328,2321,2327),(2328,2310,2321),(2322,2324,2330),
(2325,2332,2331),(2332,2325,2313),(2326,2318,2334),(2335,2336,2327),(2328,
2327,2336),(2338,2334,2318),(2339,2319,1941),(2330,2340,2322),(2341,2331,
2342),(2332,2342,2331),(2344,2322,2340),(2323,2345,705),(2334,2338,2346),
(2347,2336,2335),(2338,2348,2346),(2349,2339,705),(1941,705,2339),(2340,
2350,2344),(2351,2341,2342),(2344,2350,2348),(2345,2349,705),(2352,2346,
2348),(2336,2347,2353),(2352,2348,2350),(2351,2342,2353),(2353,2354,2336),
(2353,2342,2354),(2267,2281,1922),(2285,2268,2193),(2281,2289,1922),(2295,
2285,2193),(2311,1922,2289),(2295,2193,2312),(2311,2329,1922),(2333,2312,
2193),(2329,2337,1922),(2343,2333,1922),(2193,1922,2333),(2337,2355,1922),
(2355,2343,1922),(1981,2356,2357),(2358,2359,1982),(2356,1981,1349),(1796,
1750,1982),(1796,1982,2360),(2361,1982,2359),(2360,1982,2361),(2357,2356,
2362),(2363,2364,2358),(2359,2358,2365),(2366,2358,2364),(2358,2366,2365),
(2367,2363,2369),(2371,2363,2367),(2372,2369,2363),(2362,2356,2373),(2364,
2363,2371),(2368,2370,2374),(2371,2368,2375),(2374,2375,2368),(2369,2372,
2376),(2376,2372,2378),(2378,2372,2380),(2372,2382,2380),(2373,2356,2383),
(2370,2377,2374),(2377,2379,2384),(2377,2384,2374),(2379,2381,2385),(2385,
2384,2379),(2380,2382,2386),(2386,2382,2388),(2388,2382,2390),(2392,2390,
2382),(2383,2356,2393),(2381,2387,2385),(2387,2389,2394),(2387,2394,2385),
(2389,2391,2395),(2395,2394,2389),(2390,2392,2396),(2396,2392,2398),(2398,
2392,2400),(2402,2400,2392),(2393,2356,2403),(2391,2397,2395),(2397,2399,
2404),(2404,2395,2397),(2399,2401,2405),(2399,2405,2404),(2400,2402,2406),
(2408,2406,2402),(2408,2402,2410),(2412,2410,2402),(2403,2356,2413),(2401,
2407,2405),(2407,2409,2414),(2414,2405,2407),(2409,2411,2415),(2415,2414,
2409),(2410,2412,2416),(2412,2418,2416),(2412,2420,2418),(2413,2356,2421),
(2417,2415,2411),(2417,2419,2422),(2417,2422,2415),(2423,2418,2420),(2424,
2425,2419),(2425,2422,2419),(2426,2423,2420),(2427,2421,2356),(2428,2423,
2426),(2424,2429,2425),(2428,2426,2430),(2427,2356,2431),(2428,2430,2432),
(2429,2433,2425),(2434,2438,2430),(2435,2431,2440),(2432,2430,2438),(2356,
2440,2431),(2436,2442,2437),(2442,2436,2444),(2444,2436,2446),(2446,2436,
2441),(2439,2443,2433),(2425,2433,2443),(2448,2443,2445),(2425,2443,2448),
(2449,2036,2030),(2451,2450,2031),(1987,2451,2031),(2447,2452,2445),(2448,
2445,2452),(2449,2453,2036),(2450,2451,2454),(2455,2446,2441),(2447,2456,
2452),(2457,2036,2453),(2458,2454,2459),(2460,2454,2451),(2460,2459,2454),
(2461,2455,2441),(2463,2456,2462),(2463,2452,2456),(2457,2464,2036),(2458,
2459,2465),(2466,2461,2441),(2467,2468,2462),(2462,2469,2463),(2469,2462,
2468),(2464,2470,2036),(2465,2472,2471),(2472,2465,2459),(2473,2466,2441),
(2468,2467,2474),(2470,2475,2036),(2471,2477,2476),(2477,2471,2472),(2473,
2441,2478),(2480,2474,2479),(2474,2480,2468),(2475,2481,2036),(2482,2476,
2483),(2484,2476,2477),(2484,2483,2476),(2485,2478,2487),(2489,2479,2486),
(2441,2490,2478),(2490,2492,2478),(2492,2494,2478),(2494,2496,2478),(2496,
2487,2478),(2498,2480,2479),(2498,2479,2489),(2481,2499,2501),(2503,2500,
2482),(2504,2036,2481),(2506,2504,2481),(2508,2506,2481),(2510,2508,2481),
(2501,2510,2481),(2483,2503,2482),(2512,2485,2514),(2513,2489,2486),(2487,
2516,2485),(2516,2518,2485),(2518,2520,2485),(2520,2522,2485),(2522,2524,
2485),(2524,2514,2485),(2499,2526,2528),(2527,2500,2530),(2531,2501,2499),
(2533,2531,2499),(2535,2533,2499),(2537,2535,2499),(2539,2537,2499),(2528,
2539,2499),(2503,2530,2500),(2541,2512,2543),(2513,2542,2545),(2514,2546,
2512),(2546,2548,2512),(2548,2550,2512),(2550,2552,2512),(2552,2543,2512),
(2513,2545,2489),(2554,2556,2526),(2530,2555,2527),(2558,2528,2526),(2560,
2558,2526),(2562,2560,2526),(2562,2526,2564),(2564,2526,2556),(2566,2541,
2543),(2567,2568,2542),(2569,2545,2542),(2542,2568,2569),(2570,2556,2554),
(2571,2555,2572),(2573,2555,2530),(2573,2572,2555),(2574,2566,2543),(2567,
2575,2568),(2576,2556,2570),(2577,2571,2578),(2571,2572,2578),(2579,2574,
2543),(2580,2581,2575),(2582,2568,2575),(2582,2575,2581),(2556,2576,2583),
(2577,2585,2584),(2577,2578,2585),(2586,2579,2543),(2580,2587,2581),(2556,
2583,2588),(2584,2585,2589),(2590,2586,2543),(2587,2591,2592),(2592,2581,
2587),(2588,2593,2556),(2594,2589,2595),(2595,2589,2585),(2590,2543,2596),
(2591,2597,2598),(2598,2592,2591),(2599,2556,2593),(2594,2601,2600),(2595,
2601,2594),(2556,2599,2596),(2600,2602,2597),(2556,2596,2543),(2603,2598,
2597),(2602,2603,2597),(2602,2600,2601),(2604,2491,2440),(2440,2356,2604),
(1990,2035,2505),(2491,2604,2493),(2605,2505,2507),(2606,1990,2505),(2606,
2505,2605),(2493,2607,2495),(2604,2607,2493),(2608,2507,2509),(2507,2608,
2605),(2497,2495,2609),(2495,2607,2610),(2610,2609,2495),(2608,2509,2511),
(2497,2609,2488),(2611,2511,2502),(2608,2511,2612),(2511,2611,2612),(2613,
2517,2488),(2613,2488,2609),(2502,2532,2614),(2502,2614,2611),(2615,2519,
2517),(2616,2517,2613),(2517,2616,2615),(2532,2534,2617),(2532,2617,2614),
(2521,2519,2618),(2615,2618,2519),(2617,2534,2536),(2618,2523,2521),(2619,
2536,2538),(2536,2620,2617),(2620,2536,2619),(2621,2525,2523),(2523,2618,
2622),(2621,2523,2622),(2538,2540,2623),(2538,2623,2619),(2515,2525,2624),
(2621,2624,2525),(2623,2540,2529),(2547,2515,2624),(2559,2625,2529),(2529,
2626,2623),(2626,2529,2625),(2549,2547,2627),(2547,2624,2628),(2628,2627,
2547),(2559,2561,2625),(2629,2551,2549),(2549,2627,2629),(2630,2561,2563),
(2631,2625,2561),(2561,2630,2631),(2553,2551,2632),(2629,2632,2551),(2563,
2565,2630),(2553,2632,2544),(2565,2557,2633),(2565,2633,2630),(2634,2557,
2544),(2634,2544,2632),(2557,2635,2633),(2557,2634,2635),(61,2636,8),(122,
8,2637),(8,2636,2638),(2637,8,2638),(27,2639,30),(27,168,2639),(38,30,2640),
(30,2639,2640),(38,2641,37),(37,2642,43),(2642,37,2641),(38,2640,2641),
(43,2643,46),(2642,2643,43),(50,46,2644),(2644,46,2643),(50,2645,49),(49,
2646,53),(2645,2646,49),(2644,2645,50),(53,2647,56),(53,2646,2647),(56,
2647,63),(61,126,2636),(63,2648,62),(66,62,2649),(2650,62,2648),(62,2651,
2649),(62,2650,2652),(2653,2651,62),(62,2654,2653),(62,2655,2654),(62,2656,
2655),(62,2657,2656),(62,2658,2657),(62,2652,2658),(2647,2659,63),(63,2660,
2648),(63,2659,2661),(2662,2660,63),(2661,2663,63),(2663,2664,63),(2664,
2665,63),(2665,2666,63),(2666,2662,63),(2667,72,66),(2649,2667,66),(71,
72,2668),(2669,77,71),(2669,71,2668),(2667,2668,72),(2670,80,77),(2669,
2670,77),(2671,84,80),(80,2670,2671),(83,84,2672),(2673,89,83),(2672,2673,
83),(2672,84,2671),(2674,93,89),(2673,2674,89),(92,93,194),(194,93,2674),
(121,122,2675),(129,121,2676),(2676,121,2675),(2675,122,2637),(126,125,
2677),(125,132,2678),(2677,125,2678),(2636,126,2677),(129,2676,139),(132,
143,2679),(2679,2678,132),(148,139,2680),(2681,139,2676),(2680,139,2681),
(143,142,2682),(142,159,2683),(2682,142,2683),(2682,2679,143),(156,148,
2684),(148,2680,2684),(2685,155,156),(174,155,2686),(155,2685,2686),(2684,
2685,156),(159,165,2687),(2683,159,2687),(165,164,2688),(164,183,2689),
(2689,2688,164),(2688,2687,165),(218,2690,168),(2690,2639,168),(173,174,
2691),(173,2692,179),(173,2691,2692),(2691,174,2686),(199,179,2693),(2692,
2693,179),(183,182,2694),(182,188,2695),(182,2695,2694),(2689,183,2694),
(188,209,2696),(2695,188,2696),(193,194,2674),(221,193,2697),(2697,193,
2674),(206,199,2698),(2698,199,2693),(212,206,2699),(2698,2699,206),(215,
2700,209),(2696,209,2701),(2701,209,2700),(224,212,2702),(212,2699,2702),
(215,227,2700),(218,240,289),(2690,218,289),(397,221,2697),(231,224,2703),
(2703,224,2702),(227,234,2704),(2700,227,2704),(230,231,2705),(1349,230,
2705),(2705,231,2703),(234,282,2706),(2706,2704,234),(282,1068,2707),(2706,
282,2707),(283,284,2708),(283,2709,335),(2709,283,2708),(404,2710,284),
(284,2710,2708),(294,2690,289),(299,2711,294),(2712,2690,294),(2712,294,
2711),(2711,299,304),(2713,304,309),(2714,2711,304),(2714,304,2713),(2715,
309,312),(309,2715,2713),(317,2716,312),(2717,312,2716),(2715,312,2717),
(322,2716,317),(322,327,2718),(2719,322,2718),(2716,322,2719),(2720,327,
332),(327,2720,2718),(332,338,2720),(402,335,2721),(2721,335,2709),(338,
341,2722),(2723,2720,338),(338,2722,2723),(341,346,2724),(2722,341,2724),
(346,351,2725),(346,2725,2724),(351,354,2726),(2725,351,2727),(351,2726,
2727),(354,361,2726),(361,366,2728),(361,2728,2726),(2729,366,369),(2728,
366,2730),(2729,2730,366),(369,374,2729),(377,2731,374),(374,2731,2732),
(2729,374,2732),(382,2733,377),(377,2733,2731),(2733,382,389),(389,392,
2734),(389,2734,2735),(2733,389,2735),(392,397,2736),(392,2736,2734),(397,
2697,2736),(405,402,2737),(402,2721,2737),(404,403,2710),(403,406,2738),
(2739,2710,403),(2739,403,2738),(405,2740,407),(2740,405,2737),(406,408,
2741),(406,2741,2738),(409,407,2742),(2742,407,2740),(2743,408,410),(2741,
408,2743),(412,409,2744),(409,2742,2744),(410,415,2745),(410,2745,2743),
(411,412,2746),(413,411,2747),(411,2746,2747),(2746,412,2744),(413,2748,
416),(2747,2748,413),(2749,415,414),(417,2750,414),(414,2750,2749),(2745,
415,2749),(419,416,2751),(416,2748,2751),(2752,417,421),(2752,2750,417),
(418,419,2753),(2754,423,418),(418,2753,2754),(2753,419,2751),(421,420,
2755),(2756,420,425),(420,2756,2755),(421,2755,2752),(423,2757,422),(426,
422,2758),(422,2757,2758),(2757,423,2754),(425,424,2759),(427,2760,424),
(2759,424,2760),(425,2759,2756),(429,426,2761),(2762,426,2758),(426,2762,
2761),(427,431,2763),(2760,427,2763),(428,429,2761),(428,2764,442),(2761,
2764,428),(431,430,979),(2763,431,979),(442,2765,1109),(442,2764,2765),
(456,2766,449),(712,449,2767),(2768,449,2766),(449,2768,2769),(449,2769,
2770),(2771,449,2770),(2772,449,2771),(2773,449,2772),(2774,449,2773),(2775,
449,2774),(2776,449,2775),(2777,449,2776),(2778,449,2777),(2779,449,2778),
(2780,449,2779),(2781,449,2780),(2782,449,2781),(2783,449,2782),(2767,449,
2783),(1759,456,1199),(1759,2784,456),(2766,456,2785),(2785,456,2786),(2786,
456,2787),(2787,456,2788),(2788,456,2789),(2789,456,2790),(2790,456,2791),
(2791,456,2792),(2793,2792,456),(2794,2793,456),(2795,2794,456),(2796,2795,
456),(2797,2796,456),(2798,2797,456),(456,2799,2798),(2784,2799,456),(531,
1003,534),(705,2800,531),(1003,531,2801),(2802,2801,531),(2802,531,2803),
(531,2804,2803),(531,2805,2804),(531,2806,2805),(531,2807,2806),(531,2808,
2807),(531,2809,2808),(531,2810,2809),(2810,531,2811),(2812,2811,531),(2813,
2812,531),(531,2814,2813),(531,2815,2814),(531,2816,2815),(531,2817,2816),
(2800,2817,531),(705,1941,2818),(2800,705,2819),(705,2820,2819),(705,2821,
2820),(705,2818,2822),(705,2822,2823),(705,2824,2821),(705,2825,2824),(705,
2826,2825),(705,2827,2826),(2827,705,2828),(705,2829,2828),(2830,2829,705),
(2830,705,2831),(705,2832,2831),(2832,705,2833),(2833,705,2834),(2834,705,
2823),(2193,712,2835),(2767,2835,712),(2763,979,992),(2836,992,1014),(992,
2836,2763),(1123,1003,1350),(2837,1350,1003),(2801,2838,1003),(1003,2838,
2839),(2839,2840,1003),(2840,2841,1003),(1003,2841,2842),(1003,2842,2843),
(1003,2843,2844),(1003,2844,2845),(2846,1003,2845),(2847,1003,2846),(2848,
1003,2847),(2849,1003,2848),(2850,1003,2849),(2851,1003,2850),(2852,1003,
2851),(2837,1003,2852),(2853,1014,1031),(1014,2853,2836),(1031,1046,2854),
(2853,1031,2854),(2855,1046,1063),(2854,1046,2855),(1063,1093,2856),(2855,
1063,2856),(1990,2857,1068),(2707,1068,2857),(1093,1098,2858),(2858,2856,
1093),(2859,1098,1118),(2858,1098,2859),(1987,1109,2860),(2765,2860,1109),
(2861,1118,1138),(2861,2859,1118),(1138,1154,2862),(2861,1138,2862),(1154,
1153,2863),(1186,2863,1153),(2864,2862,1154),(1154,2863,2864),(1173,1445,
1750),(1239,2863,1186),(1238,2865,1240),(1351,2865,1238),(1240,2866,1239),
(2863,1239,2866),(2866,1240,2865),(1349,2867,2356),(2867,1349,2705),(1350,
2837,1351),(2865,1351,2837),(1444,1948,1446),(1458,1948,1444),(1445,1446,
1983),(1983,1750,1445),(1984,1446,1948),(1984,1983,1446),(2868,1459,1457),
(2868,1457,1472),(1458,1459,2868),(1950,1948,1458),(1950,1458,2868),(1483,
2868,1472),(1483,1849,2868),(1759,1922,2869),(1759,2870,2784),(2871,2870,
1759),(2872,2871,1759),(2869,2873,1759),(2874,2872,1759),(2873,2875,1759),
(2876,2874,1759),(2877,2876,1759),(2878,2877,1759),(2879,2878,1759),(2880,
2879,1759),(2881,2880,1759),(2882,2881,1759),(2883,2882,1759),(2884,2883,
1759),(2885,2884,1759),(2875,2885,1759),(1796,2360,1941),(1949,2868,1849),
(1922,2193,2886),(2886,2869,1922),(2360,2887,1941),(2888,2818,1941),(2889,
1941,2887),(2890,1941,2889),(2891,1941,2890),(1941,2892,2888),(1941,2891,
2893),(2893,2894,1941),(2895,1941,2894),(2896,1941,2895),(2897,1941,2896),
(2898,1941,2897),(2899,1941,2898),(2900,1941,2899),(2901,1941,2900),(2902,
1941,2901),(2903,1941,2902),(2903,2892,1941),(1949,1950,2868),(2451,1987,
2860),(1990,2606,2857),(2835,2904,2193),(2904,2905,2193),(2886,2193,2906),
(2906,2193,2907),(2905,2908,2193),(2909,2193,2908),(2910,2193,2909),(2911,
2193,2910),(2193,2911,2912),(2913,2193,2912),(2914,2193,2913),(2915,2193,
2914),(2916,2193,2915),(2917,2193,2916),(2918,2193,2917),(2907,2193,2918),
(2604,2356,2919),(2919,2356,2867),(2361,2359,2920),(2365,2920,2359),(2360,
2361,2887),(2920,2887,2361),(2366,2364,2921),(2364,2371,2921),(2365,2366,
2922),(2365,2922,2920),(2921,2922,2366),(2375,2921,2371),(2374,2923,2375),
(2924,2374,2384),(2924,2923,2374),(2921,2375,2925),(2375,2923,2925),(2385,
2926,2384),(2924,2384,2926),(2385,2394,2927),(2927,2926,2385),(2395,2928,
2394),(2927,2394,2928),(2395,2404,2929),(2395,2929,2928),(2930,2404,2405),
(2929,2404,2930),(2405,2414,2931),(2931,2930,2405),(2415,2932,2414),(2931,
2414,2932),(2415,2422,2933),(2415,2933,2932),(2934,2422,2425),(2933,2422,
2934),(2448,2934,2425),(2452,2935,2448),(2448,2935,2934),(2460,2451,2936),
(2451,2860,2936),(2452,2463,2935),(2460,2937,2459),(2938,2472,2459),(2938,
2459,2937),(2937,2460,2936),(2939,2463,2469),(2940,2935,2463),(2463,2939,
2940),(2469,2468,2941),(2468,2480,2942),(2941,2468,2942),(2469,2941,2939),
(2943,2477,2472),(2938,2943,2472),(2484,2477,2944),(2477,2943,2944),(2480,
2498,2945),(2480,2945,2942),(2484,2946,2483),(2483,2947,2503),(2947,2483,
2946),(2484,2944,2946),(2498,2489,2948),(2545,2949,2489),(2489,2949,2948),
(2945,2498,2948),(2530,2503,2950),(2503,2947,2950),(2573,2530,2951),(2951,
2530,2950),(2569,2952,2545),(2545,2952,2949),(2953,2569,2568),(2582,2954,
2568),(2568,2954,2953),(2952,2569,2953),(2572,2573,2955),(2578,2572,2956),
(2955,2956,2572),(2573,2951,2955),(2585,2578,2957),(2578,2956,2957),(2582,
2581,2958),(2581,2592,2959),(2959,2958,2581),(2582,2958,2954),(2595,2585,
2960),(2961,2585,2957),(2961,2960,2585),(2592,2598,2962),(2959,2592,2962),
(2601,2595,2960),(2598,2603,2963),(2963,2962,2598),(2602,2601,2964),(2601,
2960,2964),(2602,2965,2603),(2965,2602,2964),(2963,2603,2965),(2607,2604,
2966),(2604,2919,2966),(2606,2605,2967),(2605,2608,2968),(2967,2605,2968),
(2606,2967,2857),(2610,2607,2969),(2969,2607,2966),(2608,2612,2970),(2970,
2968,2608),(2610,2969,2609),(2613,2609,2971),(2972,2609,2969),(2971,2609,
2972),(2612,2611,2973),(2611,2614,2974),(2973,2611,2974),(2973,2970,2612),
(2616,2613,2975),(2971,2975,2613),(2614,2617,2976),(2974,2614,2976),(2977,
2615,2616),(2618,2615,2978),(2977,2978,2615),(2975,2977,2616),(2617,2620,
2979),(2617,2979,2976),(2622,2618,2980),(2980,2618,2978),(2620,2619,2981),
(2619,2623,2982),(2981,2619,2982),(2979,2620,2981),(2621,2622,2983),(2621,
2984,2624),(2984,2621,2983),(2983,2622,2980),(2623,2626,2985),(2985,2982,
2623),(2628,2624,2986),(2986,2624,2984),(2626,2625,2987),(2631,2988,2625),
(2987,2625,2989),(2989,2625,2988),(2985,2626,2987),(2627,2628,2990),(2629,
2627,2991),(2991,2627,2990),(2628,2986,2990),(2632,2629,2992),(2992,2629,
2991),(2631,2630,2988),(2633,2993,2630),(2988,2630,2993),(2634,2632,2994),
(2994,2632,2992),(2633,2635,2995),(2993,2633,2995),(2635,2634,2996),(2994,
2996,2634),(2995,2635,2996),(2636,2997,2638),(2997,2636,2998),(2998,2636,
2677),(2637,2638,2999),(2999,2638,2997),(2675,2637,3000),(3000,2637,2999),
(2998,3001,2997),(2999,2997,3002),(2997,3003,3002),(3003,2997,3001),(2998,
2677,3004),(3004,2677,2678),(3001,2998,3004),(3005,2675,3000),(2676,2675,
3005),(3000,2999,3006),(3006,2999,3002),(3005,3000,3007),(3006,3007,3000),
(2640,2639,2712),(2712,2639,2690),(2640,3008,2641),(2712,3008,2640),(2641,
3009,2642),(2641,3008,3009),(2642,3010,2643),(3010,2642,3009),(2643,3011,
2644),(3010,3011,2643),(3012,2645,2644),(3012,2644,3011),(2645,3013,2646),
(3012,3013,2645),(2647,2646,2659),(2646,3013,2659),(2648,2720,2650),(2660,
2718,2648),(2648,2718,2720),(2651,3014,2649),(3014,2667,2649),(2650,2723,
2652),(2720,2723,2650),(2651,2653,3014),(2653,2654,3015),(3016,3014,2653),
(3015,3016,2653),(2655,3017,2654),(3017,3015,2654),(2656,2727,2655),(2655,
2727,3017),(2657,2725,2656),(2656,2725,2727),(2658,2724,2657),(2724,2725,
2657),(2722,2658,2652),(2722,2724,2658),(2723,2722,2652),(2659,3013,2661),
(2662,2719,2660),(2719,2718,2660),(2661,3018,2663),(3018,2661,3013),(3019,
2664,2663),(3019,2663,3018),(2665,2664,3020),(3020,2664,3019),(2665,3021,
2666),(3021,2665,3020),(2662,2666,3022),(3022,2666,3021),(3022,2719,2662),
(3023,2668,2667),(3023,2667,3014),(3024,2669,2668),(3024,2668,3023),(3025,
2670,2669),(3025,2669,3024),(2735,2671,2670),(2670,3025,2735),(2671,2734,
2672),(2734,2671,2735),(2673,2672,2736),(2672,2734,2736),(2674,2673,2697),
(2697,2673,2736),(3026,2676,3005),(2681,2676,3026),(3027,3005,3007),(3026,
3005,3027),(3002,3003,3028),(3006,3002,3029),(3002,3028,3029),(3003,3001,
3030),(3001,3004,3031),(3001,3031,3030),(3030,3032,3003),(3028,3003,3032),
(3007,3006,3033),(3033,3006,3029),(3034,3004,2678),(3034,3031,3004),(2678,
2679,3034),(3027,3007,3035),(3007,3033,3035),(3034,3036,3031),(3034,2679,
3037),(3034,3037,3036),(3030,3031,3038),(3031,3036,3038),(2679,2682,3037),
(3039,2681,3026),(3026,3027,3040),(3039,3026,3040),(2680,2681,3039),(3030,
3041,3032),(3030,3038,3042),(3041,3030,3042),(3043,3029,3028),(3028,3032,
3044),(3043,3028,3044),(3033,3029,3045),(3029,3043,3045),(3044,3032,3041),
(3046,3027,3035),(3027,3046,3040),(3035,3033,3047),(3033,3045,3047),(3036,
3037,3048),(3038,3036,3049),(3036,3048,3049),(3037,2682,3050),(3037,3050,
3048),(3038,3049,3051),(3042,3038,3051),(2682,2683,3050),(3046,3035,3052),
(3052,3035,3047),(3049,3048,3053),(3050,3054,3048),(3048,3054,3053),(3049,
3055,3051),(3049,3053,3055),(2683,3056,3050),(3054,3050,3056),(3057,2680,
3039),(2684,2680,3057),(3042,3058,3041),(3044,3041,3059),(3059,3041,3058),
(3042,3051,3060),(3060,3058,3042),(3043,3044,3061),(3044,3059,3061),(3062,
3045,3043),(3043,3061,3062),(3039,3040,3063),(3057,3039,3063),(3064,3040,
3046),(3063,3040,3064),(3065,3047,3045),(3065,3045,3062),(3055,3066,3051),
(3060,3051,3066),(2683,2687,3056),(3046,3052,3067),(3046,3067,3064),(3068,
3052,3047),(3068,3047,3065),(3053,3054,3069),(3053,3070,3055),(3069,3070,
3053),(3054,3056,3071),(3054,3071,3069),(3066,3055,3072),(3072,3055,3070),
(3056,2687,3073),(3056,3073,3071),(3074,2684,3057),(2685,2684,3074),(3057,
3063,3075),(3074,3057,3075),(3076,3059,3058),(3059,3077,3061),(3077,3059,
3076),(3060,3078,3058),(3076,3058,3079),(3078,3079,3058),(3080,3062,3061),
(3077,3080,3061),(3078,3060,3066),(3081,3063,3064),(3075,3063,3081),(3082,
3065,3062),(3082,3062,3080),(3083,3066,3072),(3078,3066,3083),(3073,2687,
2688),(3084,3067,3052),(3052,3068,3084),(3085,3070,3069),(3069,3071,3086),
(3069,3086,3085),(3070,3087,3072),(3087,3070,3085),(3088,3071,3073),(3071,
3088,3086),(3089,3064,3067),(3081,3064,3089),(3090,3068,3065),(3090,3065,
3082),(3087,3091,3072),(3083,3072,3091),(3073,3092,3088),(2688,3092,3073),
(3093,3067,3084),(3093,3089,3067),(3068,3094,3084),(3094,3068,3090),(3085,
3086,3095),(3087,3085,3096),(3096,3085,3095),(3088,3097,3086),(3086,3097,
3095),(3091,3087,3098),(3098,3087,3096),(3099,3088,3092),(3088,3099,3097),
(3100,2685,3074),(2686,2685,3100),(3101,3074,3075),(3100,3074,3101),(3102,
3076,3079),(3103,3077,3076),(3103,3076,3102),(3079,3078,3104),(3105,3078,
3083),(3104,3078,3105),(3102,3079,3104),(3106,3080,3077),(3103,3106,3077),
(3107,3075,3081),(3101,3075,3107),(3080,3108,3082),(3080,3106,3108),(3109,
3083,3091),(3105,3083,3109),(2688,2689,3092),(3089,3110,3081),(3110,3107,
3081),(3090,3082,3111),(3108,3111,3082),(3112,3091,3098),(3109,3091,3112),
(3099,3092,3113),(3092,2689,3113),(3093,3084,3114),(3084,3094,3114),(3095,
3115,3096),(3095,3097,3116),(3095,3116,3115),(3098,3096,3117),(3117,3096,
3115),(3097,3099,3118),(3097,3118,3116),(3119,3089,3093),(3119,3110,3089),
(3094,3090,3120),(3090,3111,3120),(3098,3121,3112),(3121,3098,3117),(3099,
3113,3122),(3099,3122,3118),(3100,3123,2686),(2686,3123,2691),(3101,3124,
3100),(3123,3100,3124),(3104,3105,3125),(3126,3102,3104),(3126,3104,3127),
(3125,3127,3104),(3125,3105,3109),(3102,3128,3103),(3126,3128,3102),(3106,
3103,3129),(3129,3103,3128),(3107,3130,3101),(3124,3101,3130),(3131,3108,
3106),(3106,3129,3131),(3132,3109,3112),(3125,3109,3132),(2689,2694,3113),
(3133,3107,3110),(3107,3133,3130),(3108,3134,3111),(3131,3134,3108),(3135,
3112,3121),(3132,3112,3135),(3113,3136,3122),(2694,3136,3113),(3093,3114,
3137),(3119,3093,3137),(3114,3094,3138),(3094,3120,3138),(3116,3139,3115),
(3115,3140,3117),(3140,3115,3139),(3116,3118,3141),(3139,3116,3141),(3121,
3117,3142),(3142,3117,3140),(3118,3122,3143),(3141,3118,3143),(3144,3110,
3119),(3144,3133,3110),(3120,3111,3145),(3145,3111,3134),(3146,3121,3142),
(3135,3121,3146),(3122,3147,3143),(3136,3147,3122),(3148,3137,3114),(3148,
3114,3138),(3140,3139,3149),(3139,3141,3150),(3149,3139,3150),(3142,3140,
3151),(3151,3140,3149),(3143,3152,3141),(3141,3152,3150),(3123,3153,2691),
(2691,3153,2692),(3154,3123,3124),(3153,3123,3154),(3127,3155,3126),(3126,
3156,3128),(3156,3126,3155),(3125,3157,3127),(3132,3158,3125),(3157,3125,
3158),(3157,3155,3127),(3159,3129,3128),(3128,3156,3159),(3160,3124,3130),
(3154,3124,3160),(3161,3131,3129),(3129,3159,3161),(3162,3132,3135),(3158,
3132,3162),(2695,3136,2694),(3137,3163,3119),(3163,3144,3119),(3164,3138,
3120),(3164,3120,3145),(3146,3142,3165),(3142,3151,3165),(3143,3147,3166),
(3143,3166,3152),(3133,3167,3130),(3160,3130,3167),(3168,3134,3131),(3168,
3131,3161),(3135,3146,3169),(3169,3162,3135),(3136,3170,3147),(3170,3136,
2695),(2712,2711,3008),(3008,2714,3009),(2711,2714,3008),(3009,3171,3010),
(3009,2714,3171),(3011,3010,3172),(3171,3172,3010),(3012,3011,3173),(3011,
3172,3173),(3013,3012,3018),(3012,3173,3018),(3018,3173,3019),(3019,3174,
3020),(3019,3173,3174),(3020,3175,3021),(3174,3175,3020),(2717,3022,3021),
(2717,3021,3175),(2719,3022,2716),(3022,2717,2716),(3176,3014,3016),(3176,
3023,3014),(3015,2730,3016),(2728,3015,3017),(2728,2730,3015),(2730,3176,
3016),(2727,2726,3017),(3017,2726,2728),(3024,3023,2732),(3176,2732,3023),
(3024,2731,3025),(2731,3024,2732),(3025,2733,2735),(3025,2731,2733),(3177,
3133,3144),(3177,3167,3133),(3178,3145,3134),(3178,3134,3168),(3146,3165,
3179),(3146,3179,3169),(3147,3180,3166),(3147,3170,3180),(3181,3137,3148),
(3163,3137,3181),(3182,3148,3138),(3182,3138,3164),(3150,3183,3149),(3149,
3184,3151),(3149,3183,3184),(3150,3152,3185),(3185,3183,3150),(3186,3165,
3151),(3186,3151,3184),(3152,3166,3187),(3185,3152,3187),(3188,3144,3163),
(3144,3188,3177),(3189,3164,3145),(3189,3145,3178),(3190,3165,3186),(3190,
3179,3165),(3166,3191,3187),(3166,3180,3191),(3176,2729,2732),(3176,2730,
2729),(3192,2692,3153),(2693,2692,3192),(3193,3153,3154),(3192,3153,3193),
(3157,3158,3194),(3195,3155,3157),(3195,3157,3194),(3158,3162,3196),(3196,
3194,3158),(3155,3197,3156),(3197,3155,3195),(3198,3159,3156),(3198,3156,
3197),(3199,3154,3160),(3193,3154,3199),(3159,3200,3161),(3159,3198,3200),
(3201,3162,3169),(3196,3162,3201),(2695,2696,3170),(3202,3160,3167),(3199,
3160,3202),(3168,3161,3203),(3200,3203,3161),(3204,3169,3179),(3169,3204,
3201),(3170,3205,3180),(3170,2696,3205),(3181,3148,3206),(3206,3148,3182),
(3183,3207,3184),(3183,3185,3208),(3208,3207,3183),(3186,3184,3209),(3207,
3209,3184),(3187,3210,3185),(3210,3208,3185),(3181,3211,3163),(3188,3163,
3211),(3212,3182,3164),(3212,3164,3189),(3190,3186,3213),(3213,3186,3209),
(3187,3191,3214),(3210,3187,3214),(3215,3167,3177),(3215,3202,3167),(3216,
3178,3168),(3216,3168,3203),(3217,3179,3190),(3204,3179,3217),(3180,3218,
3191),(3180,3205,3218),(3188,3219,3177),(3215,3177,3219),(3220,3189,3178),
(3216,3220,3178),(3221,3190,3213),(3217,3190,3221),(3191,3222,3214),(3191,
3218,3222),(3223,3181,3206),(3211,3181,3223),(3182,3224,3206),(3224,3182,
3212),(3208,3225,3207),(3207,3226,3209),(3226,3207,3225),(3208,3210,3227),
(3225,3208,3227),(3213,3209,3228),(3228,3209,3226),(3210,3214,3229),(3227,
3210,3229),(3172,3174,3173),(3230,2693,3192),(2698,2693,3230),(3192,3193,
3231),(3231,3230,3192),(3232,3195,3194),(3195,3233,3197),(3195,3232,3233),
(3196,3234,3194),(3232,3194,3235),(3235,3194,3234),(3198,3197,3236),(3236,
3197,3233),(3234,3196,3201),(3193,3199,3237),(3231,3193,3237),(3200,3198,
3238),(3238,3198,3236),(3204,3239,3201),(3234,3201,3239),(2696,2701,3205),
(3240,3188,3211),(3219,3188,3240),(3241,3212,3189),(3241,3189,3220),(3228,
3242,3213),(3221,3213,3242),(3229,3214,3243),(3214,3222,3243),(3199,3202,
3244),(3199,3244,3237),(3245,3203,3200),(3245,3200,3238),(3217,3246,3204),
(3239,3204,3246),(3205,3247,3218),(3205,2701,3247),(3172,3248,3174),(3172,
3171,3248),(3174,3248,3175),(3202,3215,3249),(3249,3244,3202),(3250,3216,
3203),(3250,3203,3245),(3221,3251,3217),(3251,3246,3217),(3218,3252,3222),
(3247,3252,3218),(3223,3206,3253),(3253,3206,3224),(3225,3254,3226),(3225,
3227,3255),(3225,3255,3254),(3228,3226,3256),(3256,3226,3254),(3229,3257,
3227),(3227,3257,3255),(3211,3223,3258),(3258,3240,3211),(3224,3212,3259),
(3259,3212,3241),(3228,3260,3242),(3260,3228,3256),(3229,3243,3261),(3257,
3229,3261),(3262,3215,3219),(3215,3262,3249),(3263,3220,3216),(3216,3250,
3263),(3221,3242,3264),(3251,3221,3264),(3222,3265,3243),(3222,3252,3265),
(2713,3171,2714),(2713,3248,3171),(3175,2715,2717),(3248,2715,3175),(3266,
3219,3240),(3262,3219,3266),(3267,3241,3220),(3267,3220,3263),(3268,3242,
3260),(3264,3242,3268),(3261,3243,3269),(3243,3265,3269),(2698,3230,3270),
(2698,3270,2699),(3230,3231,3271),(3270,3230,3271),(3235,3272,3232),(3273,
3233,3232),(3273,3232,3272),(3235,3234,3274),(3274,3234,3239),(3274,3275,
3235),(3272,3235,3275),(3276,3236,3233),(3273,3276,3233),(3277,3231,3237),
(3271,3231,3277),(3238,3236,3278),(3278,3236,3276),(3279,3239,3246),(3239,
3279,3274),(2700,3247,2701),(3223,3253,3280),(3258,3223,3280),(3253,3224,
3281),(3281,3224,3259),(3282,3254,3255),(3256,3254,3283),(3254,3282,3283),
(3255,3257,3284),(3282,3255,3284),(3256,3285,3260),(3283,3285,3256),(3286,
3257,3261),(3257,3286,3284),(3244,3287,3237),(3277,3237,3287),(3288,3245,
3238),(3288,3238,3278),(3251,3289,3246),(3279,3246,3289),(3252,3247,3290),
(3247,2700,3290),(3244,3249,3291),(3244,3291,3287),(3245,3292,3250),(3245,
3288,3292),(3293,3251,3264),(3289,3251,3293),(3252,3294,3265),(3252,3290,
3294),(3295,3240,3258),(3266,3240,3295),(3259,3241,3296),(3267,3296,3241),
(3285,3297,3260),(3260,3297,3268),(3298,3286,3261),(3261,3269,3298),(3249,
3262,3299),(3291,3249,3299),(3300,3263,3250),(3250,3292,3300),(3264,3268,
3301),(3264,3301,3293),(3265,3302,3269),(3265,3294,3302),(3280,3253,3303),
(3303,3253,3281),(3283,3282,3304),(3305,3282,3284),(3304,3282,3305),(3283,
3306,3285),(3283,3304,3306),(3284,3286,3307),(3284,3307,3305),(3308,3258,
3280),(3295,3258,3308),(3259,3309,3281),(3309,3259,3296),(3310,3297,3285),
(3285,3306,3310),(3298,3311,3286),(3307,3286,3311),(3262,3266,3312),(3299,
3262,3312),(3267,3263,3313),(3313,3263,3300),(3297,3314,3268),(3268,3314,
3301),(3315,3298,3269),(3302,3315,3269),(3248,2713,2715),(3316,2699,3270),
(2702,2699,3316),(3317,3270,3271),(3316,3270,3317),(3275,3274,3318),(3319,
3274,3279),(3318,3274,3319),(3273,3272,3320),(3321,3272,3275),(3320,3272,
3321),(3322,3276,3273),(3273,3320,3322),(3321,3275,3318),(2700,2704,3290),
(3271,3277,3323),(3317,3271,3323),(3324,3278,3276),(3324,3276,3322),(3289,
3325,3279),(3319,3279,3325),(3277,3287,3326),(3323,3277,3326),(3327,3288,
3278),(3327,3278,3324),(3328,3289,3293),(3289,3328,3325),(3290,3329,3294),
(3290,2704,3329),(3330,3266,3295),(3312,3266,3330),(3296,3267,3331),(3267,
3313,3331),(3310,3332,3297),(3297,3332,3314),(3311,3298,3333),(3333,3298,
3315),(3334,3287,3291),(3326,3287,3334),(3335,3292,3288),(3288,3327,3335),
(3301,3336,3293),(3328,3293,3336),(3302,3294,3337),(3294,3329,3337),(3280,
3303,3338),(3308,3280,3338),(3303,3281,3339),(3309,3339,3281),(3304,3305,
3340),(3341,3306,3304),(3341,3304,3340),(3305,3307,3342),(3340,3305,3342),
(3310,3306,3343),(3343,3306,3341),(3344,3307,3311),(3344,3342,3307),(3345,
3291,3299),(3334,3291,3345),(3346,3300,3292),(3346,3292,3335),(3347,3301,
3314),(3301,3347,3336),(3302,3348,3315),(3348,3302,3337),(3349,3295,3308),
(3330,3295,3349),(3296,3350,3309),(3350,3296,3331),(3310,3343,3351),(3332,
3310,3351),(3344,3311,3352),(3311,3333,3352),(3299,3312,3353),(3353,3345,
3299),(3354,3313,3300),(3354,3300,3346),(3314,3332,3355),(3347,3314,3355),
(3315,3356,3333),(3356,3315,3348),(3338,3303,3357),(3339,3357,3303),(3340,
3358,3341),(3340,3342,3359),(3340,3359,3358),(3343,3341,3360),(3358,3360,
3341),(3342,3344,3361),(3359,3342,3361),(3362,3308,3338),(3349,3308,3362),
(3339,3309,3363),(3309,3350,3363),(3351,3343,3364),(3343,3360,3364),(3344,
3352,3365),(3361,3344,3365),(3366,3312,3330),(3366,3353,3312),(3331,3313,
3367),(3367,3313,3354),(3368,3332,3351),(3355,3332,3368),(3352,3333,3369),
(3333,3356,3369),(3370,2702,3316),(2703,2702,3370),(3371,3316,3317),(3370,
3316,3371),(3318,3319,2766),(3321,3318,2785),(2766,2785,3318),(3325,2769,
3319),(2768,2766,3319),(2768,3319,2769),(3320,3321,2786),(2786,3321,2785),
(3320,2787,3322),(3320,2786,2787),(2704,2706,3329),(3317,3323,3372),(3371,
3317,3372),(3322,2788,3324),(2788,3322,2787),(3328,2769,3325),(3373,3323,
3326),(3372,3323,3373),(2789,3327,3324),(2789,3324,2788),(3336,2770,3328),
(2769,3328,2770),(3329,3374,3337),(3329,2706,3374),(3326,3334,3375),(3375,
3373,3326),(3327,2790,3335),(2790,3327,2789),(3336,3347,2771),(3336,2771,
2770),(3337,3376,3348),(3337,3374,3376),(3377,3330,3349),(3377,3366,3330),
(3378,3350,3331),(3331,3367,3378),(3379,3351,3364),(3368,3351,3379),(3365,
3352,3380),(3369,3380,3352),(3381,3334,3345),(3375,3334,3381),(2791,3346,
3335),(2791,3335,2790),(3355,2772,3347),(3347,2772,2771),(3348,3382,3356),
(3348,3376,3382),(3383,3338,3357),(3338,3383,3362),(3339,3384,3357),(3384,
3339,3363),(3359,3385,3358),(3360,3358,3386),(3385,3386,3358),(3359,3361,
3387),(3385,3359,3387),(3364,3360,3388),(3388,3360,3386),(3361,3365,3389),
(3387,3361,3389),(3353,3390,3345),(3381,3345,3390),(2792,3354,3346),(2791,
2792,3346),(3355,3368,2773),(2772,3355,2773),(3356,3391,3369),(3356,3382,
3391),(3349,3362,3392),(3392,3377,3349),(3363,3350,3393),(3378,3393,3350),
(3394,3364,3388),(3364,3394,3379),(3389,3365,3395),(3365,3380,3395),(3353,
3366,3396),(3390,3353,3396),(3367,3354,2793),(2793,3354,2792),(3379,2774,
3368),(3368,2774,2773),(3369,3397,3380),(3369,3391,3397),(3398,3383,3357),
(3357,3384,3398),(3386,3385,3399),(3387,3400,3385),(3399,3385,3400),(3386,
3401,3388),(3401,3386,3399),(3389,3402,3387),(3400,3387,3402),(3403,3362,
3383),(3403,3392,3362),(3404,3384,3363),(3363,3393,3404),(3394,3388,3405),
(3401,3405,3388),(3406,3389,3395),(3406,3402,3389),(3407,3366,3377),(3396,
3366,3407),(2794,3378,3367),(2794,3367,2793),(3379,3394,2775),(3379,2775,
2774),(3395,3380,3408),(3380,3397,3408),(3409,2703,3370),(2705,2703,3409),
(3410,3370,3371),(3409,3370,3410),(3411,3371,3372),(3410,3371,3411),(2706,
2707,3374),(3412,3372,3373),(3411,3372,3412),(3376,3374,3413),(3374,2707,
3413),(3414,3373,3375),(3412,3373,3414),(3376,3415,3382),(3376,3413,3415),
(3416,3377,3392),(3407,3377,3416),(3393,3378,2795),(2795,3378,2794),(2776,
3394,3405),(2775,3394,2776),(3395,3417,3406),(3395,3408,3417),(3418,3375,
3381),(3414,3375,3418),(3382,3419,3391),(3382,3415,3419),(3420,3383,3398),
(3383,3420,3403),(3421,3398,3384),(3404,3421,3384),(3399,3400,3422),(3423,
3401,3399),(3423,3399,3422),(3400,3402,3424),(3422,3400,3424),(3401,3425,
3405),(3401,3423,3425),(3402,3406,3426),(3402,3426,3424),(3427,3381,3390),
(3418,3381,3427),(3391,3428,3397),(3391,3419,3428),(3429,3392,3403),(3416,
3392,3429),(3404,3393,2796),(3393,2795,2796),(3425,2777,3405),(3405,2777,
2776),(3430,3426,3406),(3430,3406,3417),(3431,3390,3396),(3427,3390,3431),
(3397,3432,3408),(3397,3428,3432),(3396,3407,3433),(3431,3396,3433),(3408,
3434,3417),(3408,3432,3434),(3420,3398,3435),(3435,3398,3421),(3422,3436,
3423),(3437,3422,3424),(3437,3436,3422),(3438,3425,3423),(3438,3423,3436),
(3424,3426,3439),(3424,3439,3437),(3440,3403,3420),(3429,3403,3440),(2797,
3421,3404),(3404,2796,2797),(2777,3425,2778),(3438,2778,3425),(3426,3430,
3441),(3441,3439,3426),(3442,3407,3416),(3433,3407,3442),(3443,3430,3417),
(3417,3434,3443),(3444,2705,3409),(3444,2867,2705),(3409,3410,3444),(3445,
3410,3411),(3410,3446,3444),(3410,3445,3446),(3413,2707,3447),(2857,3447,
2707),(3411,3412,3445),(3448,3415,3413),(3413,3447,3448),(3414,3449,3412),
(3450,3445,3412),(3450,3412,3449),(3415,3448,3419),(3451,3416,3429),(3442,
3416,3451),(3441,3430,3452),(3430,3443,3452),(3453,3420,3435),(3420,3453,
3440),(2798,3435,3421),(2798,3421,2797),(3437,3454,3436),(3438,3436,3455),
(3455,3436,3454),(3437,3439,3456),(3454,3437,3456),(3438,2779,2778),(2779,
3438,3455),(3439,3441,3457),(3456,3439,3457),(3414,3418,3449),(3428,3419,
3458),(3419,3448,3459),(3459,3458,3419),(3427,3460,3418),(3461,3449,3418),
(3418,3460,3461),(3428,3458,3432),(3462,3427,3431),(3427,3462,3460),(3434,
3432,3463),(3464,3432,3458),(3464,3463,3432),(3465,3429,3440),(3429,3465,
3451),(3457,3441,3466),(3441,3452,3466),(3462,3431,3433),(3443,3434,3467),
(3463,3467,3434),(2799,3453,3435),(3435,2798,2799),(3455,3454,3468),(3454,
3456,3469),(3468,3454,3469),(3455,2780,2779),(3468,2780,3455),(3457,3470,
3456),(3470,3469,3456),(3442,3471,3433),(3433,3472,3462),(3472,3433,3471),
(3452,3443,3473),(3443,3467,3473),(3474,3440,3453),(3465,3440,3474),(3475,
3470,3457),(3457,3466,3475),(3442,3451,3471),(3452,3473,3466),(2799,3474,
3453),(3476,3468,3469),(3468,2781,2780),(3468,3476,2781),(3469,3470,3477),
(3476,3469,3477),(3470,3475,3478),(3477,3470,3478),(3479,3451,3465),(3480,
3471,3451),(3451,3479,3480),(3481,3475,3466),(3466,3473,3482),(3481,3466,
3482),(3483,2867,3444),(3444,3446,3484),(3484,3483,3444),(2867,3483,2919),
(3476,2782,2781),(3485,2783,2782),(3476,3485,2782),(2767,2783,3486),(3486,
2783,3485),(3486,2835,2767),(3474,2799,2784),(3487,3474,2784),(2870,3487,
2784),(2857,2967,3447),(3447,3488,3448),(3447,2967,3488),(3489,3446,3445),
(3490,3445,3450),(3489,3445,3490),(3484,3446,3489),(3448,3491,3459),(3448,
3488,3491),(3465,3474,3479),(3481,3478,3475),(3492,3450,3449),(3493,3449,
3461),(3492,3449,3493),(3490,3450,3492),(3459,3494,3458),(3458,3495,3464),
(3458,3494,3495),(3459,3491,3494),(3476,3477,3485),(3477,3478,3496),(3485,
3477,3496),(3497,3461,3460),(3498,3460,3462),(3497,3460,3498),(3493,3461,
3497),(3464,3499,3463),(3463,3500,3467),(3463,3499,3500),(3464,3495,3499),
(3462,3472,3501),(3501,3498,3462),(3467,3502,3473),(3467,3500,3502),(3474,
3487,3479),(3503,3496,3478),(3478,3481,3504),(3504,3503,3478),(3482,3473,
3505),(3473,3502,3505),(3506,3472,3471),(3507,3471,3480),(3506,3471,3507),
(3501,3472,3506),(3485,3496,3486),(3496,3503,3486),(3481,3482,3508),(3504,
3481,3509),(3508,3509,3481),(3482,3505,3508),(3510,3480,3479),(3511,3479,
3487),(3510,3479,3511),(3510,3507,3480),(3512,3486,3503),(3486,3512,2835),
(3503,3504,3513),(3512,3503,3514),(3503,3513,3514),(3513,3504,3509),(2870,
2871,3487),(3511,3487,2871),(2904,2835,3512),(3512,3515,2904),(3515,3512,
3514),(3516,3483,3484),(3483,3517,2919),(3517,3483,3516),(3518,3484,3489),
(3516,3484,3518),(2966,2919,3517),(3519,3489,3490),(3518,3489,3519),(3520,
3490,3492),(3519,3490,3520),(3521,3492,3493),(3520,3492,3521),(3522,3493,
3497),(3521,3493,3522),(3523,3497,3498),(3522,3497,3523),(3498,3501,3524),
(3523,3498,3524),(3501,3506,3525),(3525,3524,3501),(3526,3506,3507),(3525,
3506,3526),(3507,3510,3527),(3526,3507,3527),(3528,3510,3511),(3510,3528,
3527),(2872,3511,2871),(3511,2872,3528),(2869,3529,2873),(3529,2869,2886),
(2874,3528,2872),(2873,3530,2875),(3531,2873,3529),(3531,3530,2873),(2876,
3532,2874),(2874,3532,3528),(2877,3533,2876),(3533,3532,2876),(3534,2877,
2878),(3534,3533,2877),(2879,3535,2878),(3534,2878,3535),(2879,2880,3536),
(3535,2879,3536),(2881,3537,2880),(3536,2880,3537),(3538,2881,2882),(3537,
2881,3538),(3539,2882,2883),(2882,3539,3538),(3540,2883,2884),(3540,3539,
2883),(2885,3541,2884),(2884,3541,3540),(3542,2885,2875),(3542,3541,2885),
(3530,3542,2875),(2904,3515,3543),(3543,2905,2904),(3514,3513,3544),(3545,
3515,3514),(3544,3545,3514),(3513,3509,3546),(3544,3513,3546),(3543,3515,
3545),(3509,3508,3547),(3509,3547,3546),(3505,3548,3508),(3508,3548,3547),
(3502,3549,3505),(3505,3549,3548),(3500,3550,3502),(3502,3550,3549),(3499,
3551,3500),(3500,3551,3550),(3495,3552,3499),(3499,3552,3551),(3494,3553,
3495),(3495,3553,3552),(3491,3554,3494),(3494,3554,3553),(3488,3555,3491),
(3491,3555,3554),(2967,2968,3488),(3488,2968,3555),(2709,2708,3556),(2708,
2710,3557),(3557,3556,2708),(2721,2709,3558),(2709,3556,3559),(3559,3558,
2709),(3557,2710,3560),(2710,2739,3560),(2737,2721,3558),(3559,3556,3561),
(3556,3557,3562),(3561,3556,3562),(3558,3559,3563),(3564,2737,3558),(3563,
3565,3558),(3558,3565,3564),(3559,3561,3563),(3557,3560,3566),(3566,3562,
3557),(2740,2737,3564),(2739,3567,3560),(3560,3568,3566),(3567,3568,3560),
(3567,2739,2738),(3563,3569,3565),(3570,3563,3561),(3563,3570,3569),(3571,
3564,3565),(3564,3572,2740),(3564,3571,3572),(3571,3565,3573),(3565,3569,
3573),(3562,3574,3561),(3561,3574,3570),(3562,3566,3575),(3562,3575,3574),
(2740,3572,2742),(3566,3568,3576),(3566,3576,3575),(3572,3571,3577),(2742,
3572,3578),(3577,3578,3572),(3571,3573,3579),(3577,3571,3579),(2744,2742,
3578),(3567,2738,3580),(2738,2741,3580),(3569,3570,3581),(3570,3574,3582),
(3570,3582,3581),(3573,3569,3583),(3569,3581,3584),(3584,3583,3569),(3585,
3574,3575),(3582,3574,3585),(3583,3579,3573),(3586,3568,3567),(3580,3586,
3567),(3568,3587,3576),(3568,3586,3587),(3575,3576,3588),(3585,3575,3588),
(3578,3577,3589),(3577,3579,3590),(3590,3589,3577),(3578,3591,2744),(3591,
3578,3589),(3590,3579,3592),(3579,3583,3592),(2744,3591,2746),(3593,3576,
3587),(3593,3588,3576),(3589,3590,3594),(3595,3591,3589),(3595,3589,3594),
(3596,3590,3592),(3594,3590,3596),(2746,3591,3597),(3597,3591,3595),(2741,
3598,3580),(2743,3598,2741),(3580,3599,3586),(3580,3598,3599),(3581,3600,
3584),(3581,3582,3601),(3601,3600,3581),(3584,3602,3583),(3592,3583,3602),
(3603,3602,3584),(3603,3584,3600),(3582,3585,3604),(3582,3604,3601),(3587,
3586,3605),(3586,3599,3605),(3585,3588,3606),(3606,3604,3585),(3607,3596,
3592),(3607,3592,3602),(2746,3597,2747),(3593,3587,3608),(3608,3587,3605),
(3588,3593,3609),(3588,3609,3606),(3595,3594,3610),(3594,3596,3611),(3611,
3610,3594),(3597,3595,3612),(3595,3610,3612),(3596,3607,3613),(3611,3596,
3613),(3597,3614,2747),(3612,3614,3597),(3615,3598,2743),(2743,2745,3615),
(3616,3599,3598),(3616,3598,3615),(3603,3617,3602),(3607,3602,3618),(3617,
3618,3602),(3600,3601,3619),(3620,3603,3600),(3620,3600,3619),(3621,3601,
3604),(3601,3621,3619),(3617,3603,3620),(3599,3622,3605),(3599,3616,3622),
(3623,3604,3606),(3623,3621,3604),(3613,3607,3624),(3607,3618,3624),(2748,
2747,3614),(3593,3608,3625),(3625,3609,3593),(3626,3610,3611),(3612,3610,
3627),(3627,3610,3626),(3613,3628,3611),(3626,3611,3628),(3612,3629,3614),
(3627,3629,3612),(3608,3605,3630),(3622,3630,3605),(3631,3606,3609),(3606,
3631,3623),(3628,3613,3632),(3613,3624,3632),(3614,3629,3633),(2748,3614,
3633),(3625,3608,3634),(3634,3608,3630),(3635,3609,3625),(3631,3609,3635),
(3626,3636,3627),(3626,3628,3637),(3636,3626,3637),(3627,3638,3629),(3638,
3627,3636),(3628,3632,3639),(3639,3637,3628),(3633,3629,3640),(3640,3629,
3638),(3615,2745,3641),(2745,2749,3641),(3615,3642,3616),(3615,3641,3642),
(3617,3643,3618),(3644,3617,3620),(3643,3617,3644),(3624,3618,3645),(3645,
3618,3643),(3646,3620,3619),(3644,3620,3646),(3647,3619,3621),(3619,3647,
3646),(3616,3648,3622),(3648,3616,3642),(3649,3621,3623),(3649,3647,3621),
(3632,3624,3650),(3650,3624,3645),(2748,3633,2751),(3630,3622,3651),(3648,
3651,3622),(3652,3623,3631),(3652,3649,3623),(3653,3639,3632),(3653,3632,
3650),(3654,3633,3640),(3633,3654,2751),(3625,3634,3655),(3635,3625,3655),
(3636,3637,3656),(3636,3657,3638),(3656,3657,3636),(3637,3639,3658),(3658,
3656,3637),(3640,3638,3659),(3638,3657,3659),(3630,3660,3634),(3660,3630,
3651),(3631,3635,3661),(3652,3631,3661),(3653,3662,3639),(3662,3658,3639),
(3663,3654,3640),(3663,3640,3659),(2749,3664,3641),(2749,2750,3664),(3641,
3665,3642),(3641,3664,3665),(3666,3643,3644),(3667,3644,3646),(3644,3667,
3666),(3645,3643,3668),(3669,3643,3666),(3669,3668,3643),(3670,3646,3647),
(3670,3667,3646),(3650,3645,3668),(3642,3671,3648),(3642,3665,3671),(3647,
3649,3672),(3647,3672,3670),(3673,3653,3650),(3668,3673,3650),(2751,3654,
2753),(3648,3674,3651),(3674,3648,3671),(3675,3649,3652),(3649,3675,3672),
(3676,3662,3653),(3676,3653,3673),(3663,3677,3654),(3677,2753,3654),(3634,
3678,3655),(3660,3678,3634),(3679,3635,3655),(3635,3679,3661),(3680,3657,
3656),(3658,3681,3656),(3680,3656,3681),(3682,3659,3657),(3657,3680,3682),
(3658,3662,3683),(3658,3683,3681),(3659,3684,3663),(3682,3684,3659),(3651,
3685,3660),(3685,3651,3674),(3686,3652,3661),(3652,3686,3675),(3662,3687,
3683),(3676,3687,3662),(3684,3688,3663),(3688,3677,3663),(3655,3678,3689),
(3679,3655,3689),(3690,3680,3681),(3682,3680,3691),(3690,3691,3680),(3683,
3692,3681),(3681,3692,3690),(3684,3682,3693),(3691,3693,3682),(3694,3664,
2750),(2750,2752,3694),(3664,3695,3665),(3694,3695,3664),(3696,3669,3666),
(3697,3666,3667),(3696,3666,3697),(3668,3669,3698),(3673,3668,3698),(3698,
3669,3699),(3669,3696,3699),(3700,3667,3670),(3667,3700,3697),(3665,3701,
3671),(3665,3695,3701),(3702,3670,3672),(3670,3702,3700),(3676,3673,3703),
(3703,3673,3698),(2753,3677,2754),(3678,3660,3704),(3660,3685,3704),(3679,
3705,3661),(3686,3661,3705),(3683,3687,3706),(3706,3692,3683),(3688,3684,
3707),(3684,3693,3707),(3674,3671,3708),(3708,3671,3701),(3672,3675,3709),
(3672,3709,3702),(3710,3687,3676),(3703,3710,3676),(3711,3677,3688),(3711,
2754,3677),(3674,3712,3685),(3674,3708,3712),(3713,3675,3686),(3675,3713,
3709),(3706,3687,3714),(3687,3710,3714),(3688,3707,3715),(3715,3711,3688),
(3689,3678,3716),(3678,3704,3716),(3717,3679,3689),(3705,3679,3717),(3691,
3690,3718),(3719,3690,3692),(3690,3719,3718),(3691,3720,3693),(3720,3691,
3718),(3692,3706,3721),(3721,3719,3692),(3693,3722,3707),(3722,3693,3720),
(3685,3723,3704),(3685,3712,3723),(3724,3686,3705),(3713,3686,3724),(3721,
3706,3725),(3706,3714,3725),(3726,3707,3722),(3715,3707,3726),(3694,2752,
3727),(2755,3727,2752),(3694,3728,3695),(3728,3694,3727),(3729,3698,3699),
(3698,3730,3703),(3729,3730,3698),(3696,3697,3731),(3732,3699,3696),(3696,
3731,3732),(3733,3697,3700),(3697,3733,3731),(3699,3732,3729),(3695,3734,
3701),(3728,3734,3695),(3735,3700,3702),(3733,3700,3735),(3736,3710,3703),
(3736,3703,3730),(2757,2754,3711),(3737,3708,3701),(3734,3737,3701),(3709,
3738,3702),(3702,3738,3735),(3714,3710,3739),(3739,3710,3736),(3740,3711,
3715),(3740,2757,3711),(3689,3716,3741),(3689,3741,3717),(3742,3718,3719),
(3720,3718,3743),(3743,3718,3742),(3721,3744,3719),(3744,3742,3719),(3745,
3722,3720),(3743,3745,3720),(3746,3716,3704),(3704,3723,3746),(3705,3717,
3747),(3705,3747,3724),(3748,3721,3725),(3744,3721,3748),(3749,3726,3722),
(3745,3749,3722),(3708,3750,3712),(3750,3708,3737),(3709,3713,3751),(3709,
3751,3738),(3725,3714,3752),(3752,3714,3739),(3753,3715,3726),(3753,3740,
3715),(3723,3712,3754),(3712,3750,3754),(3713,3724,3755),(3755,3751,3713),
(3748,3725,3756),(3756,3725,3752),(3749,3757,3726),(3757,3753,3726),(3716,
3758,3741),(3758,3716,3746),(3717,3741,3759),(3747,3717,3759),(3742,3760,
3743),(3742,3744,3761),(3742,3761,3760),(3743,3762,3745),(3762,3743,3760),
(3744,3748,3763),(3761,3744,3763),(3749,3745,3764),(3764,3745,3762),(3765,
3727,2755),(2756,3765,2755),(3727,3766,3728),(3727,3765,3766),(3730,3729,
3767),(3768,3729,3732),(3769,3729,3768),(3769,3767,3729),(3730,3767,3736),
(3732,3731,3770),(3732,3770,3768),(3733,3771,3731),(3771,3770,3731),(3734,
3728,3772),(3772,3728,3766),(3733,3735,3773),(3733,3773,3771),(3736,3774,
3739),(3736,3767,3774),(2758,2757,3740),(3746,3723,3775),(3754,3775,3723),
(3776,3724,3747),(3724,3776,3755),(3777,3763,3748),(3777,3748,3756),(3764,
3778,3749),(3749,3778,3757),(3734,3779,3737),(3779,3734,3772),(3780,3735,
3738),(3735,3780,3773),(3781,3752,3739),(3774,3781,3739),(3740,3753,3782),
(3782,2758,3740),(3737,3783,3750),(3737,3779,3783),(3784,3738,3751),(3780,
3738,3784),(3785,3756,3752),(3785,3752,3781),(3786,3753,3757),(3782,3753,
3786),(3741,3758,3787),(3759,3741,3787),(3788,3760,3761),(3789,3762,3760),
(3760,3788,3789),(3790,3761,3763),(3790,3788,3761),(3762,3791,3764),(3762,
3789,3791),(3746,3792,3758),(3746,3775,3792),(3747,3759,3793),(3776,3747,
3793),(3763,3777,3794),(3790,3763,3794),(3778,3764,3795),(3795,3764,3791),
(3754,3750,3796),(3750,3783,3796),(3751,3755,3797),(3784,3751,3797),(3798,
3777,3756),(3785,3798,3756),(3778,3799,3757),(3786,3757,3799),(3754,3800,
3775),(3800,3754,3796),(3801,3755,3776),(3797,3755,3801),(3794,3777,3802),
(3802,3777,3798),(3803,3778,3795),(3803,3799,3778),(2756,3804,3765),(3804,
2756,2759),(3766,3765,3805),(3805,3765,3804),(3806,3769,3768),(3770,3807,
3768),(3768,3807,3806),(3767,3769,3808),(3767,3808,3774),(3809,3808,3769),
(3769,3806,3809),(3771,3810,3770),(3807,3770,3810),(3772,3766,3811),(3766,
3805,3811),(3812,3771,3773),(3810,3771,3812),(3774,3813,3781),(3774,3808,
3813),(3782,2762,2758),(3787,3758,3814),(3792,3814,3758),(3787,3815,3759),
(3759,3815,3793),(3788,3816,3789),(3817,3788,3790),(3817,3816,3788),(3791,
3789,3818),(3789,3816,3818),(3794,3819,3790),(3790,3819,3817),(3795,3791,
3820),(3818,3820,3791),(3779,3772,3821),(3772,3811,3821),(3780,3822,3773),
(3812,3773,3822),(3785,3781,3823),(3781,3813,3823),(3824,3782,3786),(2762,
3782,3824),(3779,3825,3783),(3821,3825,3779),(3784,3826,3780),(3780,3826,
3822),(3785,3827,3798),(3827,3785,3823),(3786,3799,3828),(3824,3786,3828),
(3775,3829,3792),(3775,3800,3829),(3776,3793,3830),(3801,3776,3830),(3819,
3794,3831),(3831,3794,3802),(3820,3832,3795),(3832,3803,3795),(3783,3833,
3796),(3783,3825,3833),(3784,3797,3834),(3784,3834,3826),(3835,3802,3798),
(3835,3798,3827),(3799,3803,3836),(3828,3799,3836),(3787,3814,3837),(3837,
3815,3787),(3816,3817,3838),(3818,3816,3839),(3816,3838,3839),(3819,3840,
3817),(3840,3838,3817),(3841,3820,3818),(3839,3841,3818),(3842,3814,3792),
(3792,3829,3842),(3793,3815,3843),(3793,3843,3830),(3819,3831,3844),(3844,
3840,3819),(3820,3845,3832),(3845,3820,3841),(3800,3796,3846),(3796,3833,
3846),(3797,3801,3847),(3847,3834,3797),(3848,3831,3802),(3848,3802,3835),
(3849,3803,3832),(3836,3803,3849),(3850,3804,2759),(3850,2759,2760),(3804,
3851,3805),(3804,3850,3851),(3809,3852,3808),(3813,3808,3853),(3853,3808,
3852),(3806,3807,3854),(3855,3809,3806),(3855,3806,3854),(3810,3856,3807),
(3854,3807,3856),(3809,3855,3852),(3811,3805,3857),(3805,3851,3857),(3810,
3812,3858),(3856,3810,3858),(3859,3823,3813),(3813,3853,3859),(2761,2762,
3824),(3821,3811,3860),(3860,3811,3857),(3861,3812,3822),(3812,3861,3858),
(3862,3827,3823),(3823,3859,3863),(3862,3823,3863),(3864,3824,3828),(3824,
3864,2761),(3800,3865,3829),(3800,3846,3865),(3801,3830,3866),(3847,3801,
3866),(3844,3831,3867),(3831,3848,3867),(3868,3832,3845),(3868,3849,3832),
(3869,3825,3821),(3821,3860,3869),(3822,3826,3870),(3861,3822,3870),(3835,
3827,3871),(3862,3871,3827),(3872,3828,3836),(3872,3864,3828),(3837,3814,
3873),(3814,3842,3873),(3815,3837,3874),(3843,3815,3874),(3839,3838,3875),
(3838,3840,3876),(3876,3875,3838),(3877,3841,3839),(3839,3875,3877),(3878,
3840,3844),(3840,3878,3876),(3845,3841,3879),(3877,3879,3841),(3825,3880,
3833),(3825,3869,3880),(3881,3826,3834),(3826,3881,3870),(3835,3871,3848),
(3882,3836,3849),(3872,3836,3882),(3842,3829,3883),(3829,3865,3883),(3843,
3884,3830),(3830,3884,3866),(3878,3844,3885),(3885,3844,3867),(3886,3845,
3879),(3886,3868,3845),(3846,3833,3887),(3833,3880,3887),(3888,3834,3847),
(3881,3834,3888),(3867,3848,3889),(3889,3848,3871),(3868,3890,3849),(3890,
3882,3849),(3891,3837,3873),(3837,3891,3874),(3892,3875,3876),(3875,3893,
3877),(3893,3875,3892),(3876,3878,3894),(3876,3894,3892),(3877,3895,3879),
(3895,3877,3893),(3842,3896,3873),(3842,3883,3896),(3874,3897,3843),(3897,
3884,3843),(3885,3898,3878),(3898,3894,3878),(3886,3879,3899),(3879,3895,
3899),(3846,3900,3865),(3900,3846,3887),(3847,3866,3901),(3901,3888,3847),
(3885,3867,3902),(3867,3889,3902),(3886,3903,3868),(3890,3868,3903),(2760,
2836,3850),(2760,2763,2836),(3850,2853,3851),(3850,2836,2853),(2801,3853,
3852),(2838,3852,3855),(3852,2838,2801),(2802,3859,3853),(2802,3853,2801),
(3855,3854,2839),(2838,3855,2839),(2840,3854,3856),(3854,2840,2839),(3864,
2764,2761),(3857,3851,2854),(2854,3851,2853),(3858,2841,3856),(2840,3856,
2841),(3859,2803,3863),(2802,2803,3859),(3857,2855,3860),(2854,2855,3857),
(2842,3858,3861),(3858,2842,2841),(2804,3862,3863),(3871,3862,2806),(3862,
2804,2805),(2805,2806,3862),(2803,2804,3863),(3904,3864,3872),(3864,3904,
2764),(3860,2856,3869),(3860,2855,2856),(3861,3870,2843),(2842,3861,2843),
(3889,3871,2806),(3882,3905,3872),(3872,3905,3904),(3865,3906,3883),(3900,
3906,3865),(3866,3884,3907),(3901,3866,3907),(3908,3898,3885),(3902,3908,
3885),(3899,3909,3886),(3886,3909,3903),(2858,3880,3869),(3869,2856,2858),
(3881,2844,3870),(2843,3870,2844),(3910,3882,3890),(3882,3910,3905),(3873,
3911,3891),(3873,3896,3911),(3891,3912,3874),(3897,3874,3912),(3913,3893,
3892),(3892,3894,3914),(3892,3914,3913),(3895,3893,3915),(3893,3913,3915),
(3894,3898,3916),(3914,3894,3916),(3917,3899,3895),(3915,3917,3895),(3880,
2859,3887),(3880,2858,2859),(2845,3881,3888),(2845,2844,3881),(2807,3902,
3889),(2807,3889,2806),(3918,3890,3903),(3890,3918,3910),(3919,3896,3883),
(3919,3883,3906),(3884,3897,3920),(3884,3920,3907),(3916,3898,3921),(3898,
3908,3921),(3917,3922,3899),(3922,3909,3899),(3887,2861,3900),(3887,2859,
2861),(3901,2846,3888),(2846,2845,3888),(3902,2808,3908),(3902,2807,2808),
(3923,3903,3909),(3918,3903,3923),(3891,3911,3924),(3891,3924,3912),(3925,
3913,3914),(3926,3915,3913),(3925,3926,3913),(3914,3916,3927),(3927,3925,
3914),(3917,3915,3928),(3915,3926,3928),(3896,3929,3911),(3919,3929,3896),
(3930,3897,3912),(3920,3897,3930),(3931,3916,3921),(3931,3927,3916),(3932,
3922,3917),(3932,3917,3928),(2862,3906,3900),(3900,2861,2862),(3907,2847,
3901),(3901,2847,2846),(2809,3921,3908),(2809,3908,2808),(3909,3922,3933),
(3933,3923,3909),(2765,2764,3904),(3934,3904,3905),(2765,3904,3934),(3935,
3905,3910),(3934,3905,3935),(3906,2864,3919),(3906,2862,2864),(3920,2848,
3907),(2847,3907,2848),(3931,3921,2810),(2810,3921,2809),(3922,3932,3936),
(3936,3933,3922),(3937,3910,3918),(3937,3935,3910),(3911,3938,3924),(3911,
3929,3938),(3912,3924,3930),(3926,3925,3939),(3940,3925,3927),(3940,3939,
3925),(3926,3941,3928),(3939,3941,3926),(3942,3927,3931),(3942,3940,3927),
(3943,3932,3928),(3941,3943,3928),(3944,3918,3923),(3937,3918,3944),(3919,
3945,3929),(2864,3945,3919),(3920,3930,2849),(3920,2849,2848),(3931,2811,
3942),(2811,3931,2810),(3932,3943,3946),(3946,3936,3932),(3947,3923,3933),
(3947,3944,3923),(3948,3933,3936),(3947,3933,3948),(3949,3930,3924),(3924,
3938,3949),(3939,3940,3950),(3941,3939,3951),(3951,3939,3950),(3952,3940,
3942),(3940,3952,3950),(3941,3953,3943),(3953,3941,3951),(3938,3929,3954),
(3929,3945,3954),(3930,3949,2849),(3942,2811,2812),(3952,3942,2812),(3955,
3946,3943),(3953,3955,3943),(3946,3956,3936),(3956,3948,3936),(3934,3957,
2765),(2860,2765,3957),(3934,3935,3957),(3937,3958,3935),(3959,3957,3935),
(3959,3935,3958),(2864,2863,3945),(3955,3960,3946),(3956,3946,3960),(3961,
3949,3938),(3954,3962,3938),(3938,3962,3961),(3951,3950,3963),(3964,3950,
3952),(3950,3964,3963),(3965,3953,3951),(3951,3963,3965),(2812,2813,3952),
(2813,3964,3952),(3966,3955,3953),(3965,3966,3953),(3944,3967,3937),(3958,
3937,3967),(3944,3947,3967),(3947,3948,3968),(3968,3967,3947),(3945,2866,
3954),(3945,2863,2866),(2850,2849,3949),(3966,3969,3955),(3969,3960,3955),
(3956,3970,3948),(3971,3968,3948),(3971,3948,3970),(3961,2851,3949),(3949,
2851,2850),(3972,3963,3964),(3973,3965,3963),(3973,3963,3972),(2814,3964,
2813),(3964,2814,3972),(3966,3965,3974),(3973,3974,3965),(3956,3960,3970),
(3962,3954,2865),(3954,2866,2865),(3974,3975,3966),(3969,3966,3975),(3976,
3960,3969),(3976,3970,3960),(2852,3961,3962),(2851,3961,2852),(2837,2852,
3962),(2865,2837,3962),(3973,3972,3977),(2814,2815,3972),(3972,2815,3977),
(3974,3973,3978),(3977,3978,3973),(3979,3975,3974),(3978,3979,3974),(3975,
3980,3969),(3981,3976,3969),(3981,3969,3980),(3977,2815,2816),(2817,3982,
2816),(3982,3977,2816),(2800,3983,2817),(2817,3983,3982),(3984,3983,2800),
(2800,2819,3984),(2860,3957,2936),(3985,3957,3959),(3957,3985,2936),(3986,
3959,3958),(3987,3958,3967),(3986,3958,3987),(3985,3959,3986),(3975,3979,
3980),(3988,3967,3968),(3988,3987,3967),(3982,3978,3977),(3979,3978,3989),
(3978,3982,3989),(3990,3968,3971),(3990,3988,3968),(3970,3991,3971),(3976,
3992,3970),(3991,3970,3992),(3991,3990,3971),(3989,3993,3979),(3994,3980,
3979),(3994,3979,3993),(3981,3995,3976),(3992,3976,3995),(3989,3982,3983),
(3989,3983,3993),(3996,3981,3980),(3994,3997,3980),(3997,3996,3980),(3995,
3981,3996),(3984,3993,3983),(3993,3998,3994),(3999,3993,3984),(3993,3999,
3998),(3997,3994,3998),(4000,3984,2819),(3984,4000,3999),(4000,2819,2820),
(4001,2820,2821),(2820,4001,4000),(2822,2818,4002),(2888,4003,2818),(4002,
2818,4003),(4004,2823,2822),(4002,4004,2822),(2824,4005,2821),(2821,4005,
4001),(2824,2825,4005),(2825,2826,4006),(4007,4005,2825),(4006,4007,2825),
(4008,2826,2827),(2826,4008,4006),(2828,4009,2827),(4009,4008,2827),(4010,
2828,2829),(4010,4009,2828),(4011,2829,2830),(4011,4010,2829),(2831,4012,
2830),(4012,4011,2830),(4013,2831,2832),(4013,4012,2831),(4014,2832,2833),
(4014,4013,2832),(2834,4015,2833),(4014,2833,4015),(2834,2823,4016),(4015,
2834,4016),(4004,4016,2823),(4017,3999,4000),(4017,4000,4001),(3999,4018,
3998),(3999,4017,4018),(3998,4019,3997),(4019,3998,4018),(4020,3996,3997),
(4019,4020,3997),(3996,4021,3995),(3996,4020,4021),(4022,3992,3995),(4022,
3995,4021),(3991,3992,4023),(3992,4022,4023),(4024,3990,3991),(4024,3991,
4023),(3988,3990,4025),(4025,3990,4024),(3988,4026,3987),(4026,3988,4025),
(4027,3986,3987),(4026,4027,3987),(3985,3986,4028),(4028,3986,4027),(2936,
3985,2937),(3985,4028,2937),(2886,2906,4029),(3529,2886,4029),(2907,4030,
2906),(4030,4029,2906),(4031,2908,2905),(2905,3543,4031),(2909,2908,4032),
(4032,2908,4031),(2909,4033,2910),(2909,4032,4033),(2911,2910,4034),(2910,
4033,4034),(2912,2911,4035),(4034,4035,2911),(2912,4036,2913),(4035,4036,
2912),(2913,4037,2914),(4036,4037,2913),(2914,4038,2915),(2914,4037,4038),
(2915,4039,2916),(4038,4039,2915),(4040,2917,2916),(2916,4039,4040),(2917,
4041,2918),(4041,2917,4040),(2918,4042,2907),(4041,4042,2918),(4042,4030,
2907),(2920,2889,2887),(2889,4043,2890),(4043,2889,2920),(4044,2891,2890),
(4043,4044,2890),(4045,2888,2892),(2888,4045,4003),(4046,2893,2891),(2891,
4044,4046),(4047,2894,2893),(4046,4047,2893),(2895,2894,4048),(4048,2894,
4047),(4049,2896,2895),(4048,4049,2895),(4050,2897,2896),(4049,4050,2896),
(2897,4051,2898),(4050,4051,2897),(4052,2899,2898),(4052,2898,4051),(2899,
4053,2900),(4052,4053,2899),(2900,4054,2901),(2900,4053,4054),(4055,2902,
2901),(4056,2901,4054),(4055,2901,4056),(2902,4055,2903),(2892,2903,4057),
(2903,4055,4057),(2892,4057,4045),(2922,4043,2920),(4058,4043,2922),(2922,
2921,4058),(4043,4058,4044),(2921,2925,4058),(4058,2925,4059),(4044,4058,
4059),(2923,4060,2925),(2925,4060,4059),(2923,2924,4061),(4061,4060,2923),
(2926,4062,2924),(2924,4062,4061),(2927,4063,2926),(4062,2926,4063),(2927,
2928,4064),(2927,4064,4063),(2928,2929,4065),(2928,4065,4064),(2930,4066,
2929),(2929,4066,4065),(2931,4067,2930),(4067,4066,2930),(2932,4068,2931),
(2931,4068,4067),(2932,2933,4069),(4069,4068,2932),(4070,2933,2934),(2933,
4070,4069),(2935,4070,2934),(4070,2935,4071),(2935,2940,4071),(4069,4070,
4072),(4070,4071,4072),(4068,4069,4073),(4069,4072,4073),(4067,4068,4074),
(4073,4074,4068),(4067,4075,4066),(4067,4074,4075),(4066,4076,4065),(4075,
4076,4066),(4077,4064,4065),(4065,4076,4077),(4063,4064,4078),(4064,4077,
4078),(4079,4062,4063),(4079,4063,4078),(4061,4062,4080),(4079,4080,4062),
(4060,4061,4081),(4080,4081,4061),(4082,4059,4060),(4060,4081,4082),(4044,
4059,4046),(4082,4046,4059),(4002,4003,4083),(4084,4003,4045),(4085,4083,
4003),(4003,4084,4085),(4083,4004,4002),(4082,4047,4046),(4086,4048,4047),
(4082,4086,4047),(4048,4087,4049),(4086,4087,4048),(4088,4050,4049),(4087,
4088,4049),(4051,4050,4089),(4089,4050,4088),(4051,4090,4052),(4090,4051,
4089),(4053,4052,4091),(4091,4052,4090),(4092,4054,4053),(4092,4053,4091),
(4056,4054,4093),(4054,4092,4093),(4055,4056,4094),(4095,4057,4055),(4094,
4095,4055),(4093,4096,4056),(4096,4094,4056),(4095,4045,4057),(4084,4045,
4095),(4001,4005,4017),(4005,4007,4097),(4097,4017,4005),(4006,4098,4007),
(4099,4006,4008),(4099,4098,4006),(4100,4097,4007),(4100,4007,4098),(4008,
4009,4101),(4099,4008,4101),(4009,4010,4102),(4101,4009,4102),(4011,4103,
4010),(4103,4102,4010),(4104,4011,4012),(4104,4103,4011),(4013,4105,4012),
(4012,4105,4104),(4106,4013,4014),(4106,4105,4013),(4015,4107,4014),(4106,
4014,4107),(4016,4108,4015),(4107,4015,4108),(4004,4109,4016),(4109,4108,
4016),(4083,4109,4004),(4017,4110,4018),(4110,4017,4097),(4018,4111,4019),
(4110,4111,4018),(4112,4020,4019),(4111,4112,4019),(4113,4021,4020),(4113,
4020,4112),(4114,4022,4021),(4113,4114,4021),(4023,4022,4115),(4114,4115,
4022),(4023,4116,4024),(4023,4115,4116),(4117,4025,4024),(4117,4024,4116),
(4025,4118,4026),(4118,4025,4117),(4027,4026,4119),(4119,4026,4118),(4120,
4028,4027),(4120,4027,4119),(2938,2937,4028),(2938,4028,4120),(4097,4121,
4110),(4121,4097,4100),(4122,4111,4110),(4121,4122,4110),(4082,4081,4086),
(4112,4111,4123),(4111,4122,4123),(4081,4124,4086),(4080,4124,4081),(4124,
4087,4086),(4125,4098,4099),(4126,4100,4098),(4126,4098,4125),(4127,4099,
4101),(4127,4125,4099),(4126,4121,4100),(4112,4128,4113),(4128,4112,4123),
(4079,4129,4080),(4124,4080,4129),(4087,4130,4088),(4124,4130,4087),(4102,
4131,4101),(4127,4101,4131),(4132,4114,4113),(4132,4113,4128),(4079,4078,
4133),(4129,4079,4133),(4088,4134,4089),(4134,4088,4130),(4103,4135,4102),
(4131,4102,4135),(4114,4136,4115),(4114,4132,4136),(4137,4122,4121),(4137,
4121,4126),(4138,4123,4122),(4137,4138,4122),(4078,4077,4139),(4078,4139,
4133),(4089,4140,4090),(4134,4140,4089),(4141,4103,4104),(4103,4141,4135),
(4142,4116,4115),(4115,4136,4142),(4143,4077,4076),(4077,4143,4139),(4090,
4144,4091),(4140,4144,4090),(4105,4145,4104),(4145,4141,4104),(4116,4146,
4117),(4142,4146,4116),(4129,4130,4124),(4147,4126,4125),(4147,4137,4126),
(4148,4125,4127),(4148,4147,4125),(4123,4149,4128),(4138,4149,4123),(4076,
4075,4150),(4150,4143,4076),(4092,4091,4151),(4144,4151,4091),(4106,4152,
4105),(4145,4105,4152),(4118,4117,4153),(4146,4153,4117),(4075,4074,4154),
(4154,4150,4075),(4092,4155,4093),(4151,4155,4092),(4107,4156,4106),(4152,
4106,4156),(4118,4157,4119),(4157,4118,4153),(4137,4147,4158),(4158,4138,
4137),(4073,4159,4074),(4074,4159,4154),(4160,4096,4093),(4155,4160,4093),
(4161,4107,4108),(4161,4156,4107),(4162,4120,4119),(4119,4157,4162),(4073,
4072,4163),(4159,4073,4163),(4095,4094,4164),(4094,4096,4165),(4164,4094,
4165),(4084,4095,4166),(4095,4164,4166),(4165,4096,4160),(4109,4167,4108),
(4161,4108,4167),(2943,2938,4120),(4120,4162,2943),(4130,4129,4168),(4168,
4129,4133),(4134,4130,4168),(4127,4131,4169),(4148,4127,4169),(4128,4170,
4132),(4170,4128,4149),(4171,4072,4071),(4163,4072,4171),(4109,4083,4172),
(4109,4172,4167),(4071,2940,4173),(4173,4171,4071),(4174,4083,4085),(4083,
4174,4172),(2940,2939,4173),(4085,4084,4175),(4166,4175,4084),(4085,4175,
4174),(4133,4139,4176),(4133,4176,4168),(4134,4177,4140),(4168,4177,4134),
(4135,4178,4131),(4178,4169,4131),(4179,4136,4132),(4179,4132,4170),(4148,
4180,4147),(4147,4180,4158),(4138,4181,4149),(4158,4181,4138),(4182,4139,
4143),(4176,4139,4182),(4144,4140,4183),(4177,4183,4140),(4141,4184,4135),
(4178,4135,4184),(4185,4142,4136),(4185,4136,4179),(4176,4177,4168),(4148,
4169,4186),(4148,4186,4180),(4187,4170,4149),(4187,4149,4181),(4150,4188,
4143),(4188,4182,4143),(4189,4151,4144),(4189,4144,4183),(4145,4190,4141),
(4190,4184,4141),(4191,4146,4142),(4185,4191,4142),(4158,4180,4192),(4192,
4181,4158),(4150,4154,4193),(4150,4193,4188),(4155,4151,4194),(4189,4194,
4151),(4152,4195,4145),(4195,4190,4145),(4196,4153,4146),(4146,4191,4196),
(4176,4197,4177),(4176,4182,4197),(4177,4197,4183),(4198,4169,4178),(4169,
4198,4186),(4179,4170,4199),(4170,4187,4199),(4154,4159,4200),(4200,4193,
4154),(4201,4160,4155),(4194,4201,4155),(4202,4152,4156),(4202,4195,4152),
(4203,4157,4153),(4196,4203,4153),(4204,4159,4163),(4159,4204,4200),(4160,
4205,4165),(4201,4205,4160),(4206,4156,4161),(4206,4202,4156),(4157,4207,
4162),(4157,4203,4207),(4208,4163,4171),(4163,4208,4204),(4164,4165,4209),
(4205,4209,4165),(4164,4210,4166),(4209,4210,4164),(4167,4211,4161),(4211,
4206,4161),(4212,4180,4186),(4212,4192,4180),(4213,4187,4181),(4213,4181,
4192),(2943,4162,2944),(2944,4162,4207),(4214,4182,4188),(4197,4182,4214),
(4189,4183,4215),(4215,4183,4197),(4178,4184,4216),(4216,4198,4178),(4217,
4185,4179),(4199,4217,4179),(4171,4173,4218),(4171,4218,4208),(4175,4166,
4219),(4210,4219,4166),(4172,4220,4167),(4220,4211,4167),(4221,4173,2939),
(4173,4221,4218),(4174,4222,4172),(4220,4172,4222),(2939,2941,4221),(4175,
4223,4174),(4219,4223,4175),(4223,4222,4174),(4188,4193,4224),(4188,4224,
4214),(4189,4225,4194),(4215,4225,4189),(4190,4226,4184),(4226,4216,4184),
(4227,4191,4185),(4227,4185,4217),(4215,4197,4214),(4198,4228,4186),(4228,
4212,4186),(4229,4199,4187),(4213,4229,4187),(4230,4192,4212),(4230,4213,
4192),(4200,4231,4193),(4231,4224,4193),(4201,4194,4232),(4225,4232,4194),
(4233,4190,4195),(4233,4226,4190),(4196,4191,4234),(4227,4234,4191),(4200,
4204,4235),(4235,4231,4200),(4205,4201,4236),(4236,4201,4232),(4202,4237,
4195),(4233,4195,4237),(4238,4203,4196),(4196,4234,4238),(4214,4239,4215),
(4214,4224,4239),(4225,4215,4239),(4216,4240,4198),(4240,4228,4198),(4241,
4217,4199),(4241,4199,4229),(4204,4208,4242),(4204,4242,4235),(4209,4205,
4243),(4243,4205,4236),(4206,4244,4202),(4237,4202,4244),(4245,4207,4203),
(4245,4203,4238),(4228,4246,4212),(4212,4246,4230),(4247,4229,4213),(4247,
4213,4230),(4208,4218,4248),(4208,4248,4242),(4210,4209,4249),(4243,4249,
4209),(4206,4211,4250),(4206,4250,4244),(4207,2946,2944),(4245,2946,4207),
(4231,4251,4224),(4239,4224,4251),(4225,4252,4232),(4225,4239,4252),(4226,
4253,4216),(4240,4216,4253),(4254,4227,4217),(4241,4254,4217),(4218,4221,
4255),(4218,4255,4248),(4210,4256,4219),(4249,4256,4210),(4257,4211,4220),
(4257,4250,4211),(4258,4221,2941),(4255,4221,4258),(4259,4223,4219),(4219,
4256,4259),(4220,4222,4257),(2942,4258,2941),(4223,4260,4222),(4259,4260,
4223),(4261,4257,4222),(4222,4260,4261),(4235,4262,4231),(4251,4231,4262),
(4232,4263,4236),(4252,4263,4232),(4264,4226,4233),(4253,4226,4264),(4227,
4265,4234),(4254,4265,4227),(4239,4251,4252),(4266,4228,4240),(4246,4228,
4266),(4267,4241,4229),(4247,4267,4229),(4268,4230,4246),(4247,4230,4268),
(4242,4269,4235),(4235,4269,4262),(4270,4243,4236),(4263,4270,4236),(4237,
4271,4233),(4233,4271,4264),(4234,4272,4238),(4272,4234,4265),(4251,4273,
4252),(4251,4262,4273),(4273,4263,4252),(4240,4253,4274),(4240,4274,4266),
(4275,4254,4241),(4241,4267,4275),(4248,4276,4242),(4242,4276,4269),(4243,
4277,4249),(4277,4243,4270),(4244,4278,4237),(4278,4271,4237),(4279,4245,
4238),(4272,4279,4238),(4246,4266,4280),(4246,4280,4268),(4281,4267,4247),
(4281,4247,4268),(4248,4255,4282),(4282,4276,4248),(4283,4256,4249),(4283,
4249,4277),(4244,4250,4284),(4244,4284,4278),(4245,2947,2946),(2947,4245,
4279),(4262,4269,4285),(4262,4285,4273),(4263,4286,4270),(4286,4263,4273),
(4264,4287,4253),(4287,4274,4253),(4288,4265,4254),(4288,4254,4275),(4258,
4289,4255),(4255,4289,4282),(4256,4290,4259),(4256,4283,4290),(4257,4291,
4250),(4291,4284,4250),(4292,4258,2942),(4258,4292,4289),(4259,4293,4260),
(4293,4259,4290),(4261,4294,4257),(4291,4257,4294),(4292,2942,2945),(4295,
4261,4260),(4293,4295,4260),(4261,4295,4294),(4269,4276,4296),(4269,4296,
4285),(4270,4297,4277),(4286,4297,4270),(4264,4271,4298),(4298,4287,4264),
(4299,4272,4265),(4288,4299,4265),(4273,4285,4286),(4266,4274,4300),(4300,
4280,4266),(4301,4275,4267),(4281,4301,4267),(4280,4302,4268),(4302,4281,
4268),(4282,4303,4276),(4276,4303,4296),(4283,4277,4304),(4277,4297,4304),
(4305,4271,4278),(4298,4271,4305),(4272,4306,4279),(4306,4272,4299),(4286,
4285,4307),(4285,4296,4307),(4286,4307,4297),(4287,4308,4274),(4308,4300,
4274),(4309,4288,4275),(4275,4301,4309),(4310,4282,4289),(4303,4282,4310),
(4311,4290,4283),(4304,4311,4283),(4284,4312,4278),(4312,4305,4278),(4279,
2950,2947),(4306,2950,4279),(4313,4280,4300),(4313,4302,4280),(4314,4301,
4281),(4314,4281,4302),(4289,4292,4315),(4289,4315,4310),(4290,4316,4293),
(4311,4316,4290),(4317,4284,4291),(4317,4312,4284),(4303,4318,4296),(4307,
4296,4318),(4319,4304,4297),(4307,4319,4297),(4320,4287,4298),(4320,4308,
4287),(4321,4299,4288),(4288,4309,4321),(4292,2945,4322),(4292,4322,4315),
(4323,4295,4293),(4316,4323,4293),(4291,4294,4317),(2945,2948,4322),(4294,
4295,4324),(4323,4324,4295),(4325,4317,4294),(4294,4324,4325),(4303,4310,
4326),(4303,4326,4318),(4311,4304,4327),(4327,4304,4319),(4328,4298,4305),
(4328,4320,4298),(4329,4306,4299),(4321,4329,4299),(4318,4319,4307),(4308,
4330,4300),(4330,4313,4300),(4301,4331,4309),(4331,4301,4314),(4332,4302,
4313),(4332,4314,4302),(4315,4333,4310),(4310,4333,4326),(4311,4334,4316),
(4311,4327,4334),(4312,4335,4305),(4335,4328,4305),(2951,2950,4306),(4329,
2951,4306),(4318,4336,4319),(4318,4326,4336),(4327,4319,4336),(4337,4308,
4320),(4330,4308,4337),(4338,4321,4309),(4331,4338,4309),(4322,4339,4315),
(4339,4333,4315),(4323,4316,4340),(4316,4334,4340),(4317,4341,4312),(4341,
4335,4312),(2948,4342,4322),(4322,4342,4339),(4343,4324,4323),(4340,4343,
4323),(4317,4325,4341),(4344,4313,4330),(4344,4332,4313),(4345,4331,4314),
(4332,4345,4314),(4342,2948,2949),(4346,4325,4324),(4324,4343,4346),(4347,
4341,4325),(4347,4325,4346),(4326,4333,4348),(4326,4348,4336),(4327,4349,
4334),(4336,4349,4327),(4350,4320,4328),(4320,4350,4337),(4351,4329,4321),
(4338,4351,4321),(4333,4339,4352),(4348,4333,4352),(4334,4353,4340),(4353,
4334,4349),(4335,4354,4328),(4354,4350,4328),(2955,2951,4329),(4329,4351,
2955),(4336,4348,4349),(4337,4355,4330),(4330,4355,4344),(4331,4356,4338),
(4356,4331,4345),(4332,4344,4357),(4357,4345,4332),(4358,4339,4342),(4339,
4358,4352),(4359,4343,4340),(4353,4359,4340),(4360,4335,4341),(4360,4354,
4335),(2949,4361,4342),(4342,4361,4358),(4362,4346,4343),(4359,4362,4343),
(4347,4363,4341),(4360,4341,4363),(4348,4364,4349),(4352,4364,4348),(4349,
4364,4353),(4337,4350,4365),(4337,4365,4355),(4338,4366,4351),(4356,4366,
4338),(4361,2949,2952),(4367,4347,4346),(4367,4346,4362),(4347,4367,4363),
(4344,4355,4368),(4344,4368,4357),(4369,4356,4345),(4345,4357,4369),(4358,
4370,4352),(4352,4370,4364),(4371,4359,4353),(4371,4353,4364),(4354,4372,
4350),(4372,4365,4350),(2956,2955,4351),(4366,2956,4351),(4358,4361,4373),
(4370,4358,4373),(4362,4359,4374),(4371,4374,4359),(4360,4375,4354),(4372,
4354,4375),(4371,4364,4370),(4355,4365,4376),(4376,4368,4355),(4377,4366,
4356),(4377,4356,4369),(4368,4378,4357),(4378,4369,4357),(4379,4361,2952),
(4379,4373,4361),(4362,4380,4367),(4362,4374,4380),(4360,4363,4375),(2952,
2953,4379),(4363,4367,4381),(4380,4381,4367),(4382,4375,4363),(4381,4382,
4363),(4370,4383,4371),(4370,4373,4383),(4374,4371,4383),(4365,4372,4384),
(4384,4376,4365),(4366,2957,2956),(2957,4366,4377),(4368,4376,4385),(4368,
4385,4378),(4386,4377,4369),(4386,4369,4378),(4373,4379,4387),(4383,4373,
4387),(4388,4380,4374),(4374,4383,4388),(4389,4372,4375),(4389,4384,4372),
(2953,4390,4379),(4379,4390,4387),(4391,4381,4380),(4391,4380,4388),(4382,
4392,4375),(4389,4375,4392),(4383,4387,4388),(4384,4393,4376),(4385,4376,
4393),(2961,2957,4377),(4386,2961,4377),(4390,2953,2954),(4394,4382,4381),
(4394,4381,4391),(4382,4394,4392),(4395,4378,4385),(4378,4395,4386),(4387,
4396,4388),(4387,4390,4396),(4396,4391,4388),(4397,4384,4389),(4393,4384,
4397),(4393,4398,4385),(4398,4395,4385),(2960,2961,4386),(4386,4395,2960),
(4399,4390,2954),(4390,4399,4396),(4400,4394,4391),(4391,4396,4400),(4389,
4392,4397),(2954,2958,4399),(4401,4392,4394),(4400,4401,4394),(4402,4397,
4392),(4401,4402,4392),(4399,4400,4396),(4403,4393,4397),(4403,4398,4393),
(4395,4398,2964),(4395,2964,2960),(4400,4399,4404),(4404,4399,2958),(4404,
4401,4400),(4402,4405,4397),(4403,4397,4405),(4404,2958,2959),(4402,4401,
4406),(4406,4401,4404),(4406,4405,4402),(2965,4398,4403),(4398,2965,2964),
(4404,2959,4406),(4403,4405,2965),(2959,2962,4406),(4405,4406,2962),(2963,
2965,4405),(4405,2962,2963),(3517,4407,2966),(2969,2966,4407),(4408,3517,
3516),(4408,4407,3517),(4409,3516,3518),(4408,3516,4409),(4410,3518,3519),
(4409,3518,4410),(4411,3519,3520),(4410,3519,4411),(3520,3521,4412),(4411,
3520,4412),(4413,3521,3522),(4412,3521,4413),(4414,3522,3523),(4413,3522,
4414),(4415,3523,3524),(4414,3523,4415),(4416,3524,3525),(4415,3524,4416),
(4417,3525,3526),(4416,3525,4417),(4418,3526,3527),(4417,3526,4418),(3528,
3532,3527),(4418,3527,3532),(3529,4419,3531),(3529,4029,4420),(4420,4419,
3529),(3533,4418,3532),(3533,3534,4421),(3533,4421,4418),(3535,4422,3534),
(4421,3534,4422),(3536,4423,3535),(4423,4422,3535),(4424,3536,3537),(3536,
4424,4423),(3538,4425,3537),(4425,4424,3537),(4426,3538,3539),(4426,4425,
3538),(3540,4427,3539),(3539,4427,4426),(3541,4428,3540),(4427,3540,4428),
(3542,4429,3541),(4429,4428,3541),(3530,4430,3542),(4429,3542,4430),(3531,
4431,3530),(4431,4430,3530),(4419,4431,3531),(4030,4432,4029),(4432,4420,
4029),(4031,3543,4433),(3543,3545,4433),(4031,4434,4032),(4433,4434,4031),
(4033,4032,4435),(4032,4434,4435),(4034,4033,4436),(4435,4436,4033),(4034,
4437,4035),(4436,4437,4034),(4438,4036,4035),(4438,4035,4437),(4036,4439,
4037),(4438,4439,4036),(4440,4038,4037),(4440,4037,4439),(4441,4039,4038),
(4440,4441,4038),(4442,4040,4039),(4442,4039,4441),(4040,4443,4041),(4442,
4443,4040),(4444,4042,4041),(4443,4444,4041),(4042,4445,4030),(4042,4444,
4445),(4445,4432,4030),(4446,3545,3544),(4446,4433,3545),(3544,3546,4447),
(3544,4447,4446),(3546,3547,4448),(4448,4447,3546),(3547,3548,4449),(4449,
4448,3547),(3549,4450,3548),(4450,4449,3548),(3550,4451,3549),(3549,4451,
4450),(3551,4452,3550),(3550,4452,4451),(3552,4453,3551),(3551,4453,4452),
(3553,4454,3552),(4453,3552,4454),(4455,3553,3554),(3553,4455,4454),(3555,
4456,3554),(4456,4455,3554),(2968,2970,3555),(4456,3555,2970),(4433,4457,
4434),(4433,4446,4457),(4434,4458,4435),(4434,4457,4458),(4446,4447,4459),
(4446,4459,4457),(4421,4417,4418),(4436,4435,4460),(4458,4460,4435),(4448,
4461,4447),(4447,4461,4459),(4462,4417,4421),(4417,4462,4416),(4421,4422,
4462),(4463,4437,4436),(4460,4463,4436),(4449,4464,4448),(4448,4464,4461),
(4465,4458,4457),(4459,4465,4457),(4415,4416,4466),(4466,4416,4462),(4423,
4467,4422),(4467,4462,4422),(4438,4437,4468),(4463,4468,4437),(4450,4469,
4449),(4449,4469,4464),(4414,4415,4470),(4466,4470,4415),(4424,4471,4423),
(4471,4467,4423),(4438,4472,4439),(4468,4472,4438),(4451,4473,4450),(4450,
4473,4469),(4458,4474,4460),(4465,4474,4458),(4461,4475,4459),(4459,4475,
4465),(4476,4413,4414),(4476,4414,4470),(4425,4477,4424),(4477,4471,4424),
(4478,4440,4439),(4472,4478,4439),(4452,4479,4451),(4473,4451,4479),(4480,
4412,4413),(4480,4413,4476),(4481,4425,4426),(4481,4477,4425),(4440,4482,
4441),(4478,4482,4440),(4453,4483,4452),(4452,4483,4479),(4466,4462,4467),
(4460,4484,4463),(4484,4460,4474),(4464,4485,4461),(4475,4461,4485),(4412,
4486,4411),(4480,4486,4412),(4427,4487,4426),(4481,4426,4487),(4441,4488,
4442),(4482,4488,4441),(4489,4453,4454),(4453,4489,4483),(4410,4411,4490),
(4486,4490,4411),(4491,4427,4428),(4491,4487,4427),(4443,4442,4492),(4488,
4492,4442),(4454,4455,4493),(4454,4493,4489),(4494,4474,4465),(4475,4494,
4465),(4409,4410,4495),(4410,4490,4495),(4429,4496,4428),(4496,4491,4428),
(4443,4497,4444),(4492,4497,4443),(4455,4456,4498),(4455,4498,4493),(4408,
4409,4499),(4495,4499,4409),(4430,4500,4429),(4429,4500,4496),(4444,4501,
4445),(4501,4444,4497),(2970,2973,4456),(2973,4498,4456),(4467,4502,4466),
(4502,4470,4466),(4467,4471,4502),(4463,4503,4468),(4484,4503,4463),(4469,
4504,4464),(4464,4504,4485),(4407,4408,4505),(4499,4505,4408),(4431,4506,
4430),(4506,4500,4430),(4445,4507,4432),(4501,4507,4445),(4407,4508,2969),
(4508,4407,4505),(4419,4509,4431),(4509,4506,4431),(4432,4507,4420),(2972,
2969,4508),(4420,4510,4419),(4510,4509,4419),(4507,4511,4420),(4511,4510,
4420),(4512,4476,4470),(4512,4470,4502),(4477,4513,4471),(4513,4502,4471),
(4468,4514,4472),(4468,4503,4514),(4473,4515,4469),(4515,4504,4469),(4484,
4474,4516),(4494,4516,4474),(4475,4485,4517),(4475,4517,4494),(4480,4476,
4518),(4476,4512,4518),(4477,4481,4519),(4513,4477,4519),(4472,4520,4478),
(4514,4520,4472),(4479,4521,4473),(4473,4521,4515),(4513,4512,4502),(4484,
4522,4503),(4522,4484,4516),(4504,4523,4485),(4485,4523,4517),(4524,4486,
4480),(4518,4524,4480),(4481,4487,4525),(4525,4519,4481),(4478,4526,4482),
(4520,4526,4478),(4483,4527,4479),(4479,4527,4521),(4494,4528,4516),(4517,
4528,4494),(4490,4486,4529),(4529,4486,4524),(4491,4530,4487),(4530,4525,
4487),(4482,4531,4488),(4526,4531,4482),(4483,4489,4532),(4483,4532,4527),
(4533,4512,4513),(4533,4518,4512),(4519,4533,4513),(4503,4534,4514),(4522,
4534,4503),(4515,4535,4504),(4504,4535,4523),(4536,4495,4490),(4536,4490,
4529),(4537,4491,4496),(4530,4491,4537),(4488,4538,4492),(4531,4538,4488),
(4493,4539,4489),(4489,4539,4532),(4540,4499,4495),(4540,4495,4536),(4541,
4496,4500),(4537,4496,4541),(4492,4542,4497),(4538,4542,4492),(4498,4543,
4493),(4543,4539,4493),(4544,4505,4499),(4544,4499,4540),(4506,4545,4500),
(4545,4541,4500),(4546,4501,4497),(4542,4546,4497),(2973,2974,4498),(4498,
2974,4543),(4547,4522,4516),(4528,4547,4516),(4523,4548,4517),(4517,4548,
4528),(4549,4524,4518),(4549,4518,4533),(4519,4525,4550),(4550,4533,4519),
(4551,4520,4514),(4534,4551,4514),(4521,4552,4515),(4515,4552,4535),(4553,
4508,4505),(4553,4505,4544),(4554,4506,4509),(4506,4554,4545),(4501,4555,
4507),(4546,4555,4501),(4556,2972,4508),(4556,4508,4553),(4510,4557,4509),
(4557,4554,4509),(4507,4555,4511),(2971,2972,4556),(4558,4510,4511),(4557,
4510,4558),(4559,4511,4555),(4559,4558,4511),(4560,4529,4524),(4560,4524,
4549),(4530,4561,4525),(4561,4550,4525),(4520,4562,4526),(4520,4551,4562),
(4527,4563,4521),(4521,4563,4552),(4550,4549,4533),(4564,4534,4522),(4564,
4522,4547),(4535,4565,4523),(4523,4565,4548),(4528,4566,4547),(4548,4566,
4528),(4567,4536,4529),(4567,4529,4560),(4537,4568,4530),(4568,4561,4530),
(4526,4569,4531),(4562,4569,4526),(4532,4570,4527),(4527,4570,4563),(4540,
4536,4571),(4571,4536,4567),(4537,4541,4572),(4572,4568,4537),(4531,4573,
4538),(4569,4573,4531),(4539,4574,4532),(4532,4574,4570),(4575,4549,4550),
(4575,4560,4549),(4575,4550,4561),(4551,4534,4576),(4564,4576,4534),(4552,
4577,4535),(4535,4577,4565),(4540,4578,4544),(4571,4578,4540),(4579,4541,
4545),(4579,4572,4541),(4538,4580,4542),(4573,4580,4538),(4543,4581,4539),
(4574,4539,4581),(4547,4582,4564),(4566,4582,4547),(4565,4583,4548),(4548,
4583,4566),(4584,4553,4544),(4584,4544,4578),(4554,4585,4545),(4545,4585,
4579),(4542,4586,4546),(4542,4580,4586),(2974,2976,4543),(4543,2976,4581),
(4587,4567,4560),(4575,4587,4560),(4568,4588,4561),(4588,4575,4561),(4551,
4589,4562),(4576,4589,4551),(4563,4590,4552),(4552,4590,4577),(4591,4556,
4553),(4591,4553,4584),(4557,4592,4554),(4592,4585,4554),(4546,4593,4555),
(4586,4593,4546),(4594,2971,4556),(4591,4594,4556),(4595,4557,4558),(4595,
4592,4557),(4559,4555,4596),(4596,4555,4593),(2975,2971,4594),(4559,4597,
4558),(4558,4597,4595),(4596,4597,4559),(4567,4598,4571),(4598,4567,4587),
(4568,4572,4599),(4599,4588,4568),(4600,4569,4562),(4600,4562,4589),(4563,
4570,4601),(4563,4601,4590),(4575,4588,4587),(4564,4602,4576),(4564,4582,
4602),(4577,4603,4565),(4565,4603,4583),(4566,4604,4582),(4583,4604,4566),
(4605,4578,4571),(4598,4605,4571),(4579,4606,4572),(4606,4599,4572),(4607,
4573,4569),(4600,4607,4569),(4570,4574,4608),(4570,4608,4601),(4609,4587,
4588),(4609,4598,4587),(4599,4609,4588),(4589,4576,4610),(4602,4610,4576),
(4611,4577,4590),(4577,4611,4603),(4612,4584,4578),(4612,4578,4605),(4613,
4579,4585),(4613,4606,4579),(4573,4614,4580),(4607,4614,4573),(4581,4615,
4574),(4574,4615,4608),(4582,4616,4602),(4604,4616,4582),(4603,4617,4583),
(4583,4617,4604),(4618,4591,4584),(4584,4612,4618),(4592,4619,4585),(4619,
4613,4585),(4580,4620,4586),(4614,4620,4580),(2976,2979,4581),(4581,2979,
4615),(4621,4605,4598),(4621,4598,4609),(4606,4622,4599),(4599,4622,4609),
(4589,4623,4600),(4610,4623,4589),(4601,4624,4590),(4624,4611,4590),(4594,
4591,4625),(4625,4591,4618),(4595,4626,4592),(4626,4619,4592),(4586,4627,
4593),(4620,4627,4586),(4628,2975,4594),(4628,4594,4625),(4597,4629,4595),
(4629,4626,4595),(4596,4593,4627),(2977,2975,4628),(4596,4630,4597),(4630,
4629,4597),(4627,4631,4596),(4631,4630,4596),(4632,4612,4605),(4632,4605,
4621),(4606,4613,4633),(4606,4633,4622),(4600,4634,4607),(4623,4634,4600),
(4608,4635,4601),(4601,4635,4624),(4622,4621,4609),(4602,4636,4610),(4602,
4616,4636),(4611,4637,4603),(4603,4637,4617),(4604,4638,4616),(4617,4638,
4604),(4639,4618,4612),(4639,4612,4632),(4619,4640,4613),(4640,4633,4613),
(4607,4641,4614),(4634,4641,4607),(4615,4642,4608),(4608,4642,4635),(4643,
4621,4622),(4643,4632,4621),(4633,4643,4622),(4644,4623,4610),(4636,4644,
4610),(4624,4645,4611),(4611,4645,4637),(4646,4625,4618),(4646,4618,4639),
(4626,4647,4619),(4647,4640,4619),(4614,4648,4620),(4641,4648,4614),(2979,
2981,4615),(4615,2981,4642),(4616,4649,4636),(4638,4649,4616),(4637,4650,
4617),(4617,4650,4638),(4628,4625,4651),(4651,4625,4646),(4629,4652,4626),
(4652,4647,4626),(4620,4653,4627),(4648,4653,4620),(4654,4639,4632),(4654,
4632,4643),(4640,4655,4633),(4655,4643,4633),(4623,4656,4634),(4644,4656,
4623),(4624,4635,4657),(4624,4657,4645),(4658,2977,4628),(4628,4651,4658),
(4630,4659,4629),(4659,4652,4629),(4660,4631,4627),(4660,4627,4653),(2978,
2977,4658),(4631,4661,4630),(4661,4659,4630),(4660,4661,4631),(4662,4646,
4639),(4662,4639,4654),(4663,4640,4647),(4663,4655,4640),(4641,4634,4664),
(4656,4664,4634),(4635,4642,4665),(4665,4657,4635),(4643,4655,4654),(4636,
4666,4644),(4649,4666,4636),(4645,4667,4637),(4637,4667,4650),(4668,4649,
4638),(4650,4668,4638),(4669,4651,4646),(4669,4646,4662),(4647,4652,4670),
(4670,4663,4647),(4641,4671,4648),(4664,4671,4641),(4642,2981,2982),(2982,
4665,4642),(4672,4654,4655),(4672,4662,4654),(4655,4663,4672),(4644,4673,
4656),(4673,4644,4666),(4657,4674,4645),(4645,4674,4667),(4675,4658,4651),
(4675,4651,4669),(4676,4652,4659),(4676,4670,4652),(4648,4677,4653),(4671,
4677,4648),(4678,2978,4658),(4678,4658,4675),(4679,4659,4661),(4679,4676,
4659),(4660,4653,4677),(4649,4680,4666),(4668,4680,4649),(4667,4681,4650),
(4650,4681,4668),(2980,2978,4678),(4660,4682,4661),(4682,4679,4661),(4660,
4677,4683),(4683,4682,4660),(4662,4684,4669),(4662,4672,4684),(4670,4685,
4663),(4663,4685,4672),(4656,4686,4664),(4686,4656,4673),(4665,4687,4657),
(4657,4687,4674),(4688,4675,4669),(4688,4669,4684),(4676,4689,4670),(4670,
4689,4685),(4664,4690,4671),(4686,4690,4664),(2982,2985,4665),(4665,2985,
4687),(4685,4684,4672),(4666,4691,4673),(4680,4691,4666),(4674,4692,4667),
(4667,4692,4681),(4668,4693,4680),(4668,4681,4693),(4694,4678,4675),(4675,
4688,4694),(4679,4695,4676),(4676,4695,4689),(4671,4696,4677),(4690,4696,
4671),(2980,4678,4697),(4697,4678,4694),(4698,4679,4682),(4679,4698,4695),
(4683,4677,4699),(4699,4677,4696),(4700,4684,4685),(4684,4700,4688),(4689,
4700,4685),(4701,4686,4673),(4691,4701,4673),(4687,4702,4674),(4674,4702,
4692),(2980,4697,2983),(4682,4683,4703),(4703,4698,4682),(4699,4703,4683),
(4704,4691,4680),(4693,4704,4680),(4692,4705,4681),(4705,4693,4681),(4706,
4694,4688),(4688,4700,4706),(4707,4689,4695),(4700,4689,4707),(4686,4708,
4690),(4701,4708,4686),(2985,2987,4687),(4687,2987,4702),(4709,4697,4694),
(4709,4694,4706),(4698,4710,4695),(4710,4707,4695),(4690,4711,4696),(4708,
4711,4690),(4706,4700,4707),(4712,4701,4691),(4704,4712,4691),(4702,4713,
4692),(4713,4705,4692),(4693,4714,4704),(4705,4714,4693),(2983,4697,4715),
(4697,4709,4715),(4703,4716,4698),(4698,4716,4710),(4696,4717,4699),(4696,
4711,4717),(2984,2983,4715),(4699,4718,4703),(4718,4716,4703),(4717,4718,
4699),(4719,4706,4707),(4709,4706,4719),(4710,4719,4707),(4701,4720,4708),
(4712,4720,4701),(2987,2989,4702),(4702,2989,4713),(4704,4721,4712),(4714,
4721,4704),(4713,4722,4705),(4705,4722,4714),(4709,4723,4715),(4723,4709,
4719),(4716,4724,4710),(4724,4719,4710),(4708,4725,4711),(4720,4725,4708),
(4726,2984,4715),(4726,4715,4723),(4718,4727,4716),(4727,4724,4716),(4711,
4725,4717),(4724,4723,4719),(4712,4728,4720),(4721,4728,4712),(2989,2988,
4713),(4713,2988,4722),(2986,2984,4726),(4717,4729,4718),(4729,4727,4718),
(4725,4730,4717),(4730,4729,4717),(4714,4731,4721),(4722,4731,4714),(4732,
4723,4724),(4732,4726,4723),(4724,4727,4732),(4720,4733,4725),(4728,4733,
4720),(4721,4734,4728),(4731,4734,4721),(2988,2993,4722),(4722,2993,4731),
(4735,2986,4726),(4735,4726,4732),(4729,4736,4727),(4732,4727,4736),(4730,
4725,4733),(2990,2986,4735),(4730,4737,4729),(4737,4736,4729),(4733,4738,
4730),(4738,4737,4730),(4735,4732,4736),(4739,4733,4728),(4734,4739,4728),
(4731,2995,4734),(2993,2995,4731),(4736,4740,4735),(4740,2990,4735),(4740,
4736,4737),(4733,4741,4738),(4741,4733,4739),(2991,2990,4740),(4738,4742,
4737),(4742,4740,4737),(4741,4742,4738),(4734,2996,4739),(2995,2996,4734),
(4742,2991,4740),(4739,2996,4741),(2992,2991,4742),(4741,2992,4742),(4741,
2996,2994),(2994,2992,4741)),());
#28=COORDINATES_LIST('',3545,((-0.032,0.00305999994277954,0.00128699994087219),
(-0.032,0.00305999994277954,0.0069980001449585),(-0.032,0.0258859996795655,
0.00547300004959107),(-0.032,0.0258859996795655,0.0069980001449585),(-0.032,
0.0259069995880127,0.00532100009918213),(-0.032,0.0259699993133545,0.00517199993133545),
(-0.032,0.0260729999542237,0.00503000020980835),(-0.032,0.026212999343872,
0.00490000009536743),(-0.032,0.0263880004882813,0.00478299999237061),(-0.032,
0.0265919990539551,0.00468400001525879),(-0.032,0.0268209991455078,0.00460400009155274),
(-0.032,0.0270690002441406,0.00454500007629395),(-0.032,0.027329999923706,
0.00451000022888184),(-0.032,0.0275979995727539,0.0044980001449585),(-0.032,
0.0355870018005371,0.0044980001449585),(-0.032,0.0358549995422364,0.00451000022888184),
(-0.032,0.0361160011291504,0.00454500007629395),(-0.032,0.0363639984130859,
0.00460400009155274),(-0.032,0.0365929985046387,0.00468400001525879),(-0.032,
0.0367970008850097,0.00478299999237061),(-0.032,0.0369720001220703,0.00490000009536743),
(-0.032,0.0371119995117188,0.00503000020980835),(-0.032,0.0372150001525879,
0.00517199993133545),(-0.032,0.0372779998779297,0.00532100009918213),(-0.032,
0.0372989997863769,0.00547300004959107),(-0.032,0.0372989997863769,0.0069980001449585),
(-0.032,0.054939998626709,0.00128699994087219),(-0.032,0.054939998626709,
0.0069980001449585),(-0.0319899997711182,0.00285800004005432,0.00128699994087219),
(-0.0319899997711182,0.00285800004005432,0.0069980001449585),(-0.0319899997711182,
0.00305999994277954,0.00116100001335144),(-0.0319899997711182,0.054939998626709,
0.00116100001335144),(-0.0319899997711182,0.0551419982910156,0.00128699994087219),
(-0.0319899997711182,0.0551419982910156,0.0069980001449585),(-0.0319799995422364,
0.00285899996757508,0.00116100001335144),(-0.0319799995422364,0.055140998840332,
0.00116100001335144),(-0.0319599990844727,0.0026579999923706,0.00128699994087219),
(-0.0319599990844727,0.0026579999923706,0.0069980001449585),(-0.0319599990844727,
0.00305999994277954,0.00103600001335144),(-0.0319599990844727,0.054939998626709,
0.00103600001335144),(-0.0319599990844727,0.0553419990539551,0.00128699994087219),
(-0.0319599990844727,0.0553419990539551,0.0069980001449585),(-0.0319510002136231,
0.00266000008583069,0.00116100001335144),(-0.0319510002136231,0.00286199998855591,
0.00103600001335144),(-0.0319510002136231,0.0551380004882813,0.00103600001335144),
(-0.0319510002136231,0.0553400001525879,0.00116100001335144),(-0.0319220008850098,
0.00266599988937378,0.00103600001335144),(-0.0319220008850098,0.0553339996337891,
0.00103600001335144),(-0.0319109992980957,0.00246199989318847,0.00128699994087219),
(-0.0319109992980957,0.00246199989318847,0.0069980001449585),(-0.0319109992980957,
0.00305999994277954,0.000913999974727631),(-0.0319109992980957,0.054939998626709,
0.000913999974727631),(-0.0319109992980957,0.0555379981994629,0.00128699994087219),
(-0.0319109992980957,0.0555379981994629,0.0069980001449585),(-0.0319020004272461,
0.00246499991416931,0.00116100001335144),(-0.0319020004272461,0.00286700010299682,
0.000913999974727631),(-0.0319020004272461,0.055132999420166,0.000913999974727631),
(-0.0319020004272461,0.0555349998474121,0.00116100001335144),(-0.0318729991912842,
0.00247300004959107,0.00103600001335144),(-0.0318729991912842,0.00267499995231629,
0.000913999974727631),(-0.0318729991912842,0.0553250007629395,0.000913999974727631),
(-0.0318729991912842,0.0555270004272461,0.00103600001335144),(-0.0318430004119873,
0.00227200007438659,0.00128699994087219),(-0.0318430004119873,0.00227200007438659,
0.0069980001449585),(-0.0318430004119873,0.00305999994277954,0.000795000016689301),
(-0.0318430004119873,0.054939998626709,0.000795000016689301),(-0.0318430004119873,
0.0557280006408691,0.0069980001449585),(-0.0318430004119873,0.0557280006408692,
0.00128699994087219),(-0.0318339996337891,0.00227500009536743,0.00116100001335144),
(-0.0318339996337891,0.00287299990653991,0.000795000016689301),(-0.0318339996337891,
0.0551269989013672,0.000795000016689301),(-0.0318339996337891,0.0557249984741211,
0.00116100001335144),(-0.031826000213623,0.00248799991607666,0.000913999974727631),
(-0.031826000213623,0.0555120010375977,0.000913999974727631),(-0.031806999206543,
0.0022869999408722,0.00103600001335144),(-0.031806999206543,0.00268899989128113,
0.000795000016689301),(-0.031806999206543,0.0553110008239746,0.000795000016689301),
(-0.031806999206543,0.0557130012512207,0.00103600001335144),(-0.0317609996795655,
0.0023050000667572,0.000913999974727631),(-0.0317609996795655,0.00250699996948242,
0.000795000016689301),(-0.0317609996795655,0.0554930000305176,0.000795000016689301),
(-0.0317609996795655,0.0556949996948242,0.000913999974727631),(-0.0317569999694824,
0.00208899998664856,0.00128699994087219),(-0.0317569999694824,0.00208899998664856,
0.0069980001449585),(-0.0317569999694824,0.00305999994277954,0.000680999994277954),
(-0.0317569999694824,0.054939998626709,0.000680999994277954),(-0.0317569999694824,
0.0559109992980957,0.00128699994087219),(-0.0317569999694824,0.0559109992980957,
0.0069980001449585),(-0.0317479991912842,0.00209299993515015,0.00116100001335144),
(-0.0317479991912842,0.00288199996948242,0.000680999994277954),(-0.0317479991912842,
0.0551180000305176,0.000680999994277954),(-0.0317479991912842,0.0559070014953613,
0.00116100001335144),(-0.0317220001220703,0.00210700011253357,0.00103600001335144),
(-0.0317220001220703,0.00270499992370605,0.000680999994277954),(-0.0317220001220703,
0.0552949981689453,0.000680999994277954),(-0.0317220001220703,0.0558930015563965,
0.00103600001335144),(-0.0316979999542237,0.00233200001716614,0.000795000016689301),
(-0.0316979999542237,0.0556679992675781,0.000795000016689301),(-0.0316790008544922,
0.00213100004196167,0.000913999974727631),(-0.0316790008544922,0.00253200006484986,
0.000680999994277954),(-0.0316790008544922,0.0554679985046387,0.000680999994277954),
(-0.0316790008544922,0.0558689994812012,0.000913999974727631),(-0.0316529998779297,
0.00191499996185303,0.00128699994087219),(-0.0316529998779297,0.00191499996185303,
0.0069980001449585),(-0.0316529998779297,0.00305999994277954,0.000572000026702881),
(-0.0316529998779297,0.054939998626709,0.000572000026702881),(-0.0316529998779297,
0.0560849990844727,0.00128699994087219),(-0.0316529998779297,0.0560849990844727,
0.0069980001449585),(-0.0316450004577637,0.0019210000038147,0.00116100001335144),
(-0.0316450004577637,0.00289199995994568,0.000572000026702881),(-0.0316450004577637,
0.0551080017089844,0.000572000026702881),(-0.0316450004577637,0.0560789985656738,
0.00116100001335144),(-0.0316200008392334,0.00193700003623962,0.00103600001335144),
(-0.0316200008392334,0.0027260000705719,0.000572000026702881),(-0.0316200008392334,
0.0552739982604981,0.000572000026702881),(-0.0316200008392334,0.0560629997253418,
0.00103600001335144),(-0.0316189994812012,0.00216300010681152,0.000795000016689301),
(-0.0316189994812012,0.00236500000953675,0.000680999994277954),(-0.0316189994812012,
0.0556349983215332,0.000680999994277954),(-0.0316189994812012,0.0558370018005371,
0.000795000016689301),(-0.0315790004730225,0.0019650000333786,0.000913999974727631),
(-0.0315790004730225,0.00256299996376037,0.000572000026702881),(-0.0315790004730225,
0.0554370002746582,0.000572000026702881),(-0.0315790004730225,0.0560349998474121,
0.000913999974727631),(-0.0315419998168945,0.00220300006866455,0.000680999994277954),
(-0.0315419998168945,0.0557970008850098,0.000680999994277954),(-0.0315319995880127,
0.00175300002098083,0.00128699994087219),(-0.0315319995880127,0.00175300002098083,
0.0069980001449585),(-0.0315319995880127,0.00305999994277954,0.000470999985933304),
(-0.0315319995880127,0.054939998626709,0.000470999985933304),(-0.0315319995880127,
0.0562470016479492,0.00128699994087219),(-0.0315319995880127,0.0562470016479492,
0.0069980001449585),(-0.0315249996185303,0.00175899994373321,0.00116100001335144),
(-0.0315249996185303,0.00290400004386902,0.000470999985933304),(-0.0315249996185303,
0.0550960006713867,0.000470999985933304),(-0.0315249996185303,0.0562410011291504,
0.00116100001335144),(-0.0315230007171631,0.00200300002098084,0.000795000016689301),
(-0.0315230007171631,0.00240400004386902,0.000572000026702881),(-0.0315230007171631,
0.0555960006713867,0.000572000026702881),(-0.0315230007171631,0.0559970016479492,
0.000795000016689301),(-0.0315020008087158,0.00177799999713898,0.00103600001335144),
(-0.0315020008087158,0.00274900007247925,0.000470999985933304),(-0.0315020008087158,
0.0552509994506836,0.000470999985933304),(-0.0315020008087158,0.0562220001220703,
0.00103600001335144),(-0.0314799995422364,0.0258859996795655,0.00547300004959107),
(-0.0314799995422364,0.0258859996795655,0.0069980001449585),(-0.0314799995422364,
0.0259069995880127,0.00532100009918213),(-0.0314799995422364,0.0259699993133545,
0.00517199993133545),(-0.0314799995422364,0.0260729999542237,0.00503000020980835),
(-0.0314799995422364,0.026212999343872,0.00490000009536743),(-0.0314799995422364,
0.0263880004882813,0.00478299999237061),(-0.0314799995422364,0.0265919990539551,
0.00468400001525879),(-0.0314799995422364,0.0268209991455078,0.00460400009155274),
(-0.0314799995422364,0.0270690002441406,0.00454500007629395),(-0.0314799995422364,
0.027329999923706,0.00451000022888184),(-0.0314799995422364,0.0275979995727539,
0.0044980001449585),(-0.0314799995422364,0.0355870018005371,0.0044980001449585),
(-0.0314799995422364,0.0358549995422364,0.00451000022888184),(-0.0314799995422364,
0.0361160011291504,0.00454500007629395),(-0.0314799995422364,0.0363639984130859,
0.00460400009155274),(-0.0314799995422364,0.0365929985046387,0.00468400001525879),
(-0.0314799995422364,0.0367970008850097,0.00478299999237061),(-0.0314799995422364,
0.0369720001220703,0.00490000009536743),(-0.0314799995422364,0.0371119995117188,
0.00503000020980835),(-0.0314799995422364,0.0372150001525879,0.00517199993133545),
(-0.0314799995422364,0.0372779998779297,0.00532100009918213),(-0.0314799995422364,
0.0372989997863769,0.00547300004959107),(-0.0314799995422364,0.0372989997863769,
0.0069980001449585),(-0.0314640007019043,0.00180900001525879,0.000913999974727631),
(-0.0314640007019043,0.00259800004959106,0.000470999985933304),(-0.0314640007019043,
0.0554020004272461,0.000470999985933304),(-0.0314640007019043,0.0561910018920898,
0.000913999974727631),(-0.031451000213623,0.00205100011825561,0.000680999994277954),
(-0.031451000213623,0.00225200009346009,0.000572000026702881),(-0.031451000213623,
0.0557480010986328,0.000572000026702881),(-0.031451000213623,0.0559490013122559,
0.000680999994277954),(-0.0314109992980957,0.0018530000448227,0.000795000016689301),
(-0.0314109992980957,0.00245000004768372,0.000470999985933304),(-0.0314109992980957,
0.0555499992370606,0.000470999985933304),(-0.0314109992980957,0.0561469993591309,
0.000795000016689301),(-0.0314039993286133,0.0273339996337891,0.00451000022888184),
(-0.0314039993286133,0.035851001739502,0.00451000022888184),(-0.0313969993591309,
0.0016030000448227,0.00128699994087219),(-0.0313969993591309,0.0016030000448227,
0.0069980001449585),(-0.0313969993591309,0.00305999994277954,0.000377000004053116),
(-0.0313969993591309,0.054939998626709,0.000377000004053116),(-0.0313969993591309,
0.0563969993591309,0.00128699994087219),(-0.0313969993591309,0.0563969993591309,
0.0069980001449585),(-0.0313899993896484,0.00161000001430512,0.00116100001335144),
(-0.0313899993896484,0.00291700005531311,0.000377000004053116),(-0.0313899993896484,
0.0550830001831055,0.000377000004053116),(-0.0313899993896484,0.0563899993896484,
0.00116100001335144),(-0.0313689994812011,0.00163100004196167,0.00103600001335144),
(-0.0313689994812011,0.00277600002288819,0.000377000004053116),(-0.0313689994812011,
0.0552239990234375,0.000377000004053116),(-0.0313689994812011,0.0563689994812012,
0.00103600001335144),(-0.0313640003204345,0.00210800004005432,0.000572000026702881),
(-0.0313640003204345,0.0558919982910156,0.000572000026702881),(-0.0313439998626709,
0.00190699994564057,0.000680999994277954),(-0.0313439998626709,0.00230900001525879,
0.000470999985933304),(-0.0313439998626709,0.0556910018920898,0.000470999985933304),
(-0.0313439998626709,0.0560929985046387,0.000680999994277954),(-0.0313339996337891,
0.00166600000858307,0.000913999974727631),(-0.0313339996337891,0.00263700008392334,
0.000377000004053116),(-0.0313339996337891,0.0553629989624023,0.000377000004053116),
(-0.0313339996337891,0.0563339996337891,0.000913999974727631),(-0.0313290004730225,
0.027076000213623,0.00454500007629395),(-0.0313290004730225,0.0273439998626709,
0.00451000022888184),(-0.0313290004730225,0.0358419990539551,0.00451000022888184),
(-0.0313290004730225,0.036109001159668,0.00454500007629395),(-0.0312859992980957,
0.00171399998664856,0.000795000016689301),(-0.0312859992980957,0.00250200009346009,
0.000377000004053116),(-0.0312859992980957,0.0554980010986328,0.000377000004053116),
(-0.0312859992980957,0.0562859992980957,0.000795000016689301),(-0.0312639999389649,
0.00197300004959107,0.000572000026702881),(-0.0312639999389649,0.00217499995231629,
0.000470999985933304),(-0.0312639999389649,0.0558250007629395,0.000470999985933304),
(-0.0312639999389649,0.0560270004272461,0.000572000026702881),(-0.0312590007781983,
0.0268309993743896,0.00460400009155274),(-0.0312590007781983,0.0273600006103515,
0.00451000022888184),(-0.0312590007781983,0.035826000213623,0.00451000022888184),
(-0.0312590007781983,0.0363549995422364,0.00460400009155274),(-0.0312469997406006,
0.00146800005435944,0.00128699994087219),(-0.0312469997406006,0.00146800005435944,
0.0069980001449585),(-0.0312469997406006,0.00305999994277954,0.000291999995708466),
(-0.0312469997406006,0.054939998626709,0.000291999995708466),(-0.0312469997406006,
0.0565320014953613,0.00128699994087219),(-0.0312469997406006,0.0565320014953613,
0.0069980001449585),(-0.0312409992218018,0.00147500002384186,0.00116100001335144),
(-0.0312409992218018,0.0029319999217987,0.000291999995708466),(-0.0312409992218018,
0.055068000793457,0.000291999995708466),(-0.0312409992218018,0.0565250015258789,
0.00116100001335144),(-0.0312250003814698,0.00177499997615814,0.000680999994277954),
(-0.0312250003814698,0.00237299990653991,0.000377000004053116),(-0.0312250003814698,
0.0556269989013672,0.000377000004053116),(-0.0312250003814698,0.0562249984741211,
0.000680999994277954),(-0.0312220001220703,0.00149800002574921,0.00103600001335144),
(-0.0312220001220703,0.00280500006675721,0.000291999995708466),(-0.0312220001220703,
0.0551949996948242,0.000291999995708466),(-0.0312220001220703,0.0565019989013672,
0.00103600001335144),(-0.0311940002441406,0.0266040000915528,0.00468400001525879),
(-0.0311940002441406,0.0273819999694824,0.00451000022888184),(-0.0311940002441406,
0.0358040008544922,0.00451000022888184),(-0.0311940002441406,0.0365810012817383,
0.00468400001525879),(-0.0311909999847412,0.00153600001335144,0.000913999974727631),
(-0.0311909999847412,0.0026800000667572,0.000291999995708466),(-0.0311909999847412,
0.0553199996948242,0.000291999995708466),(-0.0311909999847412,0.0564640007019043,
0.000913999974727631),(-0.0311830005645752,0.0270949993133545,0.00454500007629395),
(-0.0311830005645752,0.0360900001525879,0.00454500007629395),(-0.0311709995269775,
0.00204999995231629,0.000470999985933304),(-0.0311709995269775,0.0559500007629395,
0.000470999985933304),(-0.0311509990692138,0.00184899997711182,0.000572000026702881),
(-0.0311509990692138,0.00225099992752075,0.000377000004053116),(-0.0311509990692138,
0.0557490005493164,0.000377000004053116),(-0.0311509990692138,0.0561510009765625,
0.000572000026702881),(-0.0311469993591308,0.00158899998664856,0.000795000016689301),
(-0.0311469993591308,0.00255999994277954,0.000291999995708466),(-0.0311469993591308,
0.055439998626709,0.000291999995708466),(-0.0311469993591308,0.0564109992980957,
0.000795000016689301),(-0.0311359996795655,0.0264029998779297,0.00478299999237061),
(-0.0311359996795655,0.0274090003967285,0.00451000022888184),(-0.0311359996795655,
0.0357760009765625,0.00451000022888184),(-0.0311359996795655,0.0367830009460449,
0.00478299999237061),(-0.0310930004119873,0.00165600001811981,0.000680999994277954),
(-0.0310930004119873,0.00244400000572204,0.000291999995708466),(-0.0310930004119873,
0.0555559997558594,0.000291999995708466),(-0.0310930004119873,0.0563440017700195,
0.000680999994277954),(-0.0310860004425049,0.0262299995422363,0.00490000009536743),
(-0.0310860004425049,0.0274409999847412,0.00451000022888184),(-0.0310860004425049,
0.0357439994812012,0.00451000022888184),(-0.0310860004425049,0.0369550018310547,
0.00490000009536743),(-0.0310849990844726,0.00134700000286102,0.00128699994087219),
(-0.0310849990844726,0.00134700000286102,0.0069980001449585),(-0.0310849990844726,
0.00305999994277954,0.000216999992728233),(-0.0310849990844726,0.054939998626709,
0.000216999992728233),(-0.0310849990844726,0.0566529998779297,0.00128699994087219),
(-0.0310849990844726,0.0566529998779297,0.0069980001449585),(-0.0310790004730225,
0.00135500001907349,0.00116100001335144),(-0.0310790004730225,0.00294799995422363,
0.000216999992728233),(-0.0310790004730225,0.0550519981384277,0.000216999992728233),
(-0.0310790004730225,0.0566450004577637,0.00116100001335144),(-0.0310659999847412,
0.00193400001525879,0.000470999985933304),(-0.0310659999847412,0.00213599991798401,
0.000377000004053116),(-0.0310659999847412,0.0558639984130859,0.000377000004053116),
(-0.0310659999847412,0.0560660018920898,0.000470999985933304),(-0.0310629997253418,
0.00137999999523163,0.00103600001335144),(-0.0310629997253418,0.00283699989318848,
0.000216999992728233),(-0.0310629997253418,0.0551629981994629,0.000216999992728233),
(-0.0310629997253418,0.0566199989318848,0.00103600001335144),(-0.0310459995269775,
0.0260919990539551,0.00503000020980835),(-0.0310459995269775,0.0274769992828369,
0.00451000022888184),(-0.0310459995269775,0.035708999633789,0.00451000022888184),
(-0.0310459995269775,0.0370929985046387,0.00503000020980835),(-0.0310429992675782,
0.0268589992523194,0.00460400009155274),(-0.0310429992675782,0.0271270008087158,
0.00454500007629395),(-0.0310429992675782,0.0360579986572266,0.00454500007629395),
(-0.0310429992675782,0.036326000213623,0.00460400009155274),(-0.0310349998474121,
0.0014210000038147,0.000913999974727631),(-0.0310349998474121,0.0027279999256134,
0.000216999992728233),(-0.0310349998474121,0.0552719993591309,0.000216999992728233),
(-0.0310349998474121,0.0565789985656738,0.000913999974727631),(-0.0310270004272461,
0.00173599994182586,0.000572000026702881),(-0.0310270004272461,0.00233400011062622,
0.000291999995708466),(-0.0310270004272461,0.0556660003662109,0.000291999995708466),
(-0.0310270004272461,0.0562639999389649,0.000572000026702881),(-0.0310170001983643,
0.0259899997711181,0.00517199993133545),(-0.0310170001983643,0.0275149993896484,
0.00451000022888184),(-0.0310170001983643,0.0356699981689453,0.00451000022888184),
(-0.0310170001983643,0.0371949996948242,0.00517199993133545),(-0.0309990005493164,
0.0259279994964599,0.00532100009918213),(-0.0309990005493164,0.0275559997558594,
0.00451000022888184),(-0.0309990005493164,0.0356290016174317,0.00451000022888184),
(-0.0309990005493164,0.0372569999694824,0.00532100009918213),(-0.0309969997406006,
0.00147800004482269,0.000795000016689301),(-0.0309969997406006,0.00262199997901917,
0.000216999992728233),(-0.0309969997406006,0.0553779983520508,0.000216999992728233),
(-0.0309969997406006,0.0565229988098145,0.000795000016689301),(-0.0309930000305176,
0.0259069995880127,0.00547300004959107),(-0.0309930000305176,0.0259069995880127,
0.0069980001449585),(-0.0309930000305176,0.0275979995727539,0.00451000022888184),
(-0.0309930000305176,0.0355870018005371,0.00451000022888184),(-0.0309930000305176,
0.0372779998779297,0.00547300004959106),(-0.0309930000305176,0.0372779998779297,
0.0069980001449585),(-0.0309699993133545,0.00202999997138977,0.000377000004053116),
(-0.0309699993133545,0.0559700012207031,0.000377000004053116),(-0.0309500007629394,
0.0018289999961853,0.000470999985933304),(-0.0309500007629394,0.00223099994659424,
0.000291999995708466),(-0.0309500007629394,0.0557690010070801,0.000291999995708466),
(-0.0309500007629394,0.0561710014343262,0.000470999985933304),(-0.0309489994049073,
0.00154900002479553,0.000680999994277954),(-0.0309489994049073,0.00251999998092652,
0.000216999992728233),(-0.0309489994049073,0.0554799995422363,0.000216999992728233),
(-0.0309489994049073,0.056451000213623,0.000680999994277954),(-0.0309150009155273,
0.0266410007476807,0.00468400001525879),(-0.0309150009155273,0.027170000076294,
0.00454500007629395),(-0.0309150009155273,0.0360149993896485,0.00454500007629395),
(-0.0309150009155273,0.0365439987182617,0.00468400001525879),(-0.0309109992980957,
0.00124300003051758,0.00128699994087219),(-0.0309109992980957,0.00124300003051758,
0.0069980001449585),(-0.0309109992980957,0.00305999994277954,0.000151999995112419),
(-0.0309109992980957,0.054939998626709,0.000151999995112419),(-0.0309109992980957,
0.0567569999694824,0.00128699994087219),(-0.0309109992980957,0.0567569999694824,
0.0069980001449585),(-0.0309069995880127,0.00125199997425079,0.00116100001335144),
(-0.0309069995880127,0.00296499991416931,0.000151999995112419),(-0.0309069995880127,
0.0550349998474121,0.000151999995112419),(-0.0309069995880127,0.0567480010986328,
0.00116100001335144),(-0.0308929996490478,0.00127799999713898,0.00103600001335144),
(-0.0308929996490478,0.00286999988555908,0.000151999995112419),(-0.0308929996490478,
0.0551300010681152,0.000151999995112419),(-0.0308929996490478,0.0567220001220703,
0.00103600001335144),(-0.0308920001983643,0.0016360000371933,0.000572000026702881),
(-0.0308920001983643,0.00242400002479553,0.000216999992728233),(-0.0308920001983643,
0.0555760002136231,0.000216999992728233),(-0.0308920001983643,0.0563639984130859,
0.000572000026702881),(-0.0308689994812012,0.00132099997997284,0.000913999974727631),
(-0.0308689994812012,0.00277800011634826,0.000151999995112419),(-0.0308689994812012,
0.0552220001220703,0.000151999995112419),(-0.0308689994812012,0.0566790008544922,
0.000913999974727631),(-0.0308640003204345,0.00193400001525879,0.000377000004053116),
(-0.0308640003204345,0.00213599991798401,0.000291999995708466),(-0.0308640003204345,
0.0558639984130859,0.000291999995708466),(-0.0308640003204345,0.0560660018920898,
0.000377000004053116),(-0.030837999343872,0.0269060001373291,0.00460400009155274),
(-0.030837999343872,0.0362789993286133,0.00460400009155274),(-0.0308369998931885,
0.00138100004196167,0.000795000016689301),(-0.0308369998931885,0.00268799996376037,
0.000151999995112419),(-0.0308369998931885,0.0553120002746582,0.000151999995112419),
(-0.0308369998931885,0.0566189994812012,0.000795000016689301),(-0.0308250007629394,
0.00173599994182586,0.000470999985933304),(-0.0308250007629394,0.00233400011062622,
0.000216999992728233),(-0.0308250007629394,0.0556660003662109,0.000216999992728233),
(-0.0308250007629394,0.0562639999389649,0.000470999985933304),(-0.0307999992370605,
0.0264470005035401,0.00478299999237061),(-0.0307999992370605,0.0272240009307862,
0.00454500007629395),(-0.0307999992370605,0.0359609985351563,0.00454500007629395),
(-0.0307999992370605,0.0367379989624023,0.00478299999237061),(-0.0307970008850098,
0.00145799994468689,0.000680999994277954),(-0.0307970008850098,0.00260199999809265,
0.000151999995112419),(-0.0307970008850098,0.0553979988098145,0.000151999995112419),
(-0.0307970008850098,0.0565419998168945,0.000680999994277954),(-0.0307689990997314,
0.00204999995231629,0.000291999995708466),(-0.0307689990997314,0.0559500007629395,
0.000291999995708466),(-0.0307490005493164,0.00184899997711182,0.000377000004053116),
(-0.0307490005493164,0.00225099992752075,0.000216999992728233),(-0.0307490005493164,
0.0557490005493164,0.000216999992728233),(-0.0307490005493164,0.0561510009765625,
0.000377000004053116),(-0.0307479991912842,0.00154900002479553,0.000572000026702881),
(-0.0307479991912842,0.00251999998092652,0.000151999995112419),(-0.0307479991912842,
0.0554799995422363,0.000151999995112419),(-0.0307479991912842,0.056451000213623,
0.000572000026702881),(-0.0307280006408691,0.00115699994564056,0.00128699994087219),
(-0.0307280006408691,0.00115699994564056,0.0069980001449585),(-0.0307280006408691,
0.00305999994277954,9.79999974370003E-5),(-0.0307280006408691,0.054939998626709,
9.79999974370003E-5),(-0.0307280006408691,0.0568429985046387,0.00128699994087219),
(-0.0307280006408691,0.0568429985046387,0.0069980001449585),(-0.0307250003814698,
0.00116600000858307,0.00116100001335144),(-0.0307250003814698,0.00298300004005432,
9.79999974370003E-5),(-0.0307250003814698,0.0550169982910156,9.79999974370003E-5),
(-0.0307250003814698,0.0568339996337891,0.00116100001335144),(-0.030712999343872,
0.001192999958992,0.00103600001335144),(-0.030712999343872,0.00290599989891052,
9.79999974370003E-5),(-0.030712999343872,0.0550940017700195,9.79999974370003E-5),
(-0.030712999343872,0.056806999206543,0.00103600001335144),(-0.0307019996643067,
0.0262810001373291,0.00490000009536743),(-0.0307019996643067,0.0272870006561279,
0.00454500007629395),(-0.0307019996643067,0.0358979988098144,0.00454500007629395),
(-0.0307019996643067,0.0369039993286133,0.00490000009536743),(-0.0306949996948243,
0.0012389999628067,0.000913999974727631),(-0.0306949996948243,0.00283100008964539,
9.79999974370003E-5),(-0.0306949996948243,0.0551689987182617,9.79999974370003E-5),
(-0.0306949996948243,0.0567610015869141,0.000913999974727631),(-0.0306909999847412,
0.00165600001811981,0.000470999985933304),(-0.0306909999847412,0.00244400000572204,
0.000151999995112419),(-0.0306909999847412,0.0555559997558594,0.000151999995112419),
(-0.0306909999847412,0.0563440017700195,0.000470999985933304),(-0.0306679992675782,
0.00130200004577637,0.000795000016689301),(-0.0306679992675782,0.00275799989700317,
9.79999974370003E-5),(-0.0306679992675782,0.055242000579834,9.79999974370003E-5),
(-0.0306679992675782,0.0566980018615723,0.000795000016689301),(-0.0306660003662109,
0.00197300004959107,0.000291999995708466),(-0.0306660003662109,0.00217499995231629,
0.000216999992728233),(-0.0306660003662109,0.0558250007629395,0.000216999992728233),
(-0.0306660003662109,0.0560270004272461,0.000291999995708466),(-0.0306490001678467,
0.0267019996643067,0.00468400001525879),(-0.0306490001678467,0.0269699993133545,
0.00460400009155274),(-0.0306490001678467,0.0362159996032715,0.00460400009155274),
(-0.0306490001678467,0.0364830017089844,0.00468400001525879),(-0.0306350002288819,
0.00138100004196167,0.000680999994277954),(-0.0306350002288819,0.00268799996376037,
9.79999974370003E-5),(-0.0306350002288819,0.0553120002746582,9.79999974370003E-5),
(-0.0306350002288819,0.0566189994812012,0.000680999994277954),(-0.0306270008087158,
0.00177499997615814,0.000377000004053116),(-0.0306270008087158,0.00237299990653991,
0.000151999995112419),(-0.0306270008087158,0.0556269989013672,0.000151999995112419),
(-0.0306270008087158,0.0562249984741211,0.000377000004053116),(-0.0306229991912842,
0.0261480007171631,0.00503000020980835),(-0.0306229991912842,0.0273579998016358,
0.00454500007629395),(-0.0306229991912842,0.0358269996643066,0.00454500007629395),
(-0.0306229991912842,0.0370379981994629,0.00503000020980835),(-0.0305960006713867,
0.00147800004482269,0.000572000026702881),(-0.0305960006713867,0.00262199997901917,
9.79999974370003E-5),(-0.0305960006713867,0.0553779983520508,9.79999974370003E-5),
(-0.0305960006713867,0.0565229988098145,0.000572000026702881),(-0.0305760002136231,
0.00210800004005432,0.000216999992728233),(-0.0305760002136231,0.0558919982910156,
0.000216999992728233),(-0.0305650005340576,0.0260499992370605,0.00517199993133545),
(-0.0305650005340576,0.0274349994659424,0.00454500007629395),(-0.0305650005340576,
0.03575,0.00454500007629395),(-0.0305650005340576,0.0371349983215332,0.00517199993133545),
(-0.0305559997558594,0.00190699994564057,0.000291999995708466),(-0.0305559997558594,
0.00230900001525879,0.000151999995112419),(-0.0305559997558594,0.0556910018920898,
0.000151999995112419),(-0.0305559997558594,0.0560929985046387,0.000291999995708466),
(-0.0305499992370605,0.00158899998664856,0.000470999985933304),(-0.0305499992370605,
0.00255999994277954,9.79999974370003E-5),(-0.0305499992370605,0.055439998626709,
9.79999974370003E-5),(-0.0305499992370605,0.0564109992980957,0.000470999985933304),
(-0.0305380001068116,0.00108899998664856,0.00128699994087219),(-0.0305380001068116,
0.00108899998664856,0.0069980001449585),(-0.0305380001068116,0.00305999994277954,
5.49999997019768E-5),(-0.0305380001068116,0.0569109992980957,0.00128699994087219),
(-0.0305380001068116,0.0569109992980957,0.0069980001449585),(-0.0305380001068115,
0.054939998626709,5.49999997019768E-5),(-0.0305349998474121,0.00109800004959106,
0.00116100001335144),(-0.0305349998474121,0.00300099992752075,5.49999997019768E-5),
(-0.0305349998474121,0.0549990005493164,5.49999997019768E-5),(-0.0305349998474121,
0.0569020004272461,0.00116100001335144),(-0.0305300006866455,0.0259899997711181,
0.00532100009918213),(-0.0305300006866455,0.0275149993896484,0.00454500007629395),
(-0.0305300006866455,0.0356699981689453,0.00454500007629395),(-0.0305300006866455,
0.0371949996948242,0.00532100009918213),(-0.0305270004272461,0.00112699997425079,
0.00103600001335144),(-0.0305270004272461,0.0029430000782013,5.49999997019768E-5),
(-0.0305270004272461,0.055056999206543,5.49999997019768E-5),(-0.0305270004272461,
0.0568730010986328,0.00103600001335144),(-0.0305179996490479,0.0259699993133545,
0.00547300004959107),(-0.0305179996490479,0.0259699993133545,0.0069980001449585),
(-0.0305179996490479,0.0275979995727539,0.00454500007629395),(-0.0305179996490479,
0.0355870018005371,0.00454500007629395),(-0.0305179996490479,0.0372150001525879,
0.00547300004959107),(-0.0305179996490479,0.0372150001525879,0.0069980001449585),
(-0.030511999130249,0.00117400002479553,0.000913999974727631),(-0.030511999130249,
0.00288599991798401,5.49999997019768E-5),(-0.030511999130249,0.0551139984130859,
5.49999997019768E-5),(-0.030511999130249,0.0568260002136231,0.000913999974727631),
(-0.0304979991912842,0.00171399998664856,0.000377000004053116),(-0.0304979991912842,
0.00250200009346009,9.79999974370003E-5),(-0.0304979991912842,0.0554980010986328,
9.79999974370003E-5),(-0.0304979991912842,0.0562859992980957,0.000377000004053116),
(-0.0304930000305176,0.0012389999628067,0.000795000016689301),(-0.0304930000305176,
0.00283100008964539,5.49999997019768E-5),(-0.0304930000305176,0.0551689987182617,
5.49999997019768E-5),(-0.0304930000305176,0.0567610015869141,0.000795000016689301),
(-0.0304810009002685,0.0265200004577637,0.00478299999237061),(-0.0304810009002685,
0.027048999786377,0.00460400009155274),(-0.0304810009002685,0.0361360015869141,
0.00460400009155274),(-0.0304810009002685,0.0366650009155274,0.00478299999237061),
(-0.0304799995422364,0.00205100011825561,0.000216999992728233),(-0.0304799995422364,
0.00225200009346009,0.000151999995112419),(-0.0304799995422364,0.0557480010986328,
0.000151999995112419),(-0.0304799995422364,0.0559490013122559,0.000216999992728233),
(-0.0304680004119873,0.00132099997997284,0.000680999994277954),(-0.0304680004119873,
0.00277800011634826,5.49999997019768E-5),(-0.0304680004119873,0.0552220001220703,
5.49999997019768E-5),(-0.0304680004119873,0.0566790008544922,0.000680999994277954),
(-0.0304400005340577,0.0018530000448227,0.000291999995708466),(-0.0304400005340577,
0.00245000004768372,9.79999974370003E-5),(-0.0304400005340577,0.0555499992370606,
9.79999974370003E-5),(-0.0304400005340577,0.0561469993591309,0.000291999995708466),
(-0.0304370002746582,0.0014210000038147,0.000572000026702881),(-0.0304370002746582,
0.0027279999256134,5.49999997019768E-5),(-0.0304370002746582,0.0552719993591309,
5.49999997019768E-5),(-0.0304370002746582,0.0565789985656738,0.000572000026702881),
(-0.0304050006866455,0.0267840003967285,0.00468400001525879),(-0.0304050006866455,
0.0364010009765625,0.00468400001525879),(-0.0304020004272461,0.00153600001335144,
0.000470999985933304),(-0.0304020004272461,0.0026800000667572,5.49999997019768E-5),
(-0.0304020004272461,0.0553199996948242,5.49999997019768E-5),(-0.0304020004272461,
0.0564640007019043,0.000470999985933304),(-0.0303980007171631,0.00220300006866455,
0.000151999995112419),(-0.0303980007171631,0.0557970008850098,0.000151999995112419),
(-0.0303780002593994,0.00200300002098084,0.000216999992728233),(-0.0303780002593994,
0.00240400004386902,9.79999974370003E-5),(-0.0303780002593994,0.0555960006713867,
9.79999974370003E-5),(-0.0303780002593994,0.0559970016479492,0.000216999992728233),
(-0.030363000869751,0.00166600000858307,0.000377000004053116),(-0.030363000869751,
0.00263700008392334,5.49999997019768E-5),(-0.030363000869751,0.0553629989624023,
5.49999997019768E-5),(-0.030363000869751,0.0563339996337891,0.000377000004053116),
(-0.0303419990539551,0.00103999996185303,0.00128699994087219),(-0.0303419990539551,
0.00103999996185303,0.0069980001449585),(-0.0303419990539551,0.00305999994277954,
2.5000000372529E-5),(-0.0303419990539551,0.054939998626709,2.5000000372529E-5),
(-0.0303419990539551,0.0569599990844727,0.00128699994087219),(-0.0303419990539551,
0.0569599990844727,0.0069980001449585),(-0.0303400001525879,0.00104900002479553,
0.00116100001335144),(-0.0303400001525879,0.00301999998092652,2.5000000372529E-5),
(-0.0303400001525879,0.0549799995422363,2.5000000372529E-5),(-0.0303400001525879,
0.056951000213623,0.00116100001335144),(-0.0303369998931885,0.0263640003204345,
0.00490000009536743),(-0.0303369998931885,0.0271410007476807,0.00460400009155274),
(-0.0303369998931885,0.0360439987182617,0.00460400009155274),(-0.0303369998931885,
0.0368209991455078,0.00490000009536743),(-0.0303339996337891,0.00107799994945526,
0.00103600001335144),(-0.0303339996337891,0.00298099994659424,2.5000000372529E-5),
(-0.0303339996337891,0.0550190010070801,2.5000000372529E-5),(-0.0303339996337891,
0.0569220008850098,0.00103600001335144),(-0.0303250007629394,0.00112699997425079,
0.000913999974727631),(-0.0303250007629394,0.0029430000782013,2.5000000372529E-5),
(-0.0303250007629394,0.055056999206543,2.5000000372529E-5),(-0.0303250007629394,
0.0568730010986328,0.000913999974727631),(-0.0303199996948242,0.00180900001525879,
0.000291999995708466),(-0.0303199996948242,0.00259800004959106,5.49999997019768E-5),
(-0.0303199996948242,0.0554020004272461,5.49999997019768E-5),(-0.0303199996948242,
0.0561910018920898,0.000291999995708466),(-0.0303120002746582,0.00216300010681152,
0.000151999995112419),(-0.0303120002746582,0.00236500000953675,9.79999974370003E-5),
(-0.0303120002746582,0.0556349983215332,9.79999974370003E-5),(-0.0303120002746582,
0.0558370018005371,0.000151999995112419),(-0.0303110008239746,0.001192999958992,
0.000795000016689301),(-0.0303110008239746,0.00290599989891052,2.5000000372529E-5),
(-0.0303110008239746,0.0550940017700195,2.5000000372529E-5),(-0.0303110008239746,
0.056806999206543,0.000795000016689301),(-0.0302950000762939,0.00127799999713898,
0.000680999994277954),(-0.0302950000762939,0.00286999988555908,2.5000000372529E-5),
(-0.0302950000762939,0.0551300010681152,2.5000000372529E-5),(-0.0302950000762939,
0.0567220001220703,0.000680999994277954),(-0.0302740001678467,0.00137999999523163,
0.000572000026702881),(-0.0302740001678467,0.00283699989318848,2.5000000372529E-5),
(-0.0302740001678467,0.0551629981994629,2.5000000372529E-5),(-0.0302740001678467,
0.0566199989318848,0.000572000026702881),(-0.0302719993591309,0.0019650000333786,
0.000216999992728233),(-0.0302719993591309,0.00256299996376037,5.49999997019768E-5),
(-0.0302719993591309,0.0554370002746582,5.49999997019768E-5),(-0.0302719993591309,
0.0560349998474121,0.000216999992728233),(-0.0302509994506836,0.00149800002574921,
0.000470999985933304),(-0.0302509994506836,0.00280500006675721,2.5000000372529E-5),
(-0.0302509994506836,0.0551949996948242,2.5000000372529E-5),(-0.0302509994506836,
0.0565019989013672,0.000470999985933304),(-0.030242000579834,0.00233200001716614,
9.79999974370003E-5),(-0.030242000579834,0.0556679992675781,9.79999974370003E-5),
(-0.0302240009307862,0.00163100004196167,0.000377000004053116),(-0.0302240009307862,
0.00277600002288819,2.5000000372529E-5),(-0.0302240009307862,0.0552239990234375,
2.5000000372529E-5),(-0.0302240009307862,0.0563689994812012,0.000377000004053116),
(-0.0302220001220703,0.00213100004196167,0.000151999995112419),(-0.0302220001220703,
0.00253200006484986,5.49999997019768E-5),(-0.0302220001220703,0.0554679985046387,
5.49999997019768E-5),(-0.0302220001220703,0.0558689994812012,0.000151999995112419),
(-0.0302210006713867,0.0262390003204345,0.00503000020980835),(-0.0302210006713867,
0.0272450008392334,0.00460400009155274),(-0.0302210006713867,0.035939998626709,
0.00460400009155274),(-0.0302210006713867,0.0369459991455078,0.00503000020980835),
(-0.0301949996948243,0.00177799999713898,0.000291999995708466),(-0.0301949996948243,
0.00274900007247925,2.5000000372529E-5),(-0.0301949996948243,0.0552509994506836,
2.5000000372529E-5),(-0.0301949996948243,0.0562220001220703,0.000291999995708466),
(-0.0301860008239746,0.0266189994812011,0.00478299999237061),(-0.0301860008239746,
0.026886999130249,0.00468400001525879),(-0.0301860008239746,0.0362980003356934,
0.00468400001525879),(-0.0301860008239746,0.0365660018920898,0.00478299999237061),
(-0.0301690006256103,0.0023050000667572,9.79999974370003E-5),(-0.0301690006256103,
0.00250699996948242,5.49999997019768E-5),(-0.0301690006256103,0.0554930000305176,
5.49999997019768E-5),(-0.0301690006256103,0.0556949996948242,9.79999974370003E-5),
(-0.0301630001068116,0.00193700003623962,0.000216999992728233),(-0.0301630001068116,
0.0027260000705719,2.5000000372529E-5),(-0.0301630001068116,0.0552739982604981,
2.5000000372529E-5),(-0.0301630001068116,0.0560629997253418,0.000216999992728233),
(-0.0301420001983643,0.00100999999046326,0.00128699994087219),(-0.0301420001983643,
0.00100999999046326,0.0069980001449585),(-0.0301420001983643,0.00305999994277954,
6.00000005215406E-6),(-0.0301420001983643,0.054939998626709,6.00000005215406E-6),
(-0.0301420001983643,0.0569900016784668,0.00128699994087219),(-0.0301420001983643,
0.0569900016784668,0.0069980001449585),(-0.0301410007476807,0.00101999998092651,
0.00116100001335144),(-0.0301410007476807,0.00303999996185303,6.00000005215406E-6),
(-0.0301410007476807,0.0549599990844727,6.00000005215406E-6),(-0.0301410007476807,
0.0569799995422363,0.00116100001335144),(-0.0301380004882813,0.00104900002479553,
0.00103600001335144),(-0.0301380004882813,0.00301999998092652,6.00000005215406E-6),
(-0.0301380004882813,0.0549799995422363,6.00000005215406E-6),(-0.0301380004882813,
0.056951000213623,0.00103600001335144),(-0.0301359996795655,0.0261480007171631,
0.00517199993133545),(-0.0301359996795655,0.0273579998016358,0.00460400009155274),
(-0.0301359996795655,0.0358269996643066,0.00460400009155274),(-0.0301359996795655,
0.0370379981994629,0.00517199993133545),(-0.030132999420166,0.00109800004959106,
0.000913999974727631),(-0.030132999420166,0.00300099992752075,6.00000005215406E-6),
(-0.030132999420166,0.0549990005493164,6.00000005215406E-6),(-0.030132999420166,
0.0569020004272461,0.000913999974727631),(-0.0301299991607666,0.00210700011253357,
0.000151999995112419),(-0.0301299991607666,0.00270499992370605,2.5000000372529E-5),
(-0.0301299991607666,0.0552949981689453,2.5000000372529E-5),(-0.0301299991607666,
0.0558930015563965,0.000151999995112419),(-0.0301270008087158,0.00116600000858307,
0.000795000016689301),(-0.0301270008087158,0.00298300004005432,6.00000005215406E-6),
(-0.0301270008087158,0.0550169982910156,6.00000005215406E-6),(-0.0301270008087158,
0.0568339996337891,0.000795000016689301),(-0.0301180000305176,0.00125199997425079,
0.000680999994277954),(-0.0301180000305176,0.00296499991416931,6.00000005215406E-6),
(-0.0301180000305176,0.0550349998474121,6.00000005215406E-6),(-0.0301180000305176,
0.0567480010986328,0.000680999994277954),(-0.0301140003204345,0.00248799991607666,
5.49999997019768E-5),(-0.0301140003204345,0.0555120010375977,5.49999997019768E-5),
(-0.0301079998016358,0.00135500001907349,0.000572000026702881),(-0.0301079998016358,
0.00294799995422363,6.00000005215406E-6),(-0.0301079998016358,0.0550519981384277,
6.00000005215406E-6),(-0.0301079998016358,0.0566450004577637,0.000572000026702881),
(-0.0300960006713867,0.00147500002384186,0.000470999985933304),(-0.0300960006713867,
0.0029319999217987,6.00000005215406E-6),(-0.0300960006713867,0.055068000793457,
6.00000005215406E-6),(-0.0300960006713867,0.0565250015258789,0.000470999985933304),
(-0.0300939998626709,0.0022869999408722,9.79999974370003E-5),(-0.0300939998626709,
0.00268899989128113,2.5000000372529E-5),(-0.0300939998626709,0.0553110008239746,
2.5000000372529E-5),(-0.0300939998626709,0.0557130012512207,9.79999974370003E-5),
(-0.0300839996337891,0.0260919990539551,0.00532100009918213),(-0.0300839996337891,
0.0274769992828369,0.00460400009155274),(-0.0300839996337891,0.035708999633789,
0.00460400009155274),(-0.0300839996337891,0.0370929985046387,0.00532100009918213),
(-0.0300830001831054,0.00161000001430512,0.000377000004053116),(-0.0300830001831054,
0.00291700005531311,6.00000005215406E-6),(-0.0300830001831054,0.0550830001831055,
6.00000005215406E-6),(-0.0300830001831054,0.0563899993896484,0.000377000004053116),
(-0.0300680007934571,0.00175899994373321,0.000291999995708466),(-0.0300680007934571,
0.00290400004386902,6.00000005215406E-6),(-0.0300680007934571,0.0550960006713867,
6.00000005215406E-6),(-0.0300680007934571,0.0562410011291504,0.000291999995708466),
(-0.0300669994354248,0.0260729999542237,0.00547300004959106),(-0.0300669994354248,
0.0260729999542237,0.0069980001449585),(-0.0300669994354248,0.0275979995727539,
0.00460400009155274),(-0.0300669994354248,0.0355870018005371,0.00460400009155274),
(-0.0300669994354248,0.0371119995117188,0.00547300004959107),(-0.0300669994354248,
0.0371119995117188,0.0069980001449585),(-0.030056999206543,0.00247300004959107,
5.49999997019768E-5),(-0.030056999206543,0.00267499995231629,2.5000000372529E-5),
(-0.030056999206543,0.0553250007629395,2.5000000372529E-5),(-0.030056999206543,
0.0555270004272461,5.49999997019768E-5),(-0.0300520000457764,0.0019210000038147,
0.000216999992728233),(-0.0300520000457764,0.00289199995994568,6.00000005215406E-6),
(-0.0300520000457764,0.0551080017089844,6.00000005215406E-6),(-0.0300520000457764,
0.0560789985656738,0.000216999992728233),(-0.0300349998474121,0.00209299993515015,
0.000151999995112419),(-0.0300349998474121,0.00288199996948242,6.00000005215406E-6),
(-0.0300349998474121,0.0551180000305176,6.00000005215406E-6),(-0.0300349998474121,
0.0559070014953613,0.000151999995112419),(-0.0300189990997314,0.00266599988937378,
2.5000000372529E-5),(-0.0300189990997314,0.0553339996337891,2.5000000372529E-5),
(-0.0300170001983643,0.00227500009536743,9.79999974370003E-5),(-0.0300170001983643,
0.00287299990653991,6.00000005215406E-6),(-0.0300170001983643,0.0551269989013672,
6.00000005215406E-6),(-0.0300170001983643,0.0557249984741211,9.79999974370003E-5),
(-0.03,0.0264780006408691,0.00490000009536743),(-0.03,0.0270069999694824,
0.00468400001525879),(-0.03,0.0361780014038086,0.00468400001525879),(-0.03,
0.0367070007324219,0.00490000009536743),(-0.0299990005493164,0.00246499991416931,
5.49999997019768E-5),(-0.0299990005493164,0.00286700010299682,6.00000005215406E-6),
(-0.0299990005493164,0.055132999420166,6.00000005215406E-6),(-0.0299990005493164,
0.0555349998474121,5.49999997019768E-5),(-0.0299799995422363,0.00266000008583069,
2.5000000372529E-5),(-0.0299799995422363,0.00286199998855591,6.00000005215406E-6),
(-0.0299799995422363,0.0551380004882813,6.00000005215406E-6),(-0.0299799995422363,
0.0553400001525879,2.5000000372529E-5),(-0.0299599990844727,0.00285899996757508,
6.00000005215406E-6),(-0.0299599990844727,0.055140998840332,6.00000005215406E-6),
(-0.0299400005340577,0.054939998626709,0.),(-0.0299400005340576,0.001,0.00128699994087219),
(-0.0299400005340576,0.001,0.0069980001449585),(-0.0299400005340576,0.00100999999046326,
0.00116100001335144),(-0.0299400005340576,0.00103999996185303,0.00103600001335144),
(-0.0299400005340576,0.00108899998664856,0.000913999974727631),(-0.0299400005340576,
0.00115699994564056,0.000795000016689301),(-0.0299400005340576,0.00124300003051758,
0.000680999994277954),(-0.0299400005340576,0.00134700000286102,0.000572000026702881),
(-0.0299400005340576,0.00146800005435944,0.000470999985933304),(-0.0299400005340576,
0.0016030000448227,0.000377000004053116),(-0.0299400005340576,0.00175300002098083,
0.000291999995708466),(-0.0299400005340576,0.00191499996185303,0.000216999992728233),
(-0.0299400005340576,0.00208899998664856,0.000151999995112419),(-0.0299400005340576,
0.00227200007438659,9.79999974370003E-5),(-0.0299400005340576,0.00246199989318847,
5.49999997019768E-5),(-0.0299400005340576,0.0026579999923706,2.5000000372529E-5),
(-0.0299400005340576,0.00285800004005432,6.00000005215406E-6),(-0.0299400005340576,
0.00305999994277954,0.),(-0.0299400005340576,0.0551419982910156,6.00000005215406E-6),
(-0.0299400005340576,0.0553419990539551,2.5000000372529E-5),(-0.0299400005340576,
0.0555379981994629,5.49999997019768E-5),(-0.0299400005340576,0.0557280006408691,
9.79999974370003E-5),(-0.0299400005340576,0.0559109992980957,0.000151999995112419),
(-0.0299400005340576,0.0560849990844727,0.000216999992728233),(-0.0299400005340576,
0.0562470016479492,0.000291999995708466),(-0.0299400005340576,0.0563969993591309,
0.000377000004053116),(-0.0299400005340576,0.0565320014953613,0.000470999985933304),
(-0.0299400005340576,0.0566529998779297,0.000572000026702881),(-0.0299400005340576,
0.0567569999694824,0.000680999994277954),(-0.0299400005340576,0.0568429985046387,
0.000795000016689301),(-0.0299400005340576,0.0569109992980957,0.000913999974727631),
(-0.0299400005340576,0.0569599990844727,0.00103600001335144),(-0.0299400005340576,
0.0569900016784668,0.00116100001335144),(-0.0299400005340576,0.057,0.00128699994087219),
(-0.0299400005340576,0.057,0.0069980001449585),(-0.0299239997863769,0.026742000579834,
0.00478299999237061),(-0.0299239997863769,0.036443000793457,0.00478299999237061),
(-0.0298500003814697,0.0263640003204345,0.00503000020980835),(-0.0298500003814697,
0.0271410007476807,0.00468400001525879),(-0.0298500003814697,0.0360439987182618,
0.00468400001525879),(-0.0298500003814697,0.0368209991455078,0.00503000020980835),
(-0.0297630004882813,0.00513299989700317,0.0069980001449585),(-0.0297630004882813,
0.00513299989700318,0.00291700005531311),(-0.0297630004882813,0.0261753082275391,
0.00547300004959107),(-0.0297630004882813,0.0261753082275391,0.0069980001449585),
(-0.0297630004882813,0.0261941375732422,0.00535572099685669),(-0.0297630004882813,
0.0261997814178467,0.00532100009918213),(-0.0297630004882813,0.0262683639526367,
0.00518196201324463),(-0.0297630004882813,0.0262732753753662,0.00517199993133545),
(-0.0297630004882813,0.026298355102539,0.00514230918884277),(-0.0297630004882813,
0.0264050025939941,0.00503000020980835),(-0.0297630004882813,0.0265118999481202,
0.00495459985733032),(-0.0297630004882813,0.0265893898010254,0.00490000009536743),
(-0.0297630004882813,0.0266535930633545,0.00486709356307983),(-0.0297630004882813,
0.0268462181091308,0.00478299999237061),(-0.0297630004882813,0.0269122009277344,
0.00476220989227295),(-0.0297630004882813,0.0269936790466308,0.00474141979217529),
(-0.0297630004882813,0.0271168193817139,0.00471002101898193),(-0.0297630004882813,
0.0272564735412597,0.00468400001525879),(-0.0297630004882813,0.027291124343872,
0.00467935371398926),(-0.0297630004882813,0.0272997035980225,0.00467865133285523),
(-0.0297630004882813,0.0274488830566407,0.00466648197174072),(-0.0297630004882813,
0.027476863861084,0.00466572570800781),(-0.0297630004882813,0.0275979995727539,
0.00466246175765991),(-0.0297630004882813,0.0355870018005371,0.00466246175765991),
(-0.0297630004882813,0.0356185569763183,0.00466330718994141),(-0.0297630004882813,
0.0357363357543946,0.00466648197174072),(-0.0297630004882813,0.0357601356506348,
0.00466844940185547),(-0.0297630004882813,0.0358938751220703,0.00467935371398926),
(-0.0297630004882813,0.0359000091552735,0.00468017482757568),(-0.0297630004882813,
0.0359285278320313,0.00468400001525879),(-0.0297630004882813,0.0360284042358399,
0.00470260238647461),(-0.0297630004882813,0.0360681800842285,0.00471002101898193),
(-0.0297630004882813,0.0361573066711426,0.00473277950286865),(-0.0297630004882813,
0.0362728004455566,0.00476220989227295),(-0.0297630004882813,0.0362980003356934,
0.00477016687393188),(-0.0297630004882813,0.0363387794494629,0.00478299999237061),
(-0.0297630004882813,0.0364289436340332,0.00482216215133667),(-0.0297630004882813,
0.0365314064025879,0.00486709356307983),(-0.0297630004882813,0.0365660018920898,
0.00488483333587647),(-0.0297630004882813,0.0365956115722657,0.00490000009536743),
(-0.0297630004882813,0.0366863059997558,0.00496405410766602),(-0.0297630004882813,
0.0367799987792969,0.00503000020980835),(-0.0297630004882813,0.036805404663086,
0.00505668258666992),(-0.0297630004882813,0.036886646270752,0.00514230918884277),
(-0.0297630004882813,0.0369060096740722,0.00516520977020264),(-0.0297630004882813,
0.0369117813110352,0.00517199993133545),(-0.0297630004882813,0.036971134185791,
0.00529203653335571),(-0.0297630004882813,0.0369852180480957,0.00532100009918213),
(-0.0297630004882813,0.0370032997131347,0.00543368339538574),(-0.0297630004882813,
0.0370096931457519,0.00547300004959106),(-0.0297630004882813,0.0370096931457519,
0.0069980001449585),(-0.0297630004882813,0.052867000579834,0.00291700005531311),
(-0.0297630004882813,0.052867000579834,0.0069980001449585),(-0.0297530002593994,
0.00494700002670288,0.00291700005531311),(-0.0297530002593994,0.00494700002670288,
0.0069980001449585),(-0.0297530002593994,0.00513299989700317,0.00282699990272522),
(-0.0297530002593994,0.052867000579834,0.00282699990272522),(-0.0297530002593994,
0.0530530014038086,0.00291700005531311),(-0.0297530002593994,0.0530530014038086,
0.0069980001449585),(-0.0297439994812012,0.00494799995422363,0.00282699990272522),
(-0.0297439994812012,0.0530519981384277,0.00282699990272522),(-0.0297259998321533,
0.00476300001144409,0.00291700005531311),(-0.0297259998321533,0.00476300001144409,
0.0069980001449585),(-0.0297259998321533,0.00513299989700317,0.00273799991607666),
(-0.0297259998321533,0.052867000579834,0.00273799991607666),(-0.0297259998321533,
0.0532369995117188,0.00291700005531311),(-0.0297259998321533,0.0532369995117188,
0.0069980001449585),(-0.0297169990539551,0.0047649998664856,0.00282699990272522),
(-0.0297169990539551,0.00494999980926514,0.00273799991607666),(-0.0297169990539551,
0.0530499992370606,0.00273799991607666),(-0.0297169990539551,0.0532350006103516,
0.00282699990272522),(-0.0296900005340576,0.00476999998092651,0.00273799991607666),
(-0.0296900005340576,0.0532299995422363,0.00273799991607666),(-0.0296809997558593,
0.00458300018310547,0.00291700005531311),(-0.0296809997558593,0.00458300018310547,
0.0069980001449585),(-0.0296809997558593,0.00513299989700317,0.00265000009536743),
(-0.0296809997558593,0.052867000579834,0.00265000009536743),(-0.0296809997558593,
0.0534169998168945,0.00291700005531311),(-0.0296809997558593,0.0534169998168945,
0.0069980001449585),(-0.0296720008850097,0.00458500003814697,0.00282699990272522),
(-0.0296720008850097,0.00495499992370606,0.00265000009536743),(-0.0296720008850097,
0.0530449981689453,0.00265000009536743),(-0.0296720008850097,0.0534150009155274,
0.00282699990272522),(-0.0296459999084473,0.00459299993515015,0.00273799991607666),
(-0.0296459999084473,0.00477899980545044,0.00265000009536743),(-0.0296459999084473,
0.0532210006713867,0.00265000009536743),(-0.0296459999084473,0.0534070014953613,
0.00273799991607666),(-0.0296180000305176,0.00440700006484985,0.00291700005531311),
(-0.0296180000305176,0.00440700006484985,0.0069980001449585),(-0.0296180000305176,
0.00513299989700317,0.00256500005722046),(-0.0296180000305176,0.052867000579834,
0.00256500005722046),(-0.0296180000305176,0.0535929985046387,0.00291700005531311),
(-0.0296180000305176,0.0535929985046387,0.0069980001449585),(-0.0296100006103515,
0.00441099977493286,0.00282699990272522),(-0.0296100006103515,0.00496099996566772,
0.00256500005722046),(-0.0296100006103515,0.0530390014648438,0.00256500005722046),
(-0.0296100006103515,0.0535890007019043,0.00282699990272522),(-0.0296030006408691,
0.00460599994659424,0.00265000009536743),(-0.0296030006408691,0.0533940010070801,
0.00265000009536743),(-0.0295849990844727,0.0044210000038147,0.00273799991607666),
(-0.0295849990844727,0.00479099988937378,0.00256500005722046),(-0.0295849990844727,
0.0532089996337891,0.00256500005722046),(-0.0295849990844727,0.0535789985656738,
0.00273799991607666),(-0.0295429992675782,0.0044390001296997,0.00265000009536743),
(-0.0295429992675782,0.00462400007247925,0.00256500005722046),(-0.0295429992675782,
0.0533759994506836,0.00256500005722046),(-0.0295429992675782,0.0535610008239746,
0.00265000009536743),(-0.0295389995574952,0.00423899984359741,0.0069980001449585),
(-0.0295389995574952,0.0537610015869141,0.00291700005531311),(-0.0295389995574951,
0.00423899984359741,0.00291700005531311),(-0.0295389995574951,0.00513299989700317,
0.00248399996757507),(-0.0295389995574951,0.052867000579834,0.00248399996757507),
(-0.0295389995574951,0.0537610015869141,0.0069980001449585),(-0.0295310001373291,
0.00424399995803833,0.00282699990272522),(-0.0295310001373291,0.0049689998626709,
0.00248399996757507),(-0.0295310001373291,0.0530309982299805,0.00248399996757507),
(-0.0295310001373291,0.0537560005187988,0.00282699990272522),(-0.0295069999694824,
0.00425600004196167,0.00273799991607666),(-0.0295069999694824,0.00480700016021729,
0.00248399996757507),(-0.0295069999694824,0.053193000793457,0.00248399996757507),
(-0.0295069999694824,0.0537439994812012,0.00273799991607666),(-0.0294850006103515,
0.00446299982070923,0.00256500005722046),(-0.0294850006103515,0.0535369987487793,
0.00256500005722046),(-0.0294669990539551,0.00427799987792969,0.00265000009536743),
(-0.0294669990539551,0.00464699983596802,0.00248399996757507),(-0.0294669990539551,
0.0533530006408691,0.00248399996757507),(-0.0294669990539551,0.0537220001220703,
0.00265000009536743),(-0.0294430007934571,0.00407999992370606,0.00291700005531311),
(-0.0294430007934571,0.00407999992370606,0.0069980001449585),(-0.0294430007934571,
0.00513299989700317,0.00240599989891053),(-0.0294430007934571,0.052867000579834,
0.00240599989891053),(-0.0294430007934571,0.0539199981689453,0.00291700005531311),
(-0.0294430007934571,0.0539199981689453,0.0069980001449585),(-0.0294360008239746,
0.00408500003814698,0.00282699990272522),(-0.0294360008239746,0.00497800016403198,
0.00240599989891053),(-0.0294360008239746,0.0530219993591309,0.00240599989891053),
(-0.0294360008239746,0.0539150009155274,0.00282699990272522),(-0.0294130001068116,
0.00409999990463257,0.00273799991607666),(-0.0294130001068116,0.00482499980926514,
0.00240599989891053),(-0.0294130001068116,0.0531749992370606,0.00240599989891053),
(-0.0294130001068116,0.0539000015258789,0.00273799991607666),(-0.0294109992980957,
0.00430700016021729,0.00256500005722046),(-0.0294109992980957,0.00449300003051758,
0.00248399996757507),(-0.0294109992980957,0.0535069999694824,0.00248399996757507),
(-0.0294109992980957,0.053693000793457,0.00256500005722046),(-0.029375,
0.004125,0.00265000009536743),(-0.029375,0.00467500019073486,0.00240599989891053),
(-0.029375,0.0533250007629395,0.00240599989891053),(-0.029375,0.053875,
0.00265000009536743),(-0.0293409996032715,0.00434499979019165,0.00248399996757507),
(-0.0293409996032715,0.0536549987792969,0.00248399996757507),(-0.0293320007324219,
0.0039300000667572,0.0069980001449585),(-0.0293320007324219,0.00393000006675721,
0.00291700005531311),(-0.0293320007324219,0.00513299989700317,0.00233400011062622),
(-0.0293320007324219,0.052867000579834,0.00233400011062622),(-0.0293320007324219,
0.0540699996948242,0.00291700005531311),(-0.0293320007324219,0.0540699996948242,
0.0069980001449585),(-0.0293250007629394,0.00393600010871887,0.00282699990272522),
(-0.0293250007629394,0.00498899984359741,0.00233400011062622),(-0.0293250007629394,
0.0530110015869141,0.00233400011062622),(-0.0293250007629394,0.0540639991760254,
0.00282699990272522),(-0.0293229999542237,0.00415999984741211,0.00256500005722046),
(-0.0293229999542237,0.00453000020980835,0.00240599989891053),(-0.0293229999542237,
0.0534700012207031,0.00240599989891053),(-0.0293229999542237,0.0538400001525879,
0.00256500005722046),(-0.0293040008544922,0.00395300006866455,0.00273799991607666),
(-0.0293040008544922,0.00484700012207031,0.00233400011062622),(-0.0293040008544922,
0.0531529998779297,0.00233400011062622),(-0.0293040008544922,0.0540470008850098,
0.00273799991607666),(-0.0292689990997314,0.00398200011253357,0.00265000009536743),
(-0.0292689990997314,0.00470699977874756,0.00233400011062622),(-0.0292689990997314,
0.0532929992675781,0.00233400011062622),(-0.0292689990997314,0.0540180015563965,
0.00265000009536743),(-0.0292569999694824,0.0042039999961853,0.00248399996757507),
(-0.0292569999694824,0.0043899998664856,0.00240599989891053),(-0.0292569999694824,
0.0536100006103516,0.00240599989891053),(-0.0292569999694824,0.0537960014343262,
0.00248399996757507),(-0.0292210006713867,0.00402199983596802,0.00256500005722046),
(-0.0292210006713867,0.00457200002670288,0.00233400011062622),(-0.0292210006713867,
0.0534280014038086,0.00233400011062622),(-0.0292210006713867,0.0539780006408691,
0.00256500005722046),(-0.0292070007324219,0.00379299998283386,0.00291700005531311),
(-0.0292070007324219,0.00379299998283386,0.0069980001449585),(-0.0292070007324219,
0.00513299989700317,0.00226699995994568),(-0.0292070007324219,0.052867000579834,
0.00226699995994568),(-0.0292070007324219,0.0542070007324219,0.00291700005531311),
(-0.0292070007324219,0.0542070007324219,0.0069980001449585),(-0.0292010002136231,
0.00379900002479553,0.00282699990272522),(-0.0292010002136231,0.00500099992752075,
0.00226699995994568),(-0.0292010002136231,0.0529990005493164,0.00226699995994568),
(-0.0292010002136231,0.0542010002136231,0.00282699990272522),(-0.0291819992065429,
0.0038180000782013,0.00273799991607666),(-0.0291819992065429,0.00487099981307983,
0.00226699995994568),(-0.0291819992065429,0.0531290016174316,0.00226699995994568),
(-0.0291819992065429,0.054181999206543,0.00273799991607666),(-0.02917799949646,
0.00425699996948242,0.00240599989891053),(-0.02917799949646,0.0537430000305176,
0.00240599989891053),(-0.0291590003967285,0.00407200002670288,0.00248399996757507),
(-0.0291590003967285,0.00444199991226197,0.00233400011062622),(-0.0291590003967285,
0.0535579986572266,0.00233400011062622),(-0.0291590003967285,0.0539280014038086,
0.00248399996757507),(-0.0291499996185303,0.00384999990463257,0.00265000009536743),
(-0.0291499996185303,0.00474399995803833,0.00226699995994568),(-0.0291499996185303,
0.0532560005187988,0.00226699995994568),(-0.0291499996185303,0.0541500015258789,
0.00265000009536743),(-0.0291049995422363,0.00389499998092652,0.00256500005722046),
(-0.0291049995422363,0.00461999988555908,0.00226699995994568),(-0.0291049995422363,
0.0533800010681152,0.00226699995994568),(-0.0291049995422363,0.0541049995422363,
0.00256500005722046),(-0.0290849990844727,0.00413299989700317,0.00240599989891053),
(-0.0290849990844727,0.00431899976730347,0.00233400011062622),(-0.0290849990844727,
0.0536809997558594,0.00233400011062622),(-0.0290849990844727,0.053867000579834,
0.00240599989891053),(-0.0290699996948242,0.00366799998283386,0.0069980001449585),
(-0.0290699996948242,0.00366799998283386,0.00291700005531311),(-0.0290699996948242,
0.00513299989700317,0.00220600008964539),(-0.0290699996948242,0.052867000579834,
0.00220600008964539),(-0.0290699996948242,0.0543320007324219,0.00291700005531311),
(-0.0290699996948242,0.0543320007324219,0.0069980001449585),(-0.0290639991760254,
0.00367499995231629,0.00282699990272522),(-0.0290639991760254,0.0050149998664856,
0.00220600008964539),(-0.0290639991760254,0.0529850006103516,0.00220600008964539),
(-0.0290639991760254,0.0543250007629395,0.00282699990272522),(-0.029048999786377,
0.00395099997520447,0.00248399996757507),(-0.029048999786377,0.00450099992752075,
0.00226699995994568),(-0.029048999786377,0.0534990005493164,0.00226699995994568),
(-0.029048999786377,0.054048999786377,0.00248399996757507),(-0.0290470008850097,
0.00369600009918213,0.00273799991607666),(-0.0290470008850097,0.00489799976348877,
0.00220600008964539),(-0.0290470008850097,0.0531020011901856,0.00220600008964539),
(-0.0290470008850097,0.0543040008544922,0.00273799991607666),(-0.0290179996490478,
0.00373099994659424,0.00265000009536743),(-0.0290179996490478,0.00478399991989136,
0.00220600008964539),(-0.0290179996490478,0.0532159996032715,0.00220600008964539),
(-0.0290179996490478,0.0542690010070801,0.00265000009536743),(-0.029,0.00420300006866455,
0.00233400011062622),(-0.029,0.0537970008850098,0.00233400011062622),(-0.0289820003509522,
0.00401800012588501,0.00240599989891053),(-0.0289820003509522,0.00438800001144409,
0.00226699995994568),(-0.0289820003509522,0.0536119995117188,0.00226699995994568),
(-0.0289820003509522,0.0539819984436035,0.00240599989891053),(-0.0289780006408691,
0.00377900004386902,0.00256500005722046),(-0.0289780006408691,0.0046729998588562,
0.00220600008964539),(-0.0289780006408691,0.0533269996643066,0.00220600008964539),
(-0.0289780006408691,0.0542210006713867,0.00256500005722046),(-0.02892799949646,
0.00384100008010864,0.00248399996757507),(-0.02892799949646,0.00456599998474121,
0.00220600008964539),(-0.02892799949646,0.0534339981079102,0.00220600008964539),
(-0.02892799949646,0.0541590003967285,0.00248399996757507),(-0.028920000076294,
0.0035569999217987,0.00291700005531311),(-0.028920000076294,0.0035569999217987,
0.0069980001449585),(-0.028920000076294,0.00513299989700317,0.00215300011634826),
(-0.028920000076294,0.052867000579834,0.00215300011634826),(-0.028920000076294,
0.054443000793457,0.00291700005531311),(-0.028920000076294,0.054443000793457,
0.0069980001449585),(-0.0289150009155274,0.00356399989128113,0.00282699990272522),
(-0.0289150009155274,0.00502899980545044,0.00215300011634826),(-0.0289150009155274,
0.0529710006713867,0.00215300011634826),(-0.0289150009155274,0.0544360008239746,
0.00282699990272522),(-0.0289029998779297,0.00409700012207032,0.00233400011062622),
(-0.0289029998779297,0.0042829999923706,0.00226699995994568),(-0.0289029998779297,
0.0537169990539551,0.00226699995994568),(-0.0289029998779297,0.0539029998779297,
0.00233400011062622),(-0.0288999996185303,0.00358699989318848,0.00273799991607666),
(-0.0288999996185303,0.00492700004577637,0.00215300011634826),(-0.0288999996185303,
0.0530730018615723,0.00215300011634826),(-0.0288999996185303,0.0544129981994629,
0.00273799991607666),(-0.028875,0.003625,0.00265000009536743),(-0.028875,
0.0048270001411438,0.00215300011634826),(-0.028875,0.0531730003356934,0.00215300011634826),
(-0.028875,0.054375,0.00265000009536743),(-0.028867000579834,0.00391499996185303,
0.00240599989891053),(-0.028867000579834,0.00446500015258789,0.00220600008964539),
(-0.028867000579834,0.0535349998474121,0.00220600008964539),(-0.028867000579834,
0.0540849990844727,0.00240599989891053),(-0.0288400001525879,0.00367700004577637,
0.00256500005722046),(-0.0288400001525879,0.00473000001907349,0.00215300011634826),
(-0.0288400001525879,0.0532700004577637,0.00215300011634826),(-0.0288400001525879,
0.0543230018615723,0.00256500005722046),(-0.0288150005340576,0.00418499994277954,
0.00226699995994568),(-0.0288150005340576,0.053814998626709,0.00226699995994568),
(-0.0287970008850097,0.004,0.00233400011062622),(-0.0287970008850097,0.00436999988555909,
0.00220600008964539),(-0.0287970008850097,0.0536300010681152,0.00220600008964539),
(-0.0287970008850097,0.054,0.00233400011062622),(-0.0287959995269775,0.00374300003051758,
0.00248399996757507),(-0.0287959995269775,0.00463600015640259,0.00215300011634826),
(-0.0287959995269775,0.0533639984130859,0.00215300011634826),(-0.0287959995269775,
0.0542569999694824,0.00248399996757507),(-0.0287609996795655,0.00346099996566772,
0.00291700005531311),(-0.0287609996795655,0.00346099996566772,0.0069980001449585),
(-0.0287609996795655,0.00513299989700317,0.00210599994659424),(-0.0287609996795655,
0.052867000579834,0.00210599994659424),(-0.0287609996795655,0.0545390014648438,
0.00291700005531311),(-0.0287609996795655,0.0545390014648438,0.0069980001449585),
(-0.0287560005187989,0.00346900010108948,0.00282699990272522),(-0.0287560005187989,
0.00504500007629395,0.00210599994659424),(-0.0287560005187989,0.0529550018310547,
0.00210599994659424),(-0.0287560005187989,0.0545309982299805,0.00282699990272522),
(-0.0287439994812012,0.00349300003051758,0.00273799991607666),(-0.0287439994812012,
0.00495800018310547,0.00210599994659424),(-0.0287439994812012,0.0530419998168945,
0.00210599994659424),(-0.0287439994812012,0.0545069999694824,0.00273799991607666),
(-0.0287430000305176,0.00382200002670288,0.00240599989891053),(-0.0287430000305176,
0.0045479998588562,0.00215300011634826),(-0.0287430000305176,0.0534519996643066,
0.00215300011634826),(-0.0287430000305176,0.0541780014038086,0.00240599989891053),
(-0.0287220001220703,0.00353299999237061,0.00265000009536743),(-0.0287220001220703,
0.0048730001449585,0.00210599994659424),(-0.0287220001220703,0.0531269989013672,
0.00210599994659424),(-0.0287220001220703,0.0544669990539551,0.00265000009536743),
(-0.0287169990539551,0.00409700012207032,0.00226699995994568),(-0.0287169990539551,
0.0042829999923706,0.00220600008964539),(-0.0287169990539551,0.0537169990539551,
0.00220600008964539),(-0.0287169990539551,0.0539029998779297,0.00226699995994568),
(-0.028693000793457,0.00358899998664856,0.00256500005722046),(-0.028693000793457,
0.00479099988937378,0.00210599994659424),(-0.028693000793457,0.0532089996337891,
0.00210599994659424),(-0.028693000793457,0.0544109992980957,0.00256500005722046),
(-0.0286809997558594,0.00391499996185303,0.00233400011062622),(-0.0286809997558594,
0.00446500015258789,0.00215300011634826),(-0.0286809997558594,0.0535349998474121,
0.00215300011634826),(-0.0286809997558594,0.0540849990844727,0.00233400011062622),
(-0.0286550006866455,0.00365899991989136,0.00248399996757507),(-0.0286550006866455,
0.00471199989318848,0.00210599994659424),(-0.0286550006866455,0.0532879981994629,
0.00210599994659424),(-0.0286550006866455,0.0543409996032715,0.00248399996757507),
(-0.0286299991607666,0.00420300006866455,0.00220600008964539),(-0.0286299991607666,
0.0537970008850098,0.00220600008964539),(-0.0286119995117187,0.00401800012588501,
0.00226699995994568),(-0.0286119995117187,0.00438800001144409,0.00215300011634826),
(-0.0286119995117187,0.0536119995117188,0.00215300011634826),(-0.0286119995117187,
0.0539819984436035,0.00226699995994568),(-0.0286100006103516,0.00374300003051758,
0.00240599989891053),(-0.0286100006103516,0.00463600015640259,0.00210599994659424),
(-0.0286100006103516,0.0533639984130859,0.00210599994659424),(-0.0286100006103516,
0.0542569999694824,0.00240599989891053),(-0.0285930004119873,0.00338199996948242,
0.0069980001449585),(-0.0285930004119873,0.00338199996948243,0.00291700005531311),
(-0.0285930004119873,0.00513299989700317,0.0020680000782013),(-0.0285930004119873,
0.052867000579834,0.0020680000782013),(-0.0285930004119873,0.0546180000305176,
0.00291700005531311),(-0.0285930004119873,0.0546180000305176,0.0069980001449585),
(-0.0285890007019043,0.00339000010490417,0.00282699990272522),(-0.0285890007019043,
0.00506199979782104,0.0020680000782013),(-0.0285890007019043,0.0529379997253418,
0.0020680000782013),(-0.0285890007019043,0.0546100006103516,0.00282699990272522),
(-0.0285790004730224,0.00341499996185303,0.00273799991607666),(-0.0285790004730224,
0.00499100017547607,0.0020680000782013),(-0.0285790004730224,0.0530089988708496,
0.0020680000782013),(-0.0285790004730224,0.0545849990844727,0.00273799991607666),
(-0.0285610008239746,0.00345700001716614,0.00265000009536743),(-0.0285610008239746,
0.00492199993133545,0.0020680000782013),(-0.0285610008239746,0.0530779991149902,
0.0020680000782013),(-0.0285610008239746,0.0545429992675781,0.00265000009536743),
(-0.0285580005645752,0.00384100008010864,0.00233400011062622),(-0.0285580005645752,
0.00456599998474121,0.00210599994659424),(-0.0285580005645752,0.0534339981079102,
0.00210599994659424),(-0.0285580005645752,0.0541590003967285,0.00233400011062622),
(-0.028537000656128,0.00351500010490418,0.00256500005722046),(-0.028537000656128,
0.00485500001907349,0.0020680000782013),(-0.028537000656128,0.0531450004577637,
0.0020680000782013),(-0.028537000656128,0.0544850006103516,0.00256500005722046),
(-0.0285349998474121,0.00413299989700317,0.00220600008964539),(-0.0285349998474121,
0.00431899976730347,0.00215300011634826),(-0.0285349998474121,0.0536809997558594,
0.00215300011634826),(-0.0285349998474121,0.053867000579834,0.00220600008964539),
(-0.0285069999694824,0.00358899998664856,0.00248399996757507),(-0.0285069999694824,
0.00479099988937378,0.0020680000782013),(-0.0285069999694824,0.0532089996337891,
0.0020680000782013),(-0.0285069999694824,0.0544109992980957,0.00248399996757507),
(-0.0284990005493164,0.00395099997520447,0.00226699995994568),(-0.0284990005493164,
0.00450099992752075,0.00210599994659424),(-0.0284990005493164,0.0534990005493164,
0.00210599994659424),(-0.0284990005493164,0.054048999786377,0.00226699995994568),
(-0.0284699993133545,0.00367700004577637,0.00240599989891053),(-0.0284699993133545,
0.00473000001907349,0.0020680000782013),(-0.0284699993133545,0.0532700004577637,
0.0020680000782013),(-0.0284699993133545,0.0543230018615723,0.00240599989891053),
(-0.0284519996643067,0.00425699996948242,0.00215300011634826),(-0.0284519996643067,
0.0537430000305176,0.00215300011634826),(-0.0284340000152588,0.00407200002670288,
0.00220600008964539),(-0.0284340000152588,0.00444199991226197,0.00210599994659424),
(-0.0284340000152588,0.0535579986572266,0.00210599994659424),(-0.0284340000152588,
0.0539280014038086,0.00220600008964539),(-0.02842799949646,0.00377900004386902,
0.00233400011062622),(-0.02842799949646,0.0046729998588562,0.0020680000782013),
(-0.02842799949646,0.0533269996643066,0.0020680000782013),(-0.02842799949646,
0.0542210006713867,0.00233400011062622),(-0.0284169998168946,0.00331900000572204,
0.00291700005531311),(-0.0284169998168946,0.00331900000572204,0.0069980001449585),
(-0.0284169998168946,0.00513299989700317,0.0020369999408722),(-0.0284169998168946,
0.052867000579834,0.0020369999408722),(-0.0284169998168946,0.0546809997558594,
0.00291700005531311),(-0.0284169998168946,0.0546809997558594,0.0069980001449585),
(-0.0284150009155274,0.00332800006866455,0.00282699990272522),(-0.0284150009155274,
0.0050789999961853,0.0020369999408722),(-0.0284150009155274,0.0529210014343262,
0.0020369999408722),(-0.0284150009155274,0.0546720008850098,0.00282699990272522),
(-0.0284069995880127,0.00335400009155273,0.00273799991607666),(-0.0284069995880127,
0.00502500009536743,0.0020369999408722),(-0.0284069995880127,0.0529749984741211,
0.0020369999408722),(-0.0284069995880127,0.0546459999084473,0.00273799991607666),
(-0.0283939990997314,0.00339700007438659,0.00265000009536743),(-0.0283939990997314,
0.00497300004959107,0.0020369999408722),(-0.0283939990997314,0.0530270004272461,
0.0020369999408722),(-0.0283939990997314,0.0546030006408691,0.00265000009536743),
(-0.0283799991607666,0.00389499998092652,0.00226699995994568),(-0.0283799991607666,
0.00461999988555908,0.0020680000782013),(-0.0283799991607666,0.0533800010681152,
0.0020680000782013),(-0.0283799991607666,0.0541049995422363,0.00226699995994568),
(-0.0283759994506836,0.00345700001716614,0.00256500005722046),(-0.0283759994506836,
0.00492199993133545,0.0020369999408722),(-0.0283759994506836,0.0530779991149902,
0.0020369999408722),(-0.0283759994506836,0.0545429992675781,0.00256500005722046),
(-0.0283640003204346,0.0042039999961853,0.00215300011634826),(-0.0283640003204346,
0.0043899998664856,0.00210599994659424),(-0.0283640003204346,0.0536100006103516,
0.00210599994659424),(-0.0283640003204346,0.0537960014343262,0.00215300011634826),
(-0.0283530006408691,0.00353299999237061,0.00248399996757507),(-0.0283530006408691,
0.0048730001449585,0.0020369999408722),(-0.0283530006408691,0.0531269989013672,
0.0020369999408722),(-0.0283530006408691,0.0544669990539551,0.00248399996757507),
(-0.0283269996643066,0.00402199983596802,0.00220600008964539),(-0.0283269996643066,
0.00457200002670288,0.0020680000782013),(-0.0283269996643066,0.0534280014038086,
0.0020680000782013),(-0.0283269996643066,0.0539780006408691,0.00220600008964539),
(-0.0283250007629394,0.003625,0.00240599989891053),(-0.0283250007629394,
0.0048270001411438,0.0020369999408722),(-0.0283250007629394,0.0531730003356934,
0.0020369999408722),(-0.0283250007629394,0.054375,0.00240599989891053),
(-0.0282929992675781,0.00373099994659424,0.00233400011062622),(-0.0282929992675781,
0.00478399991989136,0.0020369999408722),(-0.0282929992675781,0.0532159996032715,
0.0020369999408722),(-0.0282929992675781,0.0542690010070801,0.00233400011062622),
(-0.0282880001068115,0.00434499979019165,0.00210599994659424),(-0.0282880001068115,
0.0536549987792969,0.00210599994659424),(-0.0282700004577637,0.00415999984741211,
0.00215300011634826),(-0.0282700004577637,0.00453000020980835,0.0020680000782013),
(-0.0282700004577637,0.0534700012207031,0.0020680000782013),(-0.0282700004577637,
0.0538400001525879,0.00215300011634826),(-0.0282560005187989,0.00384999990463257,
0.00226699995994568),(-0.0282560005187989,0.00474399995803833,0.0020369999408722),
(-0.0282560005187989,0.0532560005187988,0.0020369999408722),(-0.0282560005187989,
0.0541500015258789,0.00226699995994568),(-0.0282369995117187,0.0032739999294281,
0.00291700005531311),(-0.0282369995117187,0.0032739999294281,0.0069980001449585),
(-0.0282369995117187,0.00513299989700317,0.00201500010490418),(-0.0282369995117187,
0.052867000579834,0.00201500010490418),(-0.0282369995117187,0.054726001739502,
0.00291700005531311),(-0.0282369995117187,0.054726001739502,0.0069980001449585),
(-0.0282350006103516,0.0032829999923706,0.00282699990272522),(-0.0282350006103516,
0.00509600019454956,0.00201500010490418),(-0.0282350006103516,0.0529039993286133,
0.00201500010490418),(-0.0282350006103516,0.0547169990539551,0.00282699990272522),
(-0.0282299995422363,0.00330999994277954,0.00273799991607666),(-0.0282299995422363,
0.00506099987030029,0.00201500010490418),(-0.0282299995422363,0.0529389991760254,
0.00201500010490418),(-0.0282299995422363,0.054689998626709,0.00273799991607666),
(-0.0282210006713867,0.00335400009155273,0.00265000009536743),(-0.0282210006713867,
0.00502500009536743,0.00201500010490418),(-0.0282210006713867,0.0529749984741211,
0.00201500010490418),(-0.0282210006713867,0.0546459999084473,0.00265000009536743),
(-0.0282159996032715,0.00398200011253357,0.00220600008964539),(-0.0282159996032715,
0.00470699977874756,0.0020369999408722),(-0.0282159996032715,0.0532929992675781,
0.0020369999408722),(-0.0282159996032715,0.0540180015563965,0.00220600008964539),
(-0.0282089996337891,0.00341499996185303,0.00256500005722046),(-0.0282089996337891,
0.00430700016021729,0.00210599994659424),(-0.0282089996337891,0.00449300003051758,
0.0020680000782013),(-0.0282089996337891,0.00499100017547607,0.00201500010490418),
(-0.0282089996337891,0.0530089988708496,0.00201500010490418),(-0.0282089996337891,
0.0535069999694824,0.0020680000782013),(-0.0282089996337891,0.053693000793457,
0.00210599994659424),(-0.0282089996337891,0.0545849990844727,0.00256500005722046),
(-0.0281930007934571,0.00349300003051758,0.00248399996757507),(-0.0281930007934571,
0.00495800018310547,0.00201500010490418),(-0.0281930007934571,0.0530419998168945,
0.00201500010490418),(-0.0281930007934571,0.0545069999694824,0.00248399996757507),
(-0.0281749992370605,0.00358699989318848,0.00240599989891053),(-0.0281749992370605,
0.00492700004577637,0.00201500010490418),(-0.0281749992370605,0.0530730018615723,
0.00201500010490418),(-0.0281749992370605,0.0544129981994629,0.00240599989891053),
(-0.0281730003356934,0.004125,0.00215300011634826),(-0.0281730003356934,
0.00467500019073486,0.0020369999408722),(-0.0281730003356934,0.0533250007629395,
0.0020369999408722),(-0.0281730003356934,0.053875,0.00215300011634826),
(-0.0281529998779297,0.00369600009918213,0.00233400011062622),(-0.0281529998779297,
0.00489799976348877,0.00201500010490418),(-0.0281529998779297,0.0531020011901856,
0.00201500010490418),(-0.0281529998779297,0.0543040008544922,0.00233400011062622),
(-0.0281450004577637,0.00446299982070923,0.0020680000782013),(-0.0281450004577637,
0.0535369987487793,0.0020680000782013),(-0.028128999710083,0.0038180000782013,
0.00226699995994568),(-0.028128999710083,0.00487099981307983,0.00201500010490418),
(-0.028128999710083,0.0531290016174316,0.00201500010490418),(-0.028128999710083,
0.054181999206543,0.00226699995994568),(-0.0281270008087158,0.00427799987792969,
0.00210599994659424),(-0.0281270008087158,0.00464699983596802,0.0020369999408722),
(-0.0281270008087158,0.0533530006408691,0.0020369999408722),(-0.0281270008087158,
0.0537220001220703,0.00210599994659424),(-0.0281019992828369,0.00395300006866455,
0.00220600008964539),(-0.0281019992828369,0.00484700012207031,0.00201500010490418),
(-0.0281019992828369,0.0531529998779297,0.00201500010490418),(-0.0281019992828369,
0.0540470008850098,0.00220600008964539),(-0.0280779991149902,0.0044390001296997,
0.0020680000782013),(-0.0280779991149902,0.00462400007247925,0.0020369999408722),
(-0.0280779991149902,0.0533759994506836,0.0020369999408722),(-0.0280779991149902,
0.0535610008239746,0.0020680000782013),(-0.0280729999542236,0.00409999990463257,
0.00215300011634826),(-0.0280729999542236,0.00482499980926514,0.00201500010490418),
(-0.0280729999542236,0.0531749992370606,0.00201500010490418),(-0.0280729999542236,
0.0539000015258789,0.00215300011634826),(-0.02805299949646,0.00324699997901917,
0.00291700005531311),(-0.02805299949646,0.00324699997901917,0.0069980001449585),
(-0.02805299949646,0.00513299989700317,0.00200200009346009),(-0.02805299949646,
0.052867000579834,0.00200200009346009),(-0.02805299949646,0.0547529983520508,
0.00291700005531311),(-0.02805299949646,0.0547529983520508,0.0069980001449585),
(-0.0280520000457764,0.00325600004196167,0.00282699990272522),(-0.0280520000457764,
0.0547439994812012,0.00282699990272522),(-0.0280520000457764,0.00511399984359741,
0.00200200009346009),(-0.0280520000457764,0.0528860015869141,0.00200200009346009),
(-0.0280499992370605,0.0032829999923706,0.00273799991607666),(-0.0280499992370605,
0.00509600019454956,0.00200200009346009),(-0.0280499992370605,0.0529039993286133,
0.00200200009346009),(-0.0280499992370605,0.0547169990539551,0.00273799991607666),
(-0.028045000076294,0.00332800006866455,0.00265000009536743),(-0.028045000076294,
0.0050789999961853,0.00200200009346009),(-0.028045000076294,0.0529210014343262,
0.00200200009346009),(-0.028045000076294,0.0546720008850098,0.00265000009536743),
(-0.0280419998168946,0.00425600004196167,0.00210599994659424),(-0.0280419998168946,
0.00480700016021729,0.00201500010490418),(-0.0280419998168946,0.053193000793457,
0.00201500010490418),(-0.0280419998168946,0.0537439994812012,0.00210599994659424),
(-0.0280389995574951,0.00339000010490417,0.00256500005722046),(-0.0280389995574951,
0.00506199979782105,0.00200200009346009),(-0.0280389995574951,0.0529379997253418,
0.00200200009346009),(-0.0280389995574951,0.0546100006103516,0.00256500005722046),
(-0.0280310001373291,0.00346900010108948,0.00248399996757507),(-0.0280310001373291,
0.00504500007629395,0.00200200009346009),(-0.0280310001373291,0.0529550018310547,
0.00200200009346009),(-0.0280310001373291,0.0545309982299805,0.00248399996757507),
(-0.0280270004272461,0.00460599994659424,0.0020369999408722),(-0.0280270004272461,
0.0533940010070801,0.0020369999408722),(-0.0280219993591308,0.00356399989128113,
0.00240599989891053),(-0.0280219993591308,0.00502899980545044,0.00200200009346009),
(-0.0280219993591308,0.0529710006713867,0.00200200009346009),(-0.0280219993591308,
0.0544360008239746,0.00240599989891053),(-0.0280109996795655,0.00367499995231629,
0.00233400011062622),(-0.0280109996795655,0.0050149998664856,0.00200200009346009),
(-0.0280109996795655,0.0529850006103516,0.00200200009346009),(-0.0280109996795655,
0.0543250007629395,0.00233400011062622),(-0.0280090007781983,0.0044210000038147,
0.0020680000782013),(-0.0280090007781983,0.00479099988937378,0.00201500010490418),
(-0.0280090007781983,0.0532089996337891,0.00201500010490418),(-0.0280090007781983,
0.0535789985656738,0.0020680000782013),(-0.0279990005493164,0.00379900002479553,
0.00226699995994568),(-0.0279990005493164,0.00500099992752075,0.00200200009346009),
(-0.0279990005493164,0.0529990005493164,0.00200200009346009),(-0.0279990005493164,
0.0542010002136231,0.00226699995994568),(-0.0279850006103516,0.00393600010871887,
0.00220600008964539),(-0.0279850006103516,0.00498899984359741,0.00200200009346009),
(-0.0279850006103516,0.0530110015869141,0.00200200009346009),(-0.0279850006103516,
0.0540639991760254,0.00220600008964539),(-0.0279750003814698,0.00459299993515015,
0.0020369999408722),(-0.0279750003814698,0.00477899980545044,0.00201500010490418),
(-0.0279750003814698,0.0532210006713867,0.00201500010490418),(-0.0279750003814698,
0.0534070014953613,0.0020369999408722),(-0.0279710006713867,0.00408500003814698,
0.00215300011634826),(-0.0279710006713867,0.00497800016403198,0.00200200009346009),
(-0.0279710006713867,0.0530219993591309,0.00200200009346009),(-0.0279710006713867,
0.0539150009155274,0.00215300011634826),(-0.0279549999237061,0.00424399995803833,
0.00210599994659424),(-0.0279549999237061,0.0049689998626709,0.00200200009346009),
(-0.0279549999237061,0.0530309982299805,0.00200200009346009),(-0.0279549999237061,
0.0537560005187988,0.00210599994659424),(-0.0279389991760254,0.00476999998092651,
0.00201500010490418),(-0.0279389991760254,0.0532299995422363,0.00201500010490418),
(-0.0279379997253418,0.00441099977493286,0.0020680000782013),(-0.0279379997253418,
0.00496099996566772,0.00200200009346009),(-0.0279379997253418,0.0530390014648438,
0.00200200009346009),(-0.0279379997253418,0.0535890007019043,0.0020680000782013),
(-0.0279209995269776,0.00458500003814697,0.0020369999408722),(-0.0279209995269776,
0.00495499992370606,0.00200200009346009),(-0.0279209995269776,0.0530449981689453,
0.00200200009346009),(-0.0279209995269776,0.0534150009155274,0.0020369999408722),
(-0.0279039993286133,0.0047649998664856,0.00201500010490418),(-0.0279039993286133,
0.00494999980926514,0.00200200009346009),(-0.0279039993286133,0.0530499992370605,
0.00200200009346009),(-0.0279039993286133,0.0532350006103516,0.00201500010490418),
(-0.0278859996795655,0.00494799995422363,0.00200200009346009),(-0.0278859996795655,
0.0530519981384277,0.00200200009346009),(-0.027867000579834,0.00323799991607666,
0.00291700005531311),(-0.027867000579834,0.00323799991607666,0.0069980001449585),
(-0.027867000579834,0.00324699997901917,0.00282699990272522),(-0.027867000579834,
0.0032739999294281,0.00273799991607666),(-0.027867000579834,0.00331900000572204,
0.00265000009536743),(-0.027867000579834,0.00338199996948242,0.00256500005722046),
(-0.027867000579834,0.00346099996566772,0.00248399996757507),(-0.027867000579834,
0.0035569999217987,0.00240599989891053),(-0.027867000579834,0.00366799998283386,
0.00233400011062622),(-0.027867000579834,0.00379299998283386,0.00226699995994568),
(-0.027867000579834,0.00393000006675721,0.00220600008964539),(-0.027867000579834,
0.00407999992370606,0.00215300011634826),(-0.027867000579834,0.00423899984359741,
0.00210599994659424),(-0.027867000579834,0.00440700006484985,0.0020680000782013),
(-0.027867000579834,0.00458300018310547,0.0020369999408722),(-0.027867000579834,
0.00476300001144409,0.00201500010490418),(-0.027867000579834,0.00494700002670288,
0.00200200009346009),(-0.027867000579834,0.0530530014038086,0.00200200009346009),
(-0.027867000579834,0.0532369995117188,0.00201500010490418),(-0.027867000579834,
0.0534169998168945,0.0020369999408722),(-0.027867000579834,0.0535929985046387,
0.0020680000782013),(-0.027867000579834,0.0537610015869141,0.00210599994659424),
(-0.027867000579834,0.0539199981689453,0.00215300011634826),(-0.027867000579834,
0.0540699996948242,0.00220600008964539),(-0.027867000579834,0.0542070007324219,
0.00226699995994568),(-0.027867000579834,0.0543320007324219,0.00233400011062622),
(-0.027867000579834,0.054443000793457,0.00240599989891053),(-0.027867000579834,
0.0545390014648438,0.00248399996757507),(-0.027867000579834,0.0546180000305176,
0.00256500005722046),(-0.027867000579834,0.0546809997558594,0.00265000009536743),
(-0.027867000579834,0.054726001739502,0.00273799991607666),(-0.027867000579834,
0.0547529983520508,0.00282699990272522),(-0.027867000579834,0.0547630004882812,
0.00291700005531311),(-0.027867000579834,0.0547630004882813,0.0069980001449585),
(-0.0278670005798339,0.00513299989700317,0.00199800002574921),(-0.0278670005798339,
0.052867000579834,0.00199800002574921),(-0.02330299949646,0.0327680015563965,
0.00199800002574921),(-0.0233014984130859,0.0415,0.),(-0.0232885112762451,
0.0413041954040528,0.),(-0.0232885112762451,0.0416958045959473,0.),(-0.0232495498657227,
0.0411113891601562,0.),(-0.0232495498657227,0.0418886108398437,0.),(-0.0231866130828857,
0.0409255752563477,0.),(-0.0231866130828857,0.0420744247436524,0.),(-0.0230996990203857,
0.0407497520446777,0.),(-0.0230996990203857,0.0422502479553222,0.),(-0.0229908084869385,
0.0405859146118164,0.),(-0.0229908084869385,0.0424140853881836,0.),(-0.0228609390258789,
0.0404390602111817,0.),(-0.0228609390258789,0.0425609397888183,0.),(-0.0228020000457764,
0.0415,0.000665000021457672),(-0.0228020000457764,0.0415,0.00199800002574921),
(-0.022793025970459,0.0413693733215332,0.00066541314125061),(-0.022793025970459,
0.0416306266784668,0.00066541314125061),(-0.0227929992675782,0.0413689994812012,
0.000665347933769226),(-0.0227929992675782,0.0413689994812012,0.00199800002574921),
(-0.0227929992675782,0.0416310005187989,0.000665347933769226),(-0.0227929992675782,
0.0416310005187989,0.00199800002574921),(-0.0227679996490479,0.0412410011291504,
0.000664215981960297),(-0.0227679996490479,0.0412410011291504,0.00199800002574921),
(-0.0227679996490479,0.0417589988708496,0.000664215981960297),(-0.0227679996490479,
0.0417589988708496,0.00199800002574921),(-0.022767837524414,0.0412405319213867,
0.000664304673671723),(-0.022767837524414,0.0417594680786133,0.000664304673671723),
(-0.0227250003814698,0.041117000579834,0.000665564179420471),(-0.0227250003814698,
0.041117000579834,0.00199800002574921),(-0.0227250003814698,0.041882999420166,
0.000665564179420471),(-0.0227250003814698,0.041882999420166,0.00199800002574921),
(-0.0227249202728271,0.0411168365478515,0.000665595471858978),(-0.0227249202728271,
0.0418831634521485,0.000665595471858978),(-0.0227140846252442,0.0403091926574707,
0.),(-0.0227140846252442,0.0426908073425293,0.),(-0.0226672019958496,0.0409994087219238,
0.000665203094482422),(-0.0226672019958496,0.0420005912780761,0.000665203094482422),
(-0.0226669998168946,0.0409990005493164,0.000665124237537384),(-0.0226669998168946,
0.0409990005493164,0.00199800002574921),(-0.0226669998168946,0.0420009994506836,
0.000665124237537384),(-0.0226669998168946,0.0420009994506836,0.00199800002574921),
(-0.0225949993133545,0.0408899993896484,0.000664629459381104),(-0.0225949993133545,
0.0408899993896484,0.00199800002574921),(-0.0225949993133545,0.0421100006103516,
0.000664629459381104),(-0.0225949993133545,0.0421100006103516,0.00199800002574921),
(-0.0225948657989502,0.0408898468017578,0.000664667189121246),(-0.0225948657989502,
0.0421101531982422,0.000664667189121246),(-0.0225502490997315,0.0402003021240235,
0.),(-0.0225502490997315,0.0427996978759766,0.),(-0.022507999420166,0.0407919998168945,
0.000665000021457672),(-0.022507999420166,0.0407919998168945,0.00199800002574921),
(-0.022507999420166,0.0422080001831054,0.000665000021457672),(-0.022507999420166,
0.0422080001831054,0.00199800002574921),(-0.0224101524353028,0.040705135345459,
0.000664667189121246),(-0.0224101524353028,0.042294864654541,0.000664667189121246),
(-0.0224099998474121,0.0407050018310547,0.000664629459381104),(-0.0224099998474121,
0.0407050018310547,0.00199800002574921),(-0.0224099998474121,0.0422949981689453,
0.000664629459381104),(-0.0224099998474121,0.0422949981689454,0.00199800002574921),
(-0.0223744258880615,0.0401133880615235,0.),(-0.0223744258880615,0.0428866119384766,
0.),(-0.0223010005950928,0.040632999420166,0.000665124237537384),(-0.0223010005950928,
0.042367000579834,0.000665124237537384),(-0.0223010005950928,0.040632999420166,
0.00199800002574921),(-0.0223010005950928,0.042367000579834,0.00199800002574921),
(-0.0223005905151367,0.040632797241211,0.000665203094482422),(-0.0223005905151367,
0.0423672027587891,0.000665203094482422),(-0.0221886119842529,0.0400504493713379,
0.),(-0.0221886119842529,0.0429495506286621,0.),(-0.022183162689209,0.0405750808715821,
0.000665595471858978),(-0.022183162689209,0.0424249191284179,0.000665595471858978),
(-0.0221830005645752,0.0405750007629395,0.000665564179420471),(-0.0221830005645752,
0.0405750007629395,0.00199800002574921),(-0.0221830005645752,0.0424249992370605,
0.000665564179420471),(-0.0221830005645752,0.0424249992370605,0.00199800002574921),
(-0.0220594692230224,0.0405321617126465,0.000664304673671723),(-0.0220594692230224,
0.0424678382873535,0.000664304673671723),(-0.0220590000152588,0.0405320014953614,
0.000664215981960297),(-0.0220590000152588,0.0405320014953614,0.00199800002574921),
(-0.0220590000152588,0.0424679985046387,0.000664215981960297),(-0.0220590000152588,
0.0424679985046387,0.00199800002574921),(-0.0219958038330078,0.0400114898681641,
0.),(-0.0219958038330078,0.042988510131836,0.),(-0.0219309997558594,0.0405069999694824,
0.000665347933769226),(-0.0219309997558594,0.0405069999694824,0.00199800002574921),
(-0.0219309997558594,0.0424930000305176,0.000665347933769226),(-0.0219309997558594,
0.0424930000305176,0.00199800002574921),(-0.0219306259155274,0.0405069732666015,
0.00066541314125061),(-0.0219306259155274,0.0424930267333984,0.00066541314125061),
(-0.0217999992370605,0.0399995002746582,0.),(-0.0217999992370605,0.0404980010986329,
0.000664111852645874),(-0.0217999992370605,0.0404980010986329,0.00199800002574921),
(-0.0217999992370605,0.0425019989013672,0.000665000021457672),(-0.0217999992370605,
0.0425019989013672,0.00199800002574921),(-0.0217999992370605,0.0430014991760254,
0.),(-0.0216693744659424,0.0405069732666015,0.00066541314125061),(-0.0216693744659424,
0.0424930267333984,0.00066541314125061),(-0.0216690006256103,0.0405069999694824,
0.000665347933769226),(-0.0216690006256103,0.0405069999694824,0.00199800002574921),
(-0.0216690006256103,0.0424930000305176,0.000665347933769226),(-0.0216690006256103,
0.0424930000305176,0.00199800002574921),(-0.0216041965484619,0.0400114898681641,
0.),(-0.0216041965484619,0.042988510131836,0.),(-0.021541000366211,0.0405320014953614,
0.000664215981960297),(-0.021541000366211,0.0405320014953614,0.00199800002574921),
(-0.021541000366211,0.0424679985046387,0.000664215981960297),(-0.021541000366211,
0.0424679985046387,0.00199800002574921),(-0.0215405311584473,0.0405321617126465,
0.000664304673671723),(-0.0215405311584473,0.0424678382873535,0.000664304673671723),
(-0.0214169998168946,0.0405750007629395,0.000665564179420471),(-0.0214169998168946,
0.0405750007629395,0.00199800002574921),(-0.0214169998168946,0.0424249992370605,
0.000665564179420471),(-0.0214169998168946,0.0424249992370605,0.00199800002574921),
(-0.0214168376922607,0.0405750808715821,0.000665595471858978),(-0.0214168376922607,
0.0424249191284179,0.000665595471858978),(-0.0214113883972168,0.0400504493713379,
0.),(-0.0214113883972168,0.0429495506286621,0.),(-0.021299409866333,0.040632797241211,
0.000665203094482422),(-0.021299409866333,0.0423672027587891,0.000665203094482422),
(-0.021298999786377,0.040632999420166,0.000665124237537384),(-0.021298999786377,
0.040632999420166,0.00199800002574921),(-0.021298999786377,0.042367000579834,
0.000665124237537384),(-0.021298999786377,0.042367000579834,0.00199800002574921),
(-0.0212255744934082,0.0401133880615235,0.),(-0.0212255744934082,0.0428866119384766,
0.),(-0.0211900005340576,0.0407050018310547,0.000664629459381104),(-0.0211900005340576,
0.0407050018310547,0.00199800002574921),(-0.0211900005340576,0.0422949981689453,
0.000664629459381104),(-0.0211900005340576,0.0422949981689454,0.00199800002574921),
(-0.021189847946167,0.040705135345459,0.000664667189121246),(-0.021189847946167,
0.042294864654541,0.000664667189121246),(-0.0210919990539551,0.0407919998168945,
0.000665000021457672),(-0.0210919990539551,0.0407919998168945,0.00199800002574921),
(-0.0210919990539551,0.0422080001831054,0.000665000021457672),(-0.0210919990539551,
0.0422080001831054,0.00199800002574921),(-0.0210497512817383,0.0402003021240235,
0.),(-0.0210497512817383,0.0427996978759766,0.),(-0.0210051345825196,0.0408898468017578,
0.000664667189121246),(-0.0210051345825196,0.0421101531982422,0.000664667189121246),
(-0.0210049991607666,0.0408899993896484,0.000664629459381104),(-0.0210049991607666,
0.0408899993896484,0.00199800002574921),(-0.0210049991607666,0.0421100006103516,
0.000664629459381104),(-0.0210049991607666,0.0421100006103516,0.00199800002574921),
(-0.0209330005645752,0.0409990005493164,0.000665124237537384),(-0.0209330005645752,
0.0409990005493164,0.00199800002574921),(-0.0209330005645752,0.0420009994506836,
0.000665124237537384),(-0.0209330005645752,0.0420009994506836,0.00199800002574921),
(-0.0209327983856201,0.0409994087219238,0.000665203094482422),(-0.0209327983856201,
0.0420005912780761,0.000665203094482422),(-0.020885913848877,0.0403091926574707,
0.),(-0.020885913848877,0.0426908073425293,0.),(-0.0208750801086426,0.0411168365478515,
0.000665595471858978),(-0.0208750801086426,0.0418831634521485,0.000665595471858978),
(-0.020875,0.041117000579834,0.000665564179420471),(-0.020875,0.041117000579834,
0.00199800002574921),(-0.020875,0.041882999420166,0.000665564179420471),
(-0.020875,0.041882999420166,0.00199800002574921),(-0.0208321628570556,
0.0412405319213867,0.000664304673671723),(-0.0208321628570556,0.0417594680786133,
0.000664304673671723),(-0.0208320007324219,0.0412410011291504,0.000664215981960297),
(-0.0208320007324219,0.0412410011291504,0.00199800002574921),(-0.0208320007324219,
0.0417589988708496,0.000664215981960297),(-0.0208320007324219,0.0417589988708496,
0.00199800002574921),(-0.0208069992065429,0.0413689994812012,0.000665347933769226),
(-0.0208069992065429,0.0413689994812012,0.00199800002574921),(-0.0208069992065429,
0.0416310005187989,0.000665347933769226),(-0.0208069992065429,0.0416310005187989,
0.00199800002574921),(-0.0208069744110108,0.0413693733215332,0.00066541314125061),
(-0.0208069744110108,0.0416306266784668,0.00066541314125061),(-0.0207980003356933,
0.0415,0.000664111852645874),(-0.0207980003356933,0.0415,0.00199800002574921),
(-0.0207390613555908,0.0404390602111817,0.),(-0.0207390613555908,0.0425609397888183,
0.),(-0.0206091918945313,0.0405859146118164,0.),(-0.0206091918945313,0.0424140853881836,
0.),(-0.0205002994537353,0.0407497520446777,0.),(-0.0205002994537353,0.0422502479553222,
0.),(-0.020413387298584,0.0409255752563477,0.),(-0.020413387298584,0.0420744247436524,
0.),(-0.020350450515747,0.0411113891601562,0.),(-0.020350450515747,0.0418886108398437,
0.),(-0.0203114891052246,0.0413041954040528,0.),(-0.0203114891052246,0.0416958045959473,
0.),(-0.0202995014190674,0.0415,0.),(-0.0156969995498657,0.0547630004882813,
0.00547300004959107),(-0.0156969995498657,0.0547630004882813,0.0069980001449585),
(-0.0156969995498657,0.057,0.00547300004959107),(-0.0156969995498657,0.057,
0.0069980001449585),(-0.0156759996414184,0.0547630004882812,0.00532100009918213),
(-0.0156759996414184,0.057,0.00532100009918213),(-0.0156129999160766,0.0547630004882812,
0.00517199993133545),(-0.0156129999160766,0.057,0.00517199993133545),(-0.0155100002288819,
0.0547630004882812,0.00503000020980835),(-0.0155100002288819,0.057,0.00503000020980835),
(-0.0153699998855591,0.0547630004882812,0.00490000009536743),(-0.0153699998855591,
0.057,0.00490000009536743),(-0.0151960000991821,0.0547630004882812,0.00478299999237061),
(-0.0151960000991821,0.057,0.00478299999237061),(-0.0151014976501465,0.0232000007629394,
0.),(-0.0150885105133056,0.0230041961669922,0.),(-0.0150885105133056,0.0233958034515381,
0.),(-0.0150495500564575,0.022811388015747,0.),(-0.0150495500564575,0.0235886116027832,
0.),(-0.0149910001754761,0.0547630004882812,0.00468400001525879),(-0.0149910001754761,
0.057,0.00468400001525879),(-0.0149866123199463,0.0226255741119385,0.),
(-0.0149866123199463,0.0237744255065918,0.),(-0.0148996992111206,0.0224497509002685,
0.),(-0.0148996992111206,0.0239502487182617,0.),(-0.0148909997940063,0.001,
0.00349799990653992),(-0.0148909997940063,0.001,0.0069980001449585),(-0.0148909997940063,
0.00323799991607666,0.00349799990653992),(-0.0148909997940063,0.00323799991607666,
0.0069980001449585),(-0.0148629999160767,0.001,0.00326300001144409),(-0.0148629999160767,
0.00323799991607666,0.00326300001144409),(-0.0147908086776733,0.0222859153747559,
0.),(-0.0147908086776733,0.0241140861511231,0.),(-0.0147770004272461,0.001,
0.00303399991989136),(-0.0147770004272461,0.00323799991607666,0.00303399991989136),
(-0.0147620000839233,0.0547630004882812,0.00460400009155274),(-0.0147620000839233,
0.057,0.00460400009155274),(-0.0147015161514282,0.00323799991607666,0.00291700005531311),
(-0.0146609382629395,0.0221390609741211,0.),(-0.0146609382629395,0.0242609386444092,
0.),(-0.0146434516906738,0.00324699997901917,0.00282699990272522),(-0.0146370000839233,
0.001,0.00281699991226196),(-0.0146370000839233,0.00325003361701965,0.00281699991226196),
(-0.0146020002365112,0.0232000007629394,0.000665000021457672),(-0.0146020002365112,
0.0232000007629394,0.00199800002574921),(-0.0145930252075195,0.0230693740844727,
0.00066541314125061),(-0.0145930252075195,0.0233306255340576,0.00066541314125061),
(-0.0145930004119873,0.0230690002441406,0.000665347933769226),(-0.0145930004119873,
0.0230690002441406,0.00199800002574921),(-0.0145930004119873,0.0233309993743896,
0.000665347933769226),(-0.0145930004119873,0.0233309993743896,0.00199800002574921),
(-0.0145679998397827,0.0229409999847412,0.000664215981960297),(-0.0145679998397827,
0.0229409999847412,0.00199800002574921),(-0.0145679998397827,0.0234589996337891,
0.000664215981960297),(-0.0145679998397827,0.0234589996337891,0.00199800002574921),
(-0.0145678377151489,0.0229405307769775,0.000664304673671723),(-0.0145678377151489,
0.0234594688415528,0.000664304673671723),(-0.0145619306564331,0.0032739999294281,
0.00273799991607666),(-0.0145249996185303,0.0228169994354248,0.000665564179420471),
(-0.0145249996185303,0.0228169994354248,0.00199800002574921),(-0.0145249996185303,
0.0235830001831055,0.000665564179420471),(-0.0145249996185303,0.0235830001831055,
0.00199800002574921),(-0.014524920463562,0.022816837310791,0.000665595471858978),
(-0.014524920463562,0.0235831623077392,0.000665595471858978),(-0.0145140857696533,
0.0220091915130615,0.),(-0.0145140857696533,0.0243908081054688,0.),(-0.0145139999389648,
0.0547630004882812,0.00454500007629395),(-0.0145139999389648,0.057,0.00454500007629395),
(-0.0144783086776733,0.00331900000572204,0.00265000009536743),(-0.0144672012329102,
0.0226994094848633,0.000665203094482422),(-0.0144672012329102,0.023700590133667,
0.000665203094482422),(-0.0144670000076294,0.0226989994049073,0.000665124237537384),
(-0.0144670000076294,0.0226989994049073,0.00199800002574921),(-0.0144670000076294,
0.023701000213623,0.000665124237537384),(-0.0144670000076294,0.023701000213623,
0.00199800002574921),(-0.0144460000991821,0.001,0.0026159999370575),(-0.0144460000991821,
0.00334419989585876,0.0026159999370575),(-0.0143950004577637,0.0225900001525879,
0.000664629459381104),(-0.0143950004577637,0.0225900001525879,0.00199800002574921),
(-0.0143950004577637,0.0238099994659424,0.000664629459381104),(-0.0143950004577637,
0.0238099994659424,0.00199800002574921),(-0.0143948650360107,0.0225898475646973,
0.000664667189121246),(-0.0143948650360107,0.023810152053833,0.000664667189121246),
(-0.0143781900405884,0.00338199996948243,0.00256500005722046),(-0.0143502492904663,
0.0219003009796142,0.),(-0.0143502492904663,0.0244997005462646,0.),(-0.0143079996109009,
0.022492000579834,0.000665000021457672),(-0.0143079996109009,0.022492000579834,
0.00199800002574921),(-0.0143079996109009,0.0239080009460449,0.000665000021457672),
(-0.0143079996109009,0.0239080009460449,0.00199800002574921),(-0.0142704916000366,
0.00346099996566772,0.00248399996757507),(-0.0142530002593994,0.0547630004882812,
0.00451000022888184),(-0.0142530002593994,0.057,0.00451000022888184),(-0.0142101526260376,
0.0224051342010498,0.000664667189121246),(-0.0142101526260376,0.0239948654174805,
0.000664667189121246),(-0.014210000038147,0.0224050006866455,0.000664629459381104),
(-0.014210000038147,0.0224050006866455,0.00199800002574921),(-0.014210000038147,
0.0239950008392334,0.000664629459381104),(-0.014210000038147,0.0239950008392334,
0.00199800002574921),(-0.0142080001831055,0.001,0.00243700003623962),(-0.0142080001831055,
0.00351884603500366,0.00243700003623962),(-0.0141744251251221,0.0218133869171142,
0.),(-0.0141744251251221,0.024586612701416,0.),(-0.0141514701843262,0.0035569999217987,
0.00240599989891053),(-0.0141009998321533,0.0223330001831054,0.000665124237537384),
(-0.0141009998321533,0.0223330001831054,0.00199800002574921),(-0.0141009998321533,
0.0240669994354248,0.000665124237537384),(-0.0141009998321533,0.0240669994354248,
0.00199800002574921),(-0.0141005907058716,0.0223327980041504,0.000665203094482422),
(-0.0141005907058716,0.0240672016143799,0.000665203094482422),(-0.0140201768875122,
0.00366799998283386,0.00233400011062622),(-0.0139886112213135,0.0217504501342773,
0.),(-0.0139886112213135,0.024649549484253,0.),(-0.0139849996566772,0.0547630004882813,
0.0044980001449585),(-0.0139849996566772,0.057,0.0044980001449585),(-0.0139831619262695,
0.0222750797271728,0.000665595471858978),(-0.0139831619262695,0.0241249198913574,
0.000665595471858978),(-0.0139829998016357,0.0222749996185303,0.000665564179420471),
(-0.0139829998016357,0.0222749996185303,0.00199800002574921),(-0.0139829998016357,
0.024125,0.000665564179420471),(-0.0139829998016357,0.024125,0.00199800002574921),
(-0.0139289999008179,0.001,0.00228399991989136),(-0.0139289999008179,0.00376128363609314,
0.00228399991989136),(-0.0138858776092529,0.00379299998283387,0.00226699995994568),
(-0.013859468460083,0.022232162475586,0.000664304673671723),(-0.013859468460083,
0.0241678371429443,0.000664304673671723),(-0.0138590002059936,0.0222320003509521,
0.000664215981960297),(-0.0138590002059936,0.0222320003509521,0.00199800002574921),
(-0.0138590002059936,0.0241679992675782,0.000664215981960297),(-0.0138590002059936,
0.0241679992675782,0.00199800002574921),(-0.0137958040237427,0.0217114887237549,
0.),(-0.0137958040237427,0.0246885108947754,0.),(-0.013731146812439,0.00393000006675721,
0.00220600008964539),(-0.0137309999465942,0.0222070007324219,0.000665347933769226),
(-0.0137309999465942,0.0222070007324219,0.00199800002574921),(-0.0137309999465942,
0.0241930007934571,0.000665347933769226),(-0.0137309999465942,0.0241930007934571,
0.00199800002574921),(-0.0137306261062622,0.022206974029541,0.00066541314125061),
(-0.0137306261062622,0.0241930255889892,0.00066541314125061),(-0.0136169996261597,
0.001,0.00216100001335144),(-0.0136169996261597,0.0040573582649231,0.00216100001335144),
(-0.0136000003814697,0.0216995010375977,0.),(-0.0136000003814697,0.0221979999542237,
0.000664111852645874),(-0.0136000003814697,0.0221979999542237,0.00199800002574921),
(-0.0136000003814697,0.0242019996643066,0.000665000021457672),(-0.0136000003814697,
0.0242019996643066,0.00199800002574921),(-0.0136000003814697,0.0247014980316162,
0.),(-0.0135869560241699,0.00407999992370606,0.00215300011634826),(-0.0134693737030029,
0.022206974029541,0.00066541314125061),(-0.0134693737030029,0.0241930255889892,
0.00066541314125061),(-0.0134689998626709,0.0222070007324219,0.000665347933769226),
(-0.0134689998626709,0.0222070007324219,0.00199800002574921),(-0.0134689998626709,
0.0241930007934571,0.000665347933769226),(-0.0134689998626709,0.0241930007934571,
0.00199800002574921),(-0.0134104442596436,0.00423899984359741,0.00210599994659424),
(-0.0134041957855225,0.0217114887237549,0.),(-0.0134041957855225,0.0246885108947754,
0.),(-0.0133409996032715,0.0222320003509521,0.000664215981960297),(-0.0133409996032715,
0.0241679992675782,0.000664215981960297),(-0.0133409996032715,0.0222320003509521,
0.00199800002574921),(-0.0133409996032715,0.0241679992675782,0.00199800002574921),
(-0.0133405313491821,0.022232162475586,0.000664304673671723),(-0.0133405313491821,
0.0241678371429443,0.000664304673671723),(-0.0132790002822876,0.001,0.00207100009918213),
(-0.0132790002822876,0.00439373683929443,0.00207100009918213),(-0.0132595272064209,
0.00440700006484985,0.0020680000782013),(-0.0132170000076294,0.0222749996185303,
0.000665564179420471),(-0.0132170000076294,0.0222749996185303,0.00199800002574921),
(-0.0132170000076294,0.024125,0.000665564179420471),(-0.0132170000076294,
0.024125,0.00199800002574921),(-0.0132168378829956,0.0222750797271728,0.000665595471858978),
(-0.0132168378829956,0.0241249198913574,0.000665595471858978),(-0.0132113885879517,
0.0217504501342773,0.),(-0.0132113885879517,0.024649549484253,0.),(-0.0130994091033936,
0.0223327980041504,0.000665203094482422),(-0.0130994091033936,0.0240672016143799,
0.000665203094482422),(-0.0130989999771118,0.0223330001831054,0.000665124237537384),
(-0.0130989999771118,0.0223330001831054,0.00199800002574921),(-0.0130989999771118,
0.0240669994354248,0.000665124237537384),(-0.0130989999771118,0.0240669994354248,
0.00199800002574921),(-0.0130583095550537,0.00458300018310547,0.0020369999408722),
(-0.0130255746841431,0.0218133869171142,0.),(-0.0130255746841431,0.024586612701416,
0.),(-0.0129899997711182,0.0224050006866455,0.000664629459381104),(-0.0129899997711182,
0.0224050006866455,0.00199800002574921),(-0.0129899997711182,0.0239950008392334,
0.000664629459381104),(-0.0129899997711182,0.0239950008392334,0.00199800002574921),
(-0.0129898481369019,0.0224051342010498,0.000664667189121246),(-0.0129898481369019,
0.0239948654174805,0.000664667189121246),(-0.0129219999313354,0.001,0.00201600003242492),
(-0.0129219999313354,0.00475481796264649,0.00201600003242492),(-0.0129017219543457,
0.00476300001144409,0.00201500010490418),(-0.0128920001983643,0.022492000579834,
0.000665000021457672),(-0.0128920001983643,0.022492000579834,0.00199800002574921),
(-0.0128920001983643,0.0239080009460449,0.000665000021457672),(-0.0128920001983643,
0.0239080009460449,0.00199800002574921),(-0.0128497505187988,0.0219003009796142,
0.),(-0.0128497505187988,0.0244997005462646,0.),(-0.0128051347732544,0.0225898475646973,
0.000664667189121246),(-0.0128051347732544,0.023810152053833,0.000664667189121246),
(-0.0128050003051758,0.0225900001525879,0.000664629459381104),(-0.0128050003051758,
0.0225900001525879,0.00199800002574921),(-0.0128050003051758,0.0238099994659424,
0.000664629459381104),(-0.0128050003051758,0.0238099994659424,0.00199800002574921),
(-0.0127329998016357,0.0226989994049072,0.00199800002574921),(-0.0127329998016357,
0.0226989994049073,0.000665124237537384),(-0.0127329998016357,0.023701000213623,
0.000665124237537384),(-0.0127329998016357,0.023701000213623,0.00199800002574921),
(-0.012732798576355,0.0226994094848633,0.000665203094482422),(-0.012732798576355,
0.023700590133667,0.000665203094482422),(-0.0126859149932861,0.0220091915130615,
0.),(-0.0126859149932861,0.0243908081054688,0.),(-0.0126750793457031,0.022816837310791,
0.000665595471858978),(-0.0126750793457031,0.0235831623077392,0.000665595471858978),
(-0.0126750001907349,0.0228169994354248,0.000665564179420471),(-0.0126750001907349,
0.0228169994354248,0.00199800002574921),(-0.0126750001907349,0.0235830001831055,
0.000665564179420471),(-0.0126750001907349,0.0235830001831055,0.00199800002574921),
(-0.0126381111145019,0.00494700002670288,0.00200200009346009),(-0.0126321620941162,
0.0229405307769775,0.000664304673671723),(-0.0126321620941162,0.0234594688415528,
0.000664304673671723),(-0.0126319999694824,0.0229409999847412,0.000664215981960297),
(-0.0126319999694824,0.0229409999847412,0.00199800002574921),(-0.0126319999694824,
0.0234589996337891,0.000664215981960297),(-0.0126319999694824,0.0234589996337891,
0.00199800002574921),(-0.0126070003509521,0.0230690002441406,0.000665347933769226),
(-0.0126070003509521,0.0230690002441406,0.00199800002574921),(-0.0126070003509521,
0.0233309993743896,0.000665347933769226),(-0.0126070003509521,0.0233309993743896,
0.00199800002574921),(-0.0126069746017456,0.0230693740844727,0.00066541314125061),
(-0.0126069746017456,0.0233306255340576,0.00066541314125061),(-0.0125979995727539,
0.0232000007629394,0.000664111852645874),(-0.0125979995727539,0.0232000007629394,
0.00199800002574921),(-0.0125570001602173,0.001,0.00199800002574921),(-0.0125570001602173,
0.00513299989700317,0.00199800002574921),(-0.0125390615463257,0.0221390609741211,
0.),(-0.0125390615463257,0.0242609386444092,0.),(-0.0124091911315918,0.0222859153747559,
0.),(-0.0124091911315918,0.0241140861511231,0.),(-0.0123003005981445,0.0224497509002685,
0.),(-0.0123003005981445,0.0239502487182617,0.),(-0.0122133874893188,0.0226255741119385,
0.),(-0.0122133874893188,0.0237744255065918,0.),(-0.0121504507064819,0.022811388015747,
0.),(-0.0121504507064819,0.0235886116027832,0.),(-0.0121114892959595,0.0230041961669922,
0.),(-0.0121114892959595,0.0233958034515381,0.),(-0.0120995016098022,0.0232000007629394,
0.),(-0.00599599981307983,0.0547630004882813,0.0044980001449585),(-0.00599599981307983,
0.057,0.0044980001449585),(-0.00572900009155274,0.0547630004882812,0.00451000022888184),
(-0.00572900009155274,0.057,0.00451000022888184),(-0.0054670000076294,0.0547630004882812,
0.00454500007629395),(-0.0054670000076294,0.057,0.00454500007629395),(-0.0052189998626709,
0.0547630004882812,0.00460400009155274),(-0.0052189998626709,0.057,0.00460400009155274),
(-0.00498999977111816,0.0547630004882812,0.00468400001525879),(-0.00498999977111816,
0.057,0.00468400001525879),(-0.00478599977493286,0.0547630004882812,0.00478299999237061),
(-0.00478599977493286,0.057,0.00478299999237061),(-0.00461100006103516,
0.0547630004882812,0.00490000009536743),(-0.00461100006103516,0.057,0.00490000009536743),
(-0.00447100019454956,0.0547630004882813,0.00503000020980835),(-0.00447100019454956,
0.057,0.00503000020980835),(-0.00436800003051758,0.0547630004882813,0.00517199993133545),
(-0.00436800003051758,0.057,0.00517199993133545),(-0.00430600023269653,
0.0547630004882812,0.00532100009918213),(-0.00430600023269653,0.057,0.00532100009918213),
(-0.00428499984741211,0.0547630004882812,0.0069980001449585),(-0.00428499984741211,
0.0547630004882813,0.00547300004959107),(-0.00428499984741211,0.057,0.00547300004959107),
(-0.00428499984741211,0.057,0.0069980001449585),(-0.00409600019454956,0.0547630004882812,
0.00291700005531311),(-0.00409600019454956,0.057,0.00128699994087219),(-0.00192799997329712,
0.0547630004882812,0.00547300004959106),(-0.00192799997329712,0.0547630004882813,
0.0069980001449585),(-0.00192799997329712,0.057,0.00547300004959106),(-0.00192799997329712,
0.057,0.0069980001449585),(-0.00190699994564057,0.0547630004882813,0.00532100009918213),
(-0.00190699994564057,0.057,0.00532100009918213),(-0.00184500002861023,
0.0547630004882813,0.00517199993133545),(-0.00184500002861023,0.057,0.00517199993133545),
(-0.00174199998378753,0.0547630004882812,0.00503000020980835),(-0.00174199998378753,
0.057,0.00503000020980835),(-0.00166499996185303,0.001,0.00199800002574921),
(-0.00166499996185303,0.00513299989700318,0.00199800002574921),(-0.00160099995136261,
0.0547630004882812,0.00490000009536743),(-0.00160099995136261,0.057,0.00490000009536743),
(-0.00158388888835907,0.00494700002670288,0.00200200009346009),(-0.00142700004577637,
0.0547630004882812,0.00478299999237061),(-0.00142700004577637,0.057,0.00478299999237061),
(-0.00132027781009674,0.00476300001144409,0.00201500010490418),(-0.00129999995231628,
0.001,0.00201600003242492),(-0.00129999995231628,0.00475481796264649,0.00201600003242492),
(-0.00122300004959106,0.0547630004882812,0.00468400001525879),(-0.00122300004959106,
0.057,0.00468400001525879),(-0.0011640727519989,0.00458300018310547,0.0020369999408722),
(-0.000994000017642975,0.0547630004882812,0.00460400009155274),(-0.000994000017642975,
0.057,0.00460400009155274),(-0.000963418185710907,0.00440700006484985,0.0020680000782013),
(-0.000944000005722046,0.001,0.00207100009918213),(-0.000944000005722046,
0.00439373683929443,0.00207100009918213),(-0.000812166690826416,0.00423899984359741,
0.00210599994659424),(-0.000745999991893768,0.0547630004882812,0.00454500007629395),
(-0.000745999991893768,0.057,0.00454500007629395),(-0.000635133326053619,
0.00407999992370606,0.00215300011634826),(-0.000605000019073486,0.001,0.00216100001335144),
(-0.000605000019073486,0.0040573582649231,0.00216100001335144),(-0.000490853667259216,
0.00393000006675721,0.00220600008964539),(-0.000483999997377396,0.0547630004882812,
0.00451000022888184),(-0.000483999997377396,0.057,0.00451000022888184),
(-0.000336121946573257,0.00379299998283387,0.00226699995994568),(-0.000293000012636185,
0.001,0.00228399991989136),(-0.000293000012636185,0.00376128363609314,0.00228399991989136),
(-0.000216999992728233,0.0547630004882812,0.0044980001449585),(-0.000216999992728233,
0.057,0.0044980001449585),(-0.000205733329057693,0.00379299998283386,0.00226699995994568),
(-0.000201823532581329,0.00366799998283386,0.00233400011062622),(-7.05294087529183E-5,
0.0035569999217987,0.00240599989891053),(-1.40000004321337E-5,0.001,0.00243700003623962),
(-1.40000004321337E-5,0.00351884603500366,0.00243700003623962),(0.,0.00440700006484985,
0.0020680000782013),(0.,0.0163840007781983,0.),(0.,0.0327680015563965,0.),
(0.,0.0327680015563965,0.00199800002574921),(4.82290498912335E-5,0.00346099996566772,
0.00248399996757507),(0.000155474856495858,0.00338199996948243,0.00256500005722046),
(0.000223000004887581,0.001,0.0026159999370575),(0.000223000004887581,0.00334419989585876,
0.0026159999370575),(0.000255477607250213,0.00331900000572204,0.00265000009536743),
(0.00033953732252121,0.0032739999294281,0.00273799991607666),(0.00041499999165535,
0.001,0.00281699991226196),(0.00041499999165535,0.00325003361701965,0.00281699991226196),
(0.000421451598405838,0.00324699997901917,0.00282699990272522),(0.000479516118764877,
0.00323799991607666,0.00291700005531311),(0.000555000007152557,0.001,0.00303399991989136),
(0.000555000007152557,0.00323799991607666,0.00303399991989136),(0.000639999985694885,
0.001,0.00326300001144409),(0.000639999985694885,0.00323799991607666,0.00326300001144409),
(0.000669000029563904,0.001,0.00349799990653992),(0.000669000029563904,
0.001,0.0069980001449585),(0.000669000029563904,0.00323799991607666,0.00349799990653992),
(0.000669000029563904,0.00323799991607666,0.0069980001449585),(0.000669000029563904,
0.00331900000572204,0.00265000009536743),(0.00204800009727478,0.054939998626709,
0.),(0.0032995011806488,0.0232000007629394,0.),(0.00331148934364319,0.0230041961669922,
0.),(0.00331148934364319,0.0233958034515381,0.),(0.00335045027732849,0.022811388015747,
0.),(0.00335045027732849,0.0235886116027832,0.),(0.00341338729858399,0.0226255741119385,
0.),(0.00341338729858399,0.0237744255065918,0.),(0.00350030040740967,0.0224497509002685,
0.),(0.00350030040740967,0.0239502487182617,0.),(0.00360919141769409,0.0222859153747559,
0.),(0.00360919141769409,0.0241140861511231,0.),(0.00373906135559082,0.0221390609741211,
0.),(0.00373906135559082,0.0242609386444092,0.),(0.00379399991035462,0.001,
0.00349799990653992),(0.00379399991035462,0.001,0.0069980001449585),(0.00379399991035462,
0.00323799991607666,0.00349799990653992),(0.00379399991035462,0.00323799991607666,
0.0069980001449585),(0.00379800009727478,0.0232000007629394,0.000664111852645874),
(0.00379800009727478,0.0232000007629394,0.00199800002574921),(0.00380697441101074,
0.0230693740844727,0.00066541314125061),(0.00380697441101074,0.0233306255340576,
0.00066541314125061),(0.0038069999217987,0.0230690002441406,0.000665347933769226),
(0.0038069999217987,0.0230690002441406,0.00199800002574921),(0.0038069999217987,
0.0233309993743896,0.000665347933769226),(0.0038069999217987,0.0233309993743896,
0.00199800002574921),(0.00382299995422363,0.001,0.00326300001144409),(0.00382299995422364,
0.00323799991607666,0.00326300001144409),(0.00383200001716614,0.0229409999847412,
0.000664215981960297),(0.00383200001716614,0.0229409999847412,0.00199800002574921),
(0.00383200001716614,0.0234589996337891,0.000664215981960297),(0.00383200001716614,
0.0234589996337891,0.00199800002574921),(0.0038321623802185,0.0229405307769775,
0.000664304673671723),(0.0038321623802185,0.0234594688415528,0.000664304673671723),
(0.003875,0.0228169994354248,0.000665564179420471),(0.003875,0.0228169994354248,
0.00199800002574921),(0.003875,0.0235830001831055,0.000665564179420471),
(0.003875,0.0235830001831055,0.00199800002574921),(0.00387507963180542,
0.022816837310791,0.000665595471858978),(0.00387507963180542,0.0235831623077392,
0.000665595471858978),(0.00388591456413269,0.0220091915130615,0.),(0.00388591456413269,
0.0243908081054688,0.),(0.0039079999923706,0.001,0.00303399991989136),(0.0039079999923706,
0.00323799991607666,0.00303399991989136),(0.00393279862403869,0.0226994094848633,
0.000665203094482422),(0.00393279862403869,0.023700590133667,0.000665203094482422),
(0.00393300008773804,0.0226989994049073,0.000665124237537384),(0.00393300008773804,
0.0226989994049073,0.00199800002574921),(0.00393300008773804,0.023701000213623,
0.000665124237537384),(0.00393300008773804,0.023701000213623,0.00199800002574921),
(0.00398348379135132,0.00323799991607666,0.00291700005531311),(0.00400500011444092,
0.0225900001525879,0.000664629459381104),(0.00400500011444092,0.0225900001525879,
0.00199800002574921),(0.00400500011444092,0.0238099994659424,0.000664629459381104),
(0.00400500011444092,0.0238099994659424,0.00199800002574921),(0.00400513505935669,
0.0225898475646973,0.000664667189121246),(0.00400513505935669,0.023810152053833,
0.000664667189121246),(0.00404154825210571,0.00324699997901917,0.00282699990272522),
(0.0040479998588562,0.001,0.00281699991226196),(0.0040479998588562,0.00325003361701965,
0.00281699991226196),(0.00404975080490112,0.0219003009796142,0.),(0.00404975080490112,
0.0244997005462646,0.),(0.0040920000076294,0.022492000579834,0.000665000021457672),
(0.0040920000076294,0.022492000579834,0.00199800002574921),(0.0040920000076294,
0.0239080009460449,0.000665000021457672),(0.0040920000076294,0.0239080009460449,
0.00199800002574921),(0.00409600019454956,0.001,0.00128699994087219),(0.00412346267700195,
0.0032739999294281,0.00273799991607666),(0.00418984794616699,0.0224051342010498,
0.000664667189121246),(0.00418984794616699,0.0239948654174805,0.000664667189121246),
(0.00419000005722046,0.0224050006866455,0.000664629459381104),(0.00419000005722046,
0.0224050006866455,0.00199800002574921),(0.00419000005722046,0.0239950008392334,
0.000664629459381104),(0.00419000005722046,0.0239950008392334,0.00199800002574921),
(0.00420752239227295,0.00331900000572204,0.00265000009536743),(0.00422557449340821,
0.0218133869171142,0.),(0.00422557449340821,0.024586612701416,0.),(0.00423999977111816,
0.001,0.0026159999370575),(0.00423999977111816,0.00334419989585876,0.0026159999370575),
(0.00429899978637696,0.0223330001831054,0.000665124237537384),(0.00429899978637696,
0.0223330001831054,0.00199800002574921),(0.00429899978637696,0.0240669994354248,
0.000665124237537384),(0.00429899978637696,0.0240669994354248,0.00199800002574921),
(0.00429940938949585,0.0223327980041504,0.000665203094482422),(0.00429940938949585,
0.0240672016143799,0.000665203094482422),(0.00430752515792847,0.00338199996948242,
0.00256500005722046),(0.00441138887405395,0.0217504501342773,0.),(0.00441138887405395,
0.024649549484253,0.),(0.00441477108001709,0.00346099996566772,0.00248399996757507),
(0.00441683769226075,0.0222750797271728,0.000665595471858978),(0.00441683769226075,
0.0241249198913574,0.000665595471858978),(0.00441699981689453,0.0222749996185303,
0.000665564179420471),(0.00441699981689453,0.0222749996185303,0.00199800002574921),
(0.00441699981689453,0.024125,0.000665564179420471),(0.00441699981689453,
0.024125,0.00199800002574921),(0.00447700023651123,0.001,0.00243700003623962),
(0.00447700023651123,0.00351884603500366,0.00243700003623962),(0.00453352928161621,
0.0035569999217987,0.00240599989891053),(0.00454053163528442,0.022232162475586,
0.000664304673671723),(0.00454053163528442,0.0241678371429443,0.000664304673671723),
(0.00454099988937378,0.0222320003509521,0.000664215981960297),(0.00454099988937378,
0.0222320003509521,0.00199800002574921),(0.00454099988937378,0.0241679992675782,
0.000664215981960297),(0.00454099988937378,0.0241679992675782,0.00199800002574921),
(0.00460419607162476,0.0217114887237549,0.),(0.00460419607162476,0.0246885108947754,
0.),(0.00466482353210449,0.00366799998283386,0.00233400011062622),(0.00466900014877319,
0.0222070007324219,0.000665347933769226),(0.00466900014877319,0.0222070007324219,
0.00199800002574921),(0.00466900014877319,0.0241930007934571,0.000665347933769226),
(0.00466900014877319,0.0241930007934571,0.00199800002574921),(0.00466937398910523,
0.022206974029541,0.00066541314125061),(0.00466937398910523,0.0241930255889892,
0.00066541314125061),(0.00475600004196167,0.001,0.00228399991989136),(0.00475600004196167,
0.00376128363609314,0.00228399991989136),(0.00479912185668945,0.00379299998283387,
0.00226699995994568),(0.00480000019073486,0.0216995010375977,0.),(0.00480000019073486,
0.0221979999542237,0.000664111852645874),(0.00480000019073486,0.0221979999542237,
0.00199800002574921),(0.00480000019073486,0.0242019996643066,0.000665000021457672),
(0.00480000019073486,0.0242019996643066,0.00199800002574921),(0.00480000019073486,
0.0247014980316162,0.),(0.0049306263923645,0.022206974029541,0.00066541314125061),
(0.0049306263923645,0.0241930255889892,0.00066541314125061),(0.00493100023269653,
0.0222070007324219,0.000665347933769226),(0.00493100023269653,0.0222070007324219,
0.00199800002574921),(0.00493100023269653,0.0241930007934571,0.000665347933769226),
(0.00493100023269653,0.0241930007934571,0.00199800002574921),(0.00495385360717774,
0.00393000006675721,0.00220600008964539),(0.00499580430984497,0.0217114887237549,
0.),(0.00499580430984497,0.0246885108947754,0.),(0.00505900001525879,0.0222320003509521,
0.000664215981960297),(0.00505900001525879,0.0222320003509521,0.00199800002574921),
(0.00505900001525879,0.0241679992675782,0.000664215981960297),(0.00505900001525879,
0.0241679992675782,0.00199800002574921),(0.00505946826934815,0.022232162475586,
0.000664304673671723),(0.00505946826934815,0.0241678371429443,0.000664304673671723),
(0.00506799983978272,0.001,0.00216100001335144),(0.00506799983978272,0.0040573582649231,
0.00216100001335144),(0.00509813356399536,0.00407999992370606,0.00215300011634826),
(0.00518300008773804,0.0222749996185303,0.000665564179420471),(0.00518300008773804,
0.0222749996185303,0.00199800002574921),(0.00518300008773804,0.024125,0.000665564179420471),
(0.00518300008773804,0.024125,0.00199800002574921),(0.00518316221237183,
0.0222750797271728,0.000665595471858978),(0.00518316221237183,0.0241249198913574,
0.000665595471858978),(0.00518861103057861,0.0217504501342773,0.),(0.00518861103057861,
0.024649549484253,0.),(0.00527516651153565,0.00423899984359741,0.00210599994659424),
(0.00530059051513672,0.0223327980041504,0.000665203094482422),(0.00530059051513672,
0.0240672016143799,0.000665203094482422),(0.00530100011825562,0.0223330001831054,
0.000665124237537384),(0.00530100011825562,0.0223330001831054,0.00199800002574921),
(0.00530100011825562,0.0240669994354248,0.000665124237537384),(0.00530100011825562,
0.0240669994354248,0.00199800002574921),(0.00537442541122437,0.0218133869171142,
0.),(0.00537442541122437,0.024586612701416,0.),(0.00540700006484985,0.001,
0.00207100009918213),(0.00540700006484985,0.00439373683929443,0.00207100009918213),
(0.00540999984741211,0.0224050006866455,0.000664629459381104),(0.00540999984741211,
0.0224050006866455,0.00199800002574921),(0.00540999984741211,0.0239950008392334,
0.000664629459381104),(0.00540999984741211,0.0239950008392334,0.00199800002574921),
(0.00541015195846558,0.0224051342010498,0.000664667189121246),(0.00541015195846558,
0.0239948654174805,0.000664667189121246),(0.00542641830444336,0.00440700006484985,
0.0020680000782013),(0.00550799989700317,0.022492000579834,0.000665000021457672),
(0.00550799989700317,0.022492000579834,0.00199800002574921),(0.00550799989700317,
0.0239080009460449,0.000665000021457672),(0.00550799989700317,0.0239080009460449,
0.00199800002574921),(0.00555024957656861,0.0219003009796142,0.),(0.00555024957656861,
0.0244997005462646,0.),(0.00559486484527588,0.0225898475646973,0.000664667189121246),
(0.00559486484527588,0.023810152053833,0.000664667189121246),(0.00559499979019165,
0.0225900001525879,0.000664629459381104),(0.00559499979019165,0.0225900001525879,
0.00199800002574921),(0.00559499979019165,0.0238099994659424,0.000664629459381104),
(0.00559499979019165,0.0238099994659424,0.00199800002574921),(0.00562707281112671,
0.00458300018310547,0.0020369999408722),(0.00566699981689453,0.0226989994049073,
0.000665124237537384),(0.00566699981689453,0.0226989994049073,0.00199800002574921),
(0.00566699981689453,0.023701000213623,0.000665124237537384),(0.00566699981689453,
0.023701000213623,0.00199800002574921),(0.00566720151901245,0.0226994094848633,
0.000665203094482422),(0.00566720151901245,0.023700590133667,0.000665203094482422),
(0.00571408557891846,0.0220091915130615,0.),(0.00571408557891846,0.0243908081054688,
0.),(0.00572492027282715,0.022816837310791,0.000665595471858978),(0.00572492027282715,
0.0235831623077392,0.000665595471858978),(0.00572499990463257,0.0228169994354248,
0.000665564179420471),(0.00572499990463257,0.0228169994354248,0.00199800002574921),
(0.00572499990463257,0.0235830001831055,0.000665564179420471),(0.00572499990463257,
0.0235830001831055,0.00199800002574921),(0.00576300001144409,0.001,0.00201600003242492),
(0.00576300001144409,0.00475481796264649,0.00201600003242492),(0.00576783752441406,
0.0229405307769775,0.000664304673671723),(0.00576783752441406,0.0234594688415528,
0.000664304673671723),(0.00576800012588501,0.0229409999847412,0.000664215981960297),
(0.00576800012588501,0.0229409999847412,0.00199800002574921),(0.00576800012588501,
0.0234589996337891,0.000664215981960297),(0.00576800012588501,0.0234589996337891,
0.00199800002574921),(0.00578327798843384,0.00476300001144409,0.00201500010490418),
(0.00579300022125244,0.0230690002441406,0.000665347933769226),(0.00579300022125244,
0.0230690002441406,0.00199800002574921),(0.00579300022125244,0.0233309993743896,
0.000665347933769226),(0.00579300022125244,0.0233309993743896,0.00199800002574921),
(0.00579302549362183,0.0230693740844727,0.00066541314125061),(0.00579302549362183,
0.0233306255340576,0.00066541314125061),(0.00580200004577637,0.0232000007629394,
0.000665000021457672),(0.00580200004577637,0.0232000007629394,0.00199800002574921),
(0.00586093854904175,0.0221390609741211,0.),(0.00586093854904175,0.0242609386444092,
0.),(0.00599080848693848,0.0222859153747559,0.),(0.00599080848693848,0.0241140861511231,
0.),(0.00604688882827759,0.00494700002670288,0.00200200009346009),(0.0060996994972229,
0.0224497509002685,0.),(0.0060996994972229,0.0239502487182617,0.),(0.00612799978256225,
0.001,0.00199800002574921),(0.00612799978256226,0.00513299989700317,0.00199800002574921),
(0.00618661260604859,0.0226255741119385,0.),(0.00618661260604859,0.0237744255065918,
0.),(0.00624954986572266,0.022811388015747,0.),(0.00624954986572266,0.0235886116027832,
0.),(0.00628851079940796,0.0230041961669922,0.),(0.00628851079940796,0.0233958034515381,
0.),(0.00630149793624878,0.0232000007629394,0.),(0.00777199983596802,0.0547630004882813,
0.0044980001449585),(0.00777199983596802,0.057,0.0044980001449585),(0.00803999996185303,
0.0547630004882812,0.00451000022888184),(0.00803999996185303,0.057,0.00451000022888184),
(0.00830099964141846,0.0547630004882812,0.00454500007629395),(0.00830099964141846,
0.057,0.00454500007629395),(0.00854899978637695,0.0547630004882812,0.00460400009155274),
(0.00854899978637695,0.057,0.00460400009155274),(0.00877799987792969,0.0547630004882812,
0.00468400001525879),(0.00877799987792969,0.057,0.00468400001525879),(0.00898299980163574,
0.0547630004882812,0.00478299999237061),(0.00898299980163574,0.057,0.00478299999237061),
(0.00915699958801269,0.0547630004882812,0.00490000009536743),(0.00915699958801269,
0.057,0.00490000009536743),(0.00929699993133545,0.0547630004882812,0.00503000020980835),
(0.00929699993133545,0.057,0.00503000020980835),(0.00939999961853027,0.0547630004882812,
0.00517199993133545),(0.00939999961853027,0.057,0.00517199993133545),(0.00946300029754639,
0.0547630004882812,0.00532100009918213),(0.00946300029754639,0.057,0.00532100009918213),
(0.00948400020599365,0.0547630004882813,0.00547300004959107),(0.00948400020599365,
0.0547630004882813,0.0069980001449585),(0.00948400020599365,0.057,0.00547300004959107),
(0.00948400020599365,0.057,0.0069980001449585),(0.0115995016098022,0.0415,
0.),(0.0116114892959595,0.0413041954040528,0.),(0.0116114892959595,0.0416958045959473,
0.),(0.0116504507064819,0.0411113891601562,0.),(0.0116504507064819,0.0418886108398437,
0.),(0.0117133874893188,0.0409255752563477,0.),(0.0117133874893188,0.0420744247436524,
0.),(0.0118003005981445,0.0407497520446777,0.),(0.0118003005981445,0.0422502479553222,
0.),(0.0119091911315918,0.0405859146118164,0.),(0.0119091911315918,0.0424140853881836,
0.),(0.0120390615463257,0.0404390602111817,0.),(0.0120390615463257,0.0425609397888183,
0.),(0.0120979995727539,0.0415,0.000664111852645874),(0.0120979995727539,
0.0415,0.00199800002574921),(0.0121069746017456,0.0413693733215332,0.00066541314125061),
(0.0121069746017456,0.0416306266784668,0.00066541314125061),(0.0121070003509521,
0.0413689994812012,0.000665347933769226),(0.0121070003509521,0.0413689994812012,
0.00199800002574921),(0.0121070003509521,0.0416310005187989,0.000665347933769226),
(0.0121070003509521,0.0416310005187989,0.00199800002574921),(0.0121319999694824,
0.0412410011291504,0.000664215981960297),(0.0121319999694824,0.0412410011291504,
0.00199800002574921),(0.0121319999694824,0.0417589988708496,0.000664215981960297),
(0.0121319999694824,0.0417589988708496,0.00199800002574921),(0.0121321620941162,
0.0412405319213867,0.000664304673671723),(0.0121321620941162,0.0417594680786133,
0.000664304673671723),(0.0121750001907349,0.041117000579834,0.000665564179420471),
(0.0121750001907349,0.041117000579834,0.00199800002574921),(0.0121750001907349,
0.041882999420166,0.000665564179420471),(0.0121750001907349,0.041882999420166,
0.00199800002574921),(0.0121750793457031,0.0411168365478515,0.000665595471858978),
(0.0121750793457031,0.0418831634521485,0.000665595471858978),(0.0121859149932861,
0.0403091926574707,0.),(0.0121859149932861,0.0426908073425293,0.),(0.012232798576355,
0.0409994087219238,0.000665203094482422),(0.012232798576355,0.0420005912780761,
0.000665203094482422),(0.0122329998016357,0.0409990005493164,0.000665124237537384),
(0.0122329998016357,0.0409990005493164,0.00199800002574921),(0.0122329998016357,
0.0420009994506836,0.000665124237537384),(0.0122329998016357,0.0420009994506836,
0.00199800002574921),(0.0123050003051758,0.0408899993896484,0.000664629459381104),
(0.0123050003051758,0.0408899993896484,0.00199800002574921),(0.0123050003051758,
0.0421100006103516,0.000664629459381104),(0.0123050003051758,0.0421100006103516,
0.00199800002574921),(0.0123051347732544,0.0408898468017578,0.000664667189121246),
(0.0123051347732544,0.0421101531982422,0.000664667189121246),(0.0123497505187988,
0.0402003021240235,0.),(0.0123497505187988,0.0427996978759766,0.),(0.0123920001983643,
0.0407919998168945,0.000665000021457672),(0.0123920001983643,0.0407919998168945,
0.00199800002574921),(0.0123920001983643,0.0422080001831054,0.000665000021457672),
(0.0123920001983643,0.0422080001831054,0.00199800002574921),(0.0124898481369019,
0.040705135345459,0.000664667189121246),(0.0124898481369019,0.042294864654541,
0.000664667189121246),(0.0124899997711182,0.0407050018310547,0.000664629459381104),
(0.0124899997711182,0.0407050018310547,0.00199800002574921),(0.0124899997711182,
0.0422949981689453,0.000664629459381104),(0.0124899997711182,0.0422949981689454,
0.00199800002574921),(0.0125255746841431,0.0401133880615235,0.),(0.0125255746841431,
0.0428866119384766,0.),(0.0125989999771118,0.040632999420166,0.000665124237537384),
(0.0125989999771118,0.040632999420166,0.00199800002574921),(0.0125989999771118,
0.042367000579834,0.000665124237537384),(0.0125989999771118,0.042367000579834,
0.00199800002574921),(0.0125994091033936,0.040632797241211,0.000665203094482422),
(0.0125994091033936,0.0423672027587891,0.000665203094482422),(0.0127113885879517,
0.0400504493713379,0.),(0.0127113885879517,0.0429495506286621,0.),(0.0127168378829956,
0.0405750808715821,0.000665595471858978),(0.0127168378829956,0.0424249191284179,
0.000665595471858978),(0.0127170000076294,0.0405750007629395,0.000665564179420471),
(0.0127170000076294,0.0405750007629395,0.00199800002574921),(0.0127170000076294,
0.0424249992370605,0.000665564179420471),(0.0127170000076294,0.0424249992370605,
0.00199800002574921),(0.0128405313491821,0.0405321617126465,0.000664304673671723),
(0.0128405313491821,0.0424678382873535,0.000664304673671723),(0.0128409996032715,
0.0405320014953614,0.00199800002574921),(0.0128409996032715,0.0424679985046387,
0.00199800002574921),(0.0128409996032715,0.0405320014953614,0.000664215981960297),
(0.0128409996032715,0.0424679985046387,0.000664215981960297),(0.0129041957855225,
0.0400114898681641,0.),(0.0129041957855225,0.042988510131836,0.),(0.0129689998626709,
0.0405069999694824,0.000665347933769226),(0.0129689998626709,0.0405069999694824,
0.00199800002574921),(0.0129689998626709,0.0424930000305176,0.000665347933769226),
(0.0129689998626709,0.0424930000305176,0.00199800002574921),(0.0129693737030029,
0.0405069732666015,0.00066541314125061),(0.0129693737030029,0.0424930267333984,
0.00066541314125061),(0.0131000003814697,0.0399995002746582,0.),(0.0131000003814697,
0.0404980010986329,0.000664111852645874),(0.0131000003814697,0.0404980010986329,
0.00199800002574921),(0.0131000003814697,0.0425019989013672,0.000665000021457672),
(0.0131000003814697,0.0425019989013672,0.00199800002574921),(0.0131000003814697,
0.0430014991760254,0.),(0.0132306261062622,0.0405069732666015,0.00066541314125061),
(0.0132306261062622,0.0424930267333984,0.00066541314125061),(0.0132309999465942,
0.0405069999694824,0.000665347933769226),(0.0132309999465942,0.0405069999694824,
0.00199800002574921),(0.0132309999465942,0.0424930000305176,0.000665347933769226),
(0.0132309999465942,0.0424930000305176,0.00199800002574921),(0.0132958040237427,
0.0400114898681641,0.),(0.0132958040237427,0.042988510131836,0.),(0.0133590002059936,
0.0405320014953614,0.000664215981960297),(0.0133590002059936,0.0405320014953614,
0.00199800002574921),(0.0133590002059936,0.0424679985046387,0.000664215981960297),
(0.0133590002059936,0.0424679985046387,0.00199800002574921),(0.013359468460083,
0.0405321617126465,0.000664304673671723),(0.013359468460083,0.0424678382873535,
0.000664304673671723),(0.0134829998016357,0.0405750007629395,0.000665564179420471),
(0.0134829998016357,0.0405750007629395,0.00199800002574921),(0.0134829998016357,
0.0424249992370605,0.000665564179420471),(0.0134829998016357,0.0424249992370605,
0.00199800002574921),(0.0134831619262695,0.0405750808715821,0.000665595471858978),
(0.0134831619262695,0.0424249191284179,0.000665595471858978),(0.0134886112213135,
0.0400504493713379,0.),(0.0134886112213135,0.0429495506286621,0.),(0.0136005907058716,
0.040632797241211,0.000665203094482422),(0.0136005907058716,0.0423672027587891,
0.000665203094482422),(0.0136009998321533,0.040632999420166,0.000665124237537384),
(0.0136009998321533,0.040632999420166,0.00199800002574921),(0.0136009998321533,
0.042367000579834,0.000665124237537384),(0.0136009998321533,0.042367000579834,
0.00199800002574921),(0.0136744251251221,0.0401133880615235,0.),(0.0136744251251221,
0.0428866119384766,0.),(0.013710000038147,0.0407050018310547,0.00199800002574921),
(0.013710000038147,0.0422949981689454,0.00199800002574921),(0.013710000038147,
0.0407050018310547,0.000664629459381104),(0.013710000038147,0.0422949981689453,
0.000664629459381104),(0.0137101526260376,0.040705135345459,0.000664667189121246),
(0.0137101526260376,0.042294864654541,0.000664667189121246),(0.0138079996109009,
0.0407919998168945,0.000665000021457672),(0.0138079996109009,0.0407919998168945,
0.00199800002574921),(0.0138079996109009,0.0422080001831054,0.000665000021457672),
(0.0138079996109009,0.0422080001831054,0.00199800002574921),(0.0138502492904663,
0.0402003021240235,0.),(0.0138502492904663,0.0427996978759766,0.),(0.0138948650360107,
0.0408898468017578,0.000664667189121246),(0.0138948650360107,0.0421101531982422,
0.000664667189121246),(0.0138950004577637,0.0408899993896484,0.000664629459381104),
(0.0138950004577637,0.0421100006103516,0.000664629459381104),(0.0138950004577637,
0.0408899993896484,0.00199800002574921),(0.0138950004577637,0.0421100006103516,
0.00199800002574921),(0.0139670000076294,0.0409990005493164,0.000665124237537384),
(0.0139670000076294,0.0409990005493164,0.00199800002574921),(0.0139670000076294,
0.0420009994506836,0.000665124237537384),(0.0139670000076294,0.0420009994506836,
0.00199800002574921),(0.0139672012329102,0.0409994087219238,0.000665203094482422),
(0.0139672012329102,0.0420005912780761,0.000665203094482422),(0.0140140857696533,
0.0403091926574707,0.),(0.0140140857696533,0.0426908073425293,0.),(0.014024920463562,
0.0411168365478515,0.000665595471858978),(0.014024920463562,0.0418831634521485,
0.000665595471858978),(0.0140249996185303,0.041117000579834,0.000665564179420471),
(0.0140249996185303,0.041117000579834,0.00199800002574921),(0.0140249996185303,
0.041882999420166,0.000665564179420471),(0.0140249996185303,0.041882999420166,
0.00199800002574921),(0.0140678377151489,0.0412405319213867,0.000664304673671723),
(0.0140678377151489,0.0417594680786133,0.000664304673671723),(0.0140679998397827,
0.0412410011291504,0.000664215981960297),(0.0140679998397827,0.0412410011291504,
0.00199800002574921),(0.0140679998397827,0.0417589988708496,0.000664215981960297),
(0.0140679998397827,0.0417589988708496,0.00199800002574921),(0.0140930004119873,
0.0413689994812012,0.000665347933769226),(0.0140930004119873,0.0413689994812012,
0.00199800002574921),(0.0140930004119873,0.0416310005187989,0.000665347933769226),
(0.0140930004119873,0.0416310005187989,0.00199800002574921),(0.0140930252075195,
0.0413693733215332,0.00066541314125061),(0.0140930252075195,0.0416306266784668,
0.00066541314125061),(0.0141020002365112,0.0415,0.000665000021457672),(0.0141020002365112,
0.0415,0.00199800002574921),(0.0141609382629395,0.0404390602111817,0.),
(0.0141609382629395,0.0425609397888183,0.),(0.0142908086776733,0.0405859146118164,
0.),(0.0142908086776733,0.0424140853881836,0.),(0.0143996992111206,0.0407497520446777,
0.),(0.0143996992111206,0.0422502479553222,0.),(0.0144866123199463,0.0409255752563477,
0.),(0.0144866123199463,0.0420744247436524,0.),(0.0145495500564575,0.0411113891601562,
0.),(0.0145495500564575,0.0418886108398437,0.),(0.0145885105133057,0.0413041954040528,
0.),(0.0145885105133057,0.0416958045959473,0.),(0.0146014976501465,0.0415,
0.),(0.0170200004577637,0.001,0.00199800002574921),(0.0170200004577637,
0.00513299989700317,0.00199800002574921),(0.017101110458374,0.00494700002670288,
0.00200200009346009),(0.0173647212982177,0.00476300001144409,0.00201500010490418),
(0.0173850002288818,0.001,0.00201600003242492),(0.0173850002288818,0.00475481796264649,
0.00201600003242492),(0.0175213088989258,0.00458300018310547,0.0020369999408722),
(0.0177225265502929,0.00440700006484985,0.0020680000782013),(0.017742000579834,
0.001,0.00207100009918213),(0.017742000579834,0.00439373683929443,0.00207100009918213),
(0.0178734436035156,0.00423899984359741,0.00210599994659424),(0.018049955368042,
0.00407999992370606,0.00215300011634826),(0.018079999923706,0.001,0.00216100001335144),
(0.018079999923706,0.0040573582649231,0.00216100001335144),(0.0181941471099853,
0.00393000006675721,0.00220600008964539),(0.0183488788604736,0.00379299998283387,
0.00226699995994568),(0.0183920001983643,0.001,0.00228399991989136),(0.0183920001983643,
0.00376128363609314,0.00228399991989136),(0.0184831771850586,0.00366799998283386,
0.00233400011062622),(0.0186144714355469,0.0035569999217987,0.00240599989891053),
(0.0186709995269775,0.001,0.00243700003623962),(0.0186709995269775,0.00351884603500366,
0.00243700003623962),(0.018733491897583,0.00346099996566772,0.00248399996757507),
(0.0188411903381348,0.00338199996948243,0.00256500005722046),(0.0189090003967285,
0.001,0.0026159999370575),(0.0189090003967285,0.00334419989585876,0.0026159999370575),
(0.0189413089752198,0.00331900000572204,0.00265000009536743),(0.0190249309539795,
0.0032739999294281,0.00273799991607666),(0.0191000003814698,0.001,0.00281699991226196),
(0.0191000003814698,0.00325003361701965,0.00281699991226196),(0.0191064510345459,
0.00324699997901917,0.00282699990272522),(0.0191645164489746,0.00323799991607666,
0.00291700005531311),(0.0192399997711181,0.001,0.00303399991989136),(0.0192399997711181,
0.00323799991607666,0.00303399991989136),(0.019326000213623,0.001,0.00326300001144409),
(0.019326000213623,0.00323799991607666,0.00326300001144409),(0.0193540000915528,
0.001,0.00349799990653992),(0.0193540000915528,0.001,0.0069980001449585),
(0.0193540000915528,0.00323799991607666,0.00349799990653992),(0.0193540000915528,
0.00323799991607666,0.0069980001449585),(0.019867000579834,0.00323799991607666,
0.00291700005531311),(0.019867000579834,0.00323799991607666,0.0069980001449585),
(0.019867000579834,0.00324699997901917,0.00282699990272522),(0.019867000579834,
0.0032739999294281,0.00273799991607666),(0.019867000579834,0.00331900000572204,
0.00265000009536743),(0.019867000579834,0.00338199996948242,0.00256500005722046),
(0.019867000579834,0.00346099996566772,0.00248399996757507),(0.019867000579834,
0.0035569999217987,0.00240599989891053),(0.019867000579834,0.00366799998283386,
0.00233400011062622),(0.019867000579834,0.00379299998283386,0.00226699995994568),
(0.019867000579834,0.00393000006675721,0.00220600008964539),(0.019867000579834,
0.00407999992370606,0.00215300011634826),(0.019867000579834,0.00423899984359741,
0.00210599994659424),(0.019867000579834,0.00440700006484985,0.0020680000782013),
(0.019867000579834,0.00458300018310547,0.0020369999408722),(0.019867000579834,
0.00476300001144409,0.00201500010490418),(0.019867000579834,0.00494700002670288,
0.00200200009346009),(0.019867000579834,0.00513299989700317,0.00199800002574921),
(0.019867000579834,0.052867000579834,0.00199800002574921),(0.019867000579834,
0.0530530014038086,0.00200200009346009),(0.019867000579834,0.0532369995117188,
0.00201500010490418),(0.019867000579834,0.0534169998168945,0.0020369999408722),
(0.019867000579834,0.0535929985046387,0.0020680000782013),(0.019867000579834,
0.0537610015869141,0.00210599994659424),(0.019867000579834,0.0539199981689453,
0.00215300011634826),(0.019867000579834,0.0540699996948242,0.00220600008964539),
(0.019867000579834,0.0542070007324219,0.00226699995994568),(0.019867000579834,
0.0543320007324219,0.00233400011062622),(0.019867000579834,0.054443000793457,
0.00240599989891053),(0.019867000579834,0.0545390014648438,0.00248399996757507),
(0.019867000579834,0.0546180000305176,0.00256500005722046),(0.019867000579834,
0.0546809997558594,0.00265000009536743),(0.019867000579834,0.0547260017395019,
0.00273799991607666),(0.019867000579834,0.0547529983520508,0.00282699990272522),
(0.019867000579834,0.0547630004882812,0.00291700005531311),(0.019867000579834,
0.0547630004882813,0.0069980001449585),(0.0198859996795655,0.00494799995422363,
0.00200200009346009),(0.0198859996795655,0.0530519981384277,0.00200200009346009),
(0.0199039993286133,0.0047649998664856,0.00201500010490418),(0.0199039993286133,
0.00494999980926514,0.00200200009346009),(0.0199039993286133,0.0530499992370605,
0.00200200009346009),(0.0199039993286133,0.0532350006103516,0.00201500010490418),
(0.0199209995269776,0.00458500003814697,0.0020369999408722),(0.0199209995269776,
0.00495499992370606,0.00200200009346009),(0.0199209995269776,0.0530449981689453,
0.00200200009346009),(0.0199209995269776,0.0534150009155274,0.0020369999408722),
(0.0199379997253418,0.00441099977493286,0.0020680000782013),(0.0199379997253418,
0.00496099996566772,0.00200200009346009),(0.0199379997253418,0.0530390014648438,
0.00200200009346009),(0.0199379997253418,0.0535890007019043,0.0020680000782013),
(0.0199389991760254,0.00476999998092651,0.00201500010490418),(0.0199389991760254,
0.0532299995422363,0.00201500010490418),(0.0199549999237061,0.00424399995803833,
0.00210599994659424),(0.0199549999237061,0.0049689998626709,0.00200200009346009),
(0.0199549999237061,0.0530309982299805,0.00200200009346009),(0.0199549999237061,
0.0537560005187988,0.00210599994659424),(0.0199710006713867,0.00408500003814698,
0.00215300011634826),(0.0199710006713867,0.00497800016403198,0.00200200009346009),
(0.0199710006713867,0.0530219993591309,0.00200200009346009),(0.0199710006713867,
0.0539150009155274,0.00215300011634826),(0.0199750003814698,0.00459299993515015,
0.0020369999408722),(0.0199750003814698,0.00477899980545044,0.00201500010490418),
(0.0199750003814698,0.0532210006713867,0.00201500010490418),(0.0199750003814698,
0.0534070014953613,0.0020369999408722),(0.0199850006103515,0.00393600010871887,
0.00220600008964539),(0.0199850006103515,0.00498899984359741,0.00200200009346009),
(0.0199850006103515,0.0530110015869141,0.00200200009346009),(0.0199850006103515,
0.0540639991760254,0.00220600008964539),(0.0199990005493164,0.00379900002479553,
0.00226699995994568),(0.0199990005493164,0.00500099992752075,0.00200200009346009),
(0.0199990005493164,0.0529990005493164,0.00200200009346009),(0.0199990005493164,
0.0542010002136231,0.00226699995994568),(0.0200090007781983,0.0044210000038147,
0.0020680000782013),(0.0200090007781983,0.00479099988937378,0.00201500010490418),
(0.0200090007781983,0.0532089996337891,0.00201500010490418),(0.0200090007781983,
0.0535789985656738,0.0020680000782013),(0.0200109996795655,0.00367499995231629,
0.00233400011062622),(0.0200109996795655,0.0050149998664856,0.00200200009346009),
(0.0200109996795655,0.0529850006103516,0.00200200009346009),(0.0200109996795655,
0.0543250007629395,0.00233400011062622),(0.0200219993591308,0.00356399989128113,
0.00240599989891053),(0.0200219993591308,0.00502899980545044,0.00200200009346009),
(0.0200219993591308,0.0529710006713867,0.00200200009346009),(0.0200219993591308,
0.0544360008239746,0.00240599989891053),(0.0200270004272461,0.00460599994659424,
0.0020369999408722),(0.0200270004272461,0.0533940010070801,0.0020369999408722),
(0.0200310001373291,0.00346900010108948,0.00248399996757507),(0.0200310001373291,
0.00504500007629395,0.00200200009346009),(0.0200310001373291,0.0529550018310547,
0.00200200009346009),(0.0200310001373291,0.0545309982299805,0.00248399996757507),
(0.0200389995574951,0.00339000010490417,0.00256500005722046),(0.0200389995574951,
0.00506199979782104,0.00200200009346009),(0.0200389995574951,0.0529379997253418,
0.00200200009346009),(0.0200389995574951,0.0546100006103516,0.00256500005722046),
(0.0200419998168945,0.00425600004196167,0.00210599994659424),(0.0200419998168945,
0.00480700016021729,0.00201500010490418),(0.0200419998168945,0.053193000793457,
0.00201500010490418),(0.0200419998168945,0.0537439994812012,0.00210599994659424),
(0.020045000076294,0.00332800006866455,0.00265000009536743),(0.020045000076294,
0.0050789999961853,0.00200200009346009),(0.020045000076294,0.0529210014343262,
0.00200200009346009),(0.020045000076294,0.0546720008850098,0.00265000009536743),
(0.0200499992370606,0.0032829999923706,0.00273799991607666),(0.0200499992370606,
0.00509600019454956,0.00200200009346009),(0.0200499992370606,0.0529039993286133,
0.00200200009346009),(0.0200499992370606,0.0547169990539551,0.00273799991607666),
(0.0200520000457764,0.00325600004196167,0.00282699990272522),(0.0200520000457764,
0.00511399984359741,0.00200200009346009),(0.0200520000457764,0.0528860015869141,
0.00200200009346009),(0.0200520000457764,0.0547439994812012,0.00282699990272522),
(0.02005299949646,0.00324699997901917,0.00291700005531311),(0.02005299949646,
0.00324699997901917,0.0069980001449585),(0.02005299949646,0.00513299989700317,
0.00200200009346009),(0.02005299949646,0.052867000579834,0.00200200009346009),
(0.02005299949646,0.0547529983520508,0.00291700005531311),(0.02005299949646,
0.0547529983520508,0.0069980001449585),(0.0200729999542236,0.00409999990463257,
0.00215300011634826),(0.0200729999542236,0.00482499980926514,0.00201500010490418),
(0.0200729999542236,0.0531749992370606,0.00201500010490418),(0.0200729999542236,
0.0539000015258789,0.00215300011634826),(0.0200779991149903,0.0044390001296997,
0.0020680000782013),(0.0200779991149903,0.00462400007247925,0.0020369999408722),
(0.0200779991149903,0.0533759994506836,0.0020369999408722),(0.0200779991149903,
0.0535610008239746,0.0020680000782013),(0.0201019992828369,0.00395300006866455,
0.00220600008964539),(0.0201019992828369,0.00484700012207031,0.00201500010490418),
(0.0201019992828369,0.0531529998779297,0.00201500010490418),(0.0201019992828369,
0.0540470008850098,0.00220600008964539),(0.0201270008087158,0.00427799987792969,
0.00210599994659424),(0.0201270008087158,0.00464699983596802,0.0020369999408722),
(0.0201270008087158,0.0533530006408691,0.0020369999408722),(0.0201270008087158,
0.0537220001220703,0.00210599994659424),(0.020128999710083,0.0038180000782013,
0.00226699995994568),(0.020128999710083,0.00487099981307983,0.00201500010490418),
(0.020128999710083,0.0531290016174316,0.00201500010490418),(0.020128999710083,
0.054181999206543,0.00226699995994568),(0.0201450004577637,0.00446299982070923,
0.0020680000782013),(0.0201450004577637,0.0535369987487793,0.0020680000782013),
(0.0201529998779297,0.00369600009918213,0.00233400011062622),(0.0201529998779297,
0.00489799976348877,0.00201500010490418),(0.0201529998779297,0.0531020011901856,
0.00201500010490418),(0.0201529998779297,0.0543040008544922,0.00233400011062622),
(0.0201730003356933,0.004125,0.00215300011634826),(0.0201730003356933,0.00467500019073486,
0.0020369999408722),(0.0201730003356933,0.0533250007629395,0.0020369999408722),
(0.0201730003356933,0.053875,0.00215300011634826),(0.0201749992370606,0.00358699989318848,
0.00240599989891053),(0.0201749992370606,0.00492700004577637,0.00201500010490418),
(0.0201749992370606,0.0530730018615723,0.00201500010490418),(0.0201749992370606,
0.0544129981994629,0.00240599989891053),(0.020193000793457,0.00349300003051758,
0.00248399996757507),(0.020193000793457,0.00495800018310547,0.00201500010490418),
(0.020193000793457,0.0530419998168945,0.00201500010490418),(0.020193000793457,
0.0545069999694824,0.00248399996757507),(0.020208999633789,0.00341499996185303,
0.00256500005722046),(0.020208999633789,0.00430700016021729,0.00210599994659424),
(0.020208999633789,0.00449300003051758,0.0020680000782013),(0.020208999633789,
0.00499100017547607,0.00201500010490418),(0.020208999633789,0.0530089988708496,
0.00201500010490418),(0.020208999633789,0.0535069999694824,0.0020680000782013),
(0.020208999633789,0.053693000793457,0.00210599994659424),(0.020208999633789,
0.0545849990844727,0.00256500005722046),(0.0202159996032715,0.00398200011253357,
0.00220600008964539),(0.0202159996032715,0.00470699977874756,0.0020369999408722),
(0.0202159996032715,0.0532929992675781,0.0020369999408722),(0.0202159996032715,
0.0540180015563965,0.00220600008964539),(0.0202210006713867,0.00335400009155273,
0.00265000009536743),(0.0202210006713867,0.00502500009536743,0.00201500010490418),
(0.0202210006713867,0.0529749984741211,0.00201500010490418),(0.0202210006713867,
0.0546459999084473,0.00265000009536743),(0.0202299995422364,0.00330999994277954,
0.00273799991607666),(0.0202299995422364,0.00506099987030029,0.00201500010490418),
(0.0202299995422364,0.0529389991760254,0.00201500010490418),(0.0202299995422364,
0.054689998626709,0.00273799991607666),(0.0202350006103516,0.0032829999923706,
0.00282699990272522),(0.0202350006103516,0.00509600019454956,0.00201500010490418),
(0.0202350006103516,0.0529039993286133,0.00201500010490418),(0.0202350006103516,
0.0547169990539551,0.00282699990272522),(0.0202369995117187,0.0032739999294281,
0.00291700005531311),(0.0202369995117187,0.0032739999294281,0.0069980001449585),
(0.0202369995117187,0.00513299989700317,0.00201500010490418),(0.0202369995117187,
0.052867000579834,0.00201500010490418),(0.0202369995117187,0.054726001739502,
0.00291700005531311),(0.0202369995117187,0.054726001739502,0.0069980001449585),
(0.0202560005187989,0.00384999990463257,0.00226699995994568),(0.0202560005187989,
0.00474399995803833,0.0020369999408722),(0.0202560005187989,0.0532560005187988,
0.0020369999408722),(0.0202560005187989,0.0541500015258789,0.00226699995994568),
(0.0202700004577637,0.00415999984741211,0.00215300011634826),(0.0202700004577637,
0.00453000020980835,0.0020680000782013),(0.0202700004577637,0.0534700012207031,
0.0020680000782013),(0.0202700004577637,0.0538400001525879,0.00215300011634826),
(0.0202880001068115,0.00434499979019165,0.00210599994659424),(0.0202880001068115,
0.0536549987792969,0.00210599994659424),(0.0202929992675781,0.00373099994659424,
0.00233400011062622),(0.0202929992675781,0.00478399991989136,0.0020369999408722),
(0.0202929992675781,0.0532159996032715,0.0020369999408722),(0.0202929992675781,
0.0542690010070801,0.00233400011062622),(0.0203250007629395,0.003625,0.00240599989891053),
(0.0203250007629395,0.0048270001411438,0.0020369999408722),(0.0203250007629395,
0.0531730003356934,0.0020369999408722),(0.0203250007629395,0.054375,0.00240599989891053),
(0.0203269996643066,0.00402199983596802,0.00220600008964539),(0.0203269996643066,
0.00457200002670288,0.0020680000782013),(0.0203269996643066,0.0534280014038086,
0.0020680000782013),(0.0203269996643066,0.0539780006408691,0.00220600008964539),
(0.0203530006408691,0.00353299999237061,0.00248399996757507),(0.0203530006408691,
0.0048730001449585,0.0020369999408722),(0.0203530006408691,0.0531269989013672,
0.0020369999408722),(0.0203530006408691,0.0544669990539551,0.00248399996757507),
(0.0203640003204346,0.0042039999961853,0.00215300011634826),(0.0203640003204346,
0.0043899998664856,0.00210599994659424),(0.0203640003204346,0.0536100006103516,
0.00210599994659424),(0.0203640003204346,0.0537960014343262,0.00215300011634826),
(0.0203759994506836,0.00345700001716614,0.00256500005722046),(0.0203759994506836,
0.00492199993133545,0.0020369999408722),(0.0203759994506836,0.0530779991149902,
0.0020369999408722),(0.0203759994506836,0.0545429992675781,0.00256500005722046),
(0.0203799991607666,0.00389499998092652,0.00226699995994568),(0.0203799991607666,
0.00461999988555908,0.0020680000782013),(0.0203799991607666,0.0533800010681152,
0.0020680000782013),(0.0203799991607666,0.0541049995422363,0.00226699995994568),
(0.0203939990997314,0.00339700007438659,0.00265000009536743),(0.0203939990997314,
0.00497300004959107,0.0020369999408722),(0.0203939990997314,0.0530270004272461,
0.0020369999408722),(0.0203939990997314,0.0546030006408691,0.00265000009536743),
(0.0204069995880127,0.00335400009155273,0.00273799991607666),(0.0204069995880127,
0.00502500009536743,0.0020369999408722),(0.0204069995880127,0.0529749984741211,
0.0020369999408722),(0.0204069995880127,0.0546459999084473,0.00273799991607666),
(0.0204150009155274,0.00332800006866455,0.00282699990272522),(0.0204150009155274,
0.0050789999961853,0.0020369999408722),(0.0204150009155274,0.0529210014343262,
0.0020369999408722),(0.0204150009155274,0.0546720008850098,0.00282699990272522),
(0.0204169998168946,0.00331900000572204,0.00291700005531311),(0.0204169998168946,
0.00331900000572204,0.0069980001449585),(0.0204169998168946,0.00513299989700317,
0.0020369999408722),(0.0204169998168946,0.052867000579834,0.0020369999408722),
(0.0204169998168946,0.0546809997558594,0.00291700005531311),(0.0204169998168946,
0.0546809997558594,0.0069980001449585),(0.02042799949646,0.00377900004386902,
0.00233400011062622),(0.02042799949646,0.0046729998588562,0.0020680000782013),
(0.02042799949646,0.0533269996643066,0.0020680000782013),(0.02042799949646,
0.0542210006713867,0.00233400011062622),(0.0204340000152588,0.00407200002670288,
0.00220600008964539),(0.0204340000152588,0.00444199991226197,0.00210599994659424),
(0.0204340000152588,0.0535579986572266,0.00210599994659424),(0.0204340000152588,
0.0539280014038086,0.00220600008964539),(0.0204519996643066,0.00425699996948242,
0.00215300011634826),(0.0204519996643066,0.0537430000305176,0.00215300011634826),
(0.0204699993133545,0.00367700004577637,0.00240599989891053),(0.0204699993133545,
0.00473000001907349,0.0020680000782013),(0.0204699993133545,0.0532700004577637,
0.0020680000782013),(0.0204699993133545,0.0543230018615723,0.00240599989891053),
(0.0204990005493164,0.00395099997520447,0.00226699995994568),(0.0204990005493164,
0.00450099992752075,0.00210599994659424),(0.0204990005493164,0.0534990005493164,
0.00210599994659424),(0.0204990005493164,0.054048999786377,0.00226699995994568),
(0.0205069999694824,0.00358899998664856,0.00248399996757507),(0.0205069999694824,
0.00479099988937378,0.0020680000782013),(0.0205069999694824,0.0532089996337891,
0.0020680000782013),(0.0205069999694824,0.0544109992980957,0.00248399996757507),
(0.0205349998474121,0.00413299989700317,0.00220600008964539),(0.0205349998474121,
0.00431899976730347,0.00215300011634826),(0.0205349998474121,0.0536809997558594,
0.00215300011634826),(0.0205349998474121,0.053867000579834,0.00220600008964539),
(0.020537000656128,0.00351500010490418,0.00256500005722046),(0.020537000656128,
0.00485500001907349,0.0020680000782013),(0.020537000656128,0.0531450004577637,
0.0020680000782013),(0.020537000656128,0.0544850006103516,0.00256500005722046),
(0.0205580005645752,0.00384100008010864,0.00233400011062622),(0.0205580005645752,
0.00456599998474121,0.00210599994659424),(0.0205580005645752,0.0534339981079102,
0.00210599994659424),(0.0205580005645752,0.0541590003967285,0.00233400011062622),
(0.0205610008239746,0.00345700001716614,0.00265000009536743),(0.0205610008239746,
0.00492199993133545,0.0020680000782013),(0.0205610008239746,0.0530779991149902,
0.0020680000782013),(0.0205610008239746,0.0545429992675781,0.00265000009536743),
(0.0205790004730225,0.00341499996185303,0.00273799991607666),(0.0205790004730225,
0.00499100017547607,0.0020680000782013),(0.0205790004730225,0.0530089988708496,
0.0020680000782013),(0.0205790004730225,0.0545849990844727,0.00273799991607666),
(0.0205890007019043,0.00339000010490417,0.00282699990272522),(0.0205890007019043,
0.00506199979782104,0.0020680000782013),(0.0205890007019043,0.0529379997253418,
0.0020680000782013),(0.0205890007019043,0.0546100006103516,0.00282699990272522),
(0.0205930004119873,0.00338199996948242,0.0069980001449585),(0.0205930004119873,
0.00338199996948243,0.00291700005531311),(0.0205930004119873,0.00513299989700317,
0.0020680000782013),(0.0205930004119873,0.052867000579834,0.0020680000782013),
(0.0205930004119873,0.0546180000305176,0.00291700005531311),(0.0205930004119873,
0.0546180000305176,0.0069980001449585),(0.0206100006103515,0.00374300003051758,
0.00240599989891053),(0.0206100006103515,0.00463600015640259,0.00210599994659424),
(0.0206100006103515,0.0533639984130859,0.00210599994659424),(0.0206100006103515,
0.0542569999694824,0.00240599989891053),(0.0206119995117187,0.00401800012588501,
0.00226699995994568),(0.0206119995117187,0.00438800001144409,0.00215300011634826),
(0.0206119995117187,0.0536119995117188,0.00215300011634826),(0.0206119995117187,
0.0539819984436035,0.00226699995994568),(0.0206299991607666,0.00420300006866455,
0.00220600008964539),(0.0206299991607666,0.0537970008850098,0.00220600008964539),
(0.0206550006866455,0.00365899991989136,0.00248399996757507),(0.0206550006866455,
0.00471199989318848,0.00210599994659424),(0.0206550006866455,0.0532879981994629,
0.00210599994659424),(0.0206550006866455,0.0543409996032715,0.00248399996757507),
(0.0206809997558594,0.00391499996185303,0.00233400011062622),(0.0206809997558594,
0.00446500015258789,0.00215300011634826),(0.0206809997558594,0.0535349998474121,
0.00215300011634826),(0.0206809997558594,0.0540849990844727,0.00233400011062622),
(0.020693000793457,0.00358899998664856,0.00256500005722046),(0.020693000793457,
0.00479099988937378,0.00210599994659424),(0.020693000793457,0.0532089996337891,
0.00210599994659424),(0.020693000793457,0.0544109992980957,0.00256500005722046),
(0.0207169990539551,0.00409700012207032,0.00226699995994568),(0.0207169990539551,
0.0042829999923706,0.00220600008964539),(0.0207169990539551,0.0537169990539551,
0.00220600008964539),(0.0207169990539551,0.0539029998779297,0.00226699995994568),
(0.0207220001220703,0.00353299999237061,0.00265000009536743),(0.0207220001220703,
0.0048730001449585,0.00210599994659424),(0.0207220001220703,0.0531269989013672,
0.00210599994659424),(0.0207220001220703,0.0544669990539551,0.00265000009536743),
(0.0207430000305176,0.00382200002670288,0.00240599989891053),(0.0207430000305176,
0.0045479998588562,0.00215300011634826),(0.0207430000305176,0.0534519996643066,
0.00215300011634826),(0.0207430000305176,0.0541780014038086,0.00240599989891053),
(0.0207439994812012,0.00349300003051758,0.00273799991607666),(0.0207439994812012,
0.00495800018310547,0.00210599994659424),(0.0207439994812012,0.0530419998168945,
0.00210599994659424),(0.0207439994812012,0.0545069999694824,0.00273799991607666),
(0.0207560005187989,0.00346900010108948,0.00282699990272522),(0.0207560005187989,
0.00504500007629395,0.00210599994659424),(0.0207560005187989,0.0529550018310547,
0.00210599994659424),(0.0207560005187989,0.0545309982299805,0.00282699990272522),
(0.0207609996795654,0.00346099996566772,0.00291700005531311),(0.0207609996795654,
0.00346099996566772,0.0069980001449585),(0.0207609996795654,0.00513299989700317,
0.00210599994659424),(0.0207609996795654,0.052867000579834,0.00210599994659424),
(0.0207609996795654,0.0545390014648438,0.00291700005531311),(0.0207609996795654,
0.0545390014648438,0.0069980001449585),(0.0207959995269776,0.00374300003051758,
0.00248399996757507),(0.0207959995269776,0.00463600015640259,0.00215300011634826),
(0.0207959995269776,0.0533639984130859,0.00215300011634826),(0.0207959995269776,
0.0542569999694824,0.00248399996757507),(0.0207970008850097,0.004,0.00233400011062622),
(0.0207970008850097,0.00436999988555909,0.00220600008964539),(0.0207970008850097,
0.0536300010681152,0.00220600008964539),(0.0207970008850097,0.054,0.00233400011062622),
(0.0208150005340576,0.00418499994277954,0.00226699995994568),(0.0208150005340576,
0.053814998626709,0.00226699995994568),(0.0208400001525879,0.00367700004577637,
0.00256500005722046),(0.0208400001525879,0.00473000001907349,0.00215300011634826),
(0.0208400001525879,0.0532700004577637,0.00215300011634826),(0.0208400001525879,
0.0543230018615723,0.00256500005722046),(0.020867000579834,0.00391499996185303,
0.00240599989891053),(0.020867000579834,0.00446500015258789,0.00220600008964539),
(0.020867000579834,0.0535349998474121,0.00220600008964539),(0.020867000579834,
0.0540849990844727,0.00240599989891053),(0.020875,0.003625,0.00265000009536743),
(0.020875,0.0048270001411438,0.00215300011634826),(0.020875,0.0531730003356934,
0.00215300011634826),(0.020875,0.054375,0.00265000009536743),(0.0208999996185303,
0.00358699989318848,0.00273799991607666),(0.0208999996185303,0.00492700004577637,
0.00215300011634826),(0.0208999996185303,0.0530730018615723,0.00215300011634826),
(0.0208999996185303,0.0544129981994629,0.00273799991607666),(0.0209029998779297,
0.00409700012207032,0.00233400011062622),(0.0209029998779297,0.0042829999923706,
0.00226699995994568),(0.0209029998779297,0.0537169990539551,0.00226699995994568),
(0.0209029998779297,0.0539029998779297,0.00233400011062622),(0.0209150009155273,
0.00356399989128113,0.00282699990272522),(0.0209150009155273,0.00502899980545044,
0.00215300011634826),(0.0209150009155273,0.0529710006713867,0.00215300011634826),
(0.0209150009155273,0.0544360008239746,0.00282699990272522),(0.020920000076294,
0.0035569999217987,0.00291700005531311),(0.020920000076294,0.0035569999217987,
0.0069980001449585),(0.020920000076294,0.00513299989700317,0.00215300011634826),
(0.020920000076294,0.052867000579834,0.00215300011634826),(0.020920000076294,
0.054443000793457,0.00291700005531311),(0.020920000076294,0.054443000793457,
0.0069980001449585),(0.02092799949646,0.00384100008010864,0.00248399996757507),
(0.02092799949646,0.00456599998474121,0.00220600008964539),(0.02092799949646,
0.0534339981079102,0.00220600008964539),(0.02092799949646,0.0541590003967285,
0.00248399996757507),(0.0209780006408691,0.00377900004386902,0.00256500005722046),
(0.0209780006408691,0.0046729998588562,0.00220600008964539),(0.0209780006408691,
0.0533269996643066,0.00220600008964539),(0.0209780006408691,0.0542210006713867,
0.00256500005722046),(0.0209820003509521,0.00401800012588501,0.00240599989891053),
(0.0209820003509521,0.00438800001144409,0.00226699995994568),(0.0209820003509521,
0.0536119995117188,0.00226699995994568),(0.0209820003509521,0.0539819984436035,
0.00240599989891053),(0.021,0.00420300006866455,0.00233400011062622),(0.021,
0.0537970008850098,0.00233400011062622),(0.0210179996490478,0.00373099994659424,
0.00265000009536743),(0.0210179996490478,0.00478399991989136,0.00220600008964539),
(0.0210179996490478,0.0532159996032715,0.00220600008964539),(0.0210179996490478,
0.0542690010070801,0.00265000009536743),(0.0210470008850097,0.00369600009918213,
0.00273799991607666),(0.0210470008850097,0.00489799976348877,0.00220600008964539),
(0.0210470008850097,0.0531020011901856,0.00220600008964539),(0.0210470008850097,
0.0543040008544922,0.00273799991607666),(0.021048999786377,0.00395099997520447,
0.00248399996757507),(0.021048999786377,0.00450099992752075,0.00226699995994568),
(0.021048999786377,0.0534990005493164,0.00226699995994568),(0.021048999786377,
0.054048999786377,0.00248399996757507),(0.0210639991760254,0.00367499995231629,
0.00282699990272522),(0.0210639991760254,0.0050149998664856,0.00220600008964539),
(0.0210639991760254,0.0529850006103516,0.00220600008964539),(0.0210639991760254,
0.0543250007629395,0.00282699990272522),(0.0210699996948242,0.00366799998283386,
0.0069980001449585),(0.0210699996948242,0.00366799998283386,0.00291700005531311),
(0.0210699996948242,0.00513299989700317,0.00220600008964539),(0.0210699996948242,
0.052867000579834,0.00220600008964539),(0.0210699996948242,0.0543320007324219,
0.00291700005531311),(0.0210699996948242,0.0543320007324219,0.0069980001449585),
(0.0210849990844727,0.00413299989700317,0.00240599989891053),(0.0210849990844727,
0.00431899976730347,0.00233400011062622),(0.0210849990844727,0.0536809997558594,
0.00233400011062622),(0.0210849990844727,0.053867000579834,0.00240599989891053),
(0.0211049995422363,0.00389499998092652,0.00256500005722046),(0.0211049995422363,
0.00461999988555908,0.00226699995994568),(0.0211049995422363,0.0533800010681152,
0.00226699995994568),(0.0211049995422363,0.0541049995422363,0.00256500005722046),
(0.0211499996185303,0.00384999990463257,0.00265000009536743),(0.0211499996185303,
0.00474399995803833,0.00226699995994568),(0.0211499996185303,0.0532560005187988,
0.00226699995994568),(0.0211499996185303,0.0541500015258789,0.00265000009536743),
(0.0211590003967285,0.00407200002670288,0.00248399996757507),(0.0211590003967285,
0.00444199991226197,0.00233400011062622),(0.0211590003967285,0.0535579986572266,
0.00233400011062622),(0.0211590003967285,0.0539280014038086,0.00248399996757507),
(0.0211779994964599,0.00425699996948242,0.00240599989891053),(0.0211779994964599,
0.0537430000305176,0.00240599989891053),(0.0211819992065429,0.0038180000782013,
0.00273799991607666),(0.0211819992065429,0.00487099981307983,0.00226699995994568),
(0.0211819992065429,0.0531290016174316,0.00226699995994568),(0.0211819992065429,
0.054181999206543,0.00273799991607666),(0.0212010002136231,0.00379900002479553,
0.00282699990272522),(0.0212010002136231,0.00500099992752075,0.00226699995994568),
(0.0212010002136231,0.0529990005493164,0.00226699995994568),(0.0212010002136231,
0.0542010002136231,0.00282699990272522),(0.0212070007324219,0.00379299998283386,
0.00291700005531311),(0.0212070007324219,0.00379299998283386,0.0069980001449585),
(0.0212070007324219,0.00513299989700317,0.00226699995994568),(0.0212070007324219,
0.052867000579834,0.00226699995994568),(0.0212070007324219,0.0542070007324219,
0.00291700005531311),(0.0212070007324219,0.0542070007324219,0.0069980001449585),
(0.0212210006713867,0.00402199983596802,0.00256500005722046),(0.0212210006713867,
0.00457200002670288,0.00233400011062622),(0.0212210006713867,0.0534280014038086,
0.00233400011062622),(0.0212210006713867,0.0539780006408691,0.00256500005722046),
(0.0212569999694824,0.0042039999961853,0.00248399996757507),(0.0212569999694824,
0.0043899998664856,0.00240599989891053),(0.0212569999694824,0.0536100006103516,
0.00240599989891053),(0.0212569999694824,0.0537960014343262,0.00248399996757507),
(0.0212689990997314,0.00398200011253357,0.00265000009536743),(0.0212689990997314,
0.00470699977874756,0.00233400011062622),(0.0212689990997314,0.0532929992675781,
0.00233400011062622),(0.0212689990997314,0.0540180015563965,0.00265000009536743),
(0.0213040008544922,0.00395300006866455,0.00273799991607666),(0.0213040008544922,
0.00484700012207031,0.00233400011062622),(0.0213040008544922,0.0531529998779297,
0.00233400011062622),(0.0213040008544922,0.0540470008850098,0.00273799991607666),
(0.0213229999542237,0.00415999984741211,0.00256500005722046),(0.0213229999542237,
0.00453000020980835,0.00240599989891053),(0.0213229999542237,0.0534700012207031,
0.00240599989891053),(0.0213229999542237,0.0538400001525879,0.00256500005722046),
(0.0213250007629395,0.00393600010871887,0.00282699990272522),(0.0213250007629395,
0.00498899984359741,0.00233400011062622),(0.0213250007629395,0.0530110015869141,
0.00233400011062622),(0.0213250007629395,0.0540639991760254,0.00282699990272522),
(0.0213320007324219,0.0039300000667572,0.0069980001449585),(0.0213320007324219,
0.00393000006675721,0.00291700005531311),(0.0213320007324219,0.00513299989700317,
0.00233400011062622),(0.0213320007324219,0.052867000579834,0.00233400011062622),
(0.0213320007324219,0.0540699996948242,0.00291700005531311),(0.0213320007324219,
0.0540699996948242,0.0069980001449585),(0.0213409996032715,0.00434499979019165,
0.00248399996757507),(0.0213409996032715,0.0536549987792969,0.00248399996757507),
(0.021375,0.004125,0.00265000009536743),(0.021375,0.00467500019073486,0.00240599989891053),
(0.021375,0.0533250007629395,0.00240599989891053),(0.021375,0.053875,0.00265000009536743),
(0.0214109992980957,0.00430700016021729,0.00256500005722046),(0.0214109992980957,
0.00449300003051758,0.00248399996757507),(0.0214109992980957,0.0535069999694824,
0.00248399996757507),(0.0214109992980957,0.053693000793457,0.00256500005722046),
(0.0214130001068115,0.00409999990463257,0.00273799991607666),(0.0214130001068115,
0.00482499980926514,0.00240599989891053),(0.0214130001068115,0.0531749992370606,
0.00240599989891053),(0.0214130001068115,0.0539000015258789,0.00273799991607666),
(0.0214360008239746,0.00408500003814698,0.00282699990272522),(0.0214360008239746,
0.00497800016403198,0.00240599989891053),(0.0214360008239746,0.0530219993591309,
0.00240599989891053),(0.0214360008239746,0.0539150009155274,0.00282699990272522),
(0.0214430007934571,0.00407999992370606,0.00291700005531311),(0.0214430007934571,
0.00407999992370606,0.0069980001449585),(0.0214430007934571,0.00513299989700317,
0.00240599989891053),(0.0214430007934571,0.052867000579834,0.00240599989891053),
(0.0214430007934571,0.0539199981689453,0.00291700005531311),(0.0214430007934571,
0.0539199981689453,0.0069980001449585),(0.0214669990539551,0.00427799987792969,
0.00265000009536743),(0.0214669990539551,0.00464699983596802,0.00248399996757507),
(0.0214669990539551,0.0533530006408691,0.00248399996757507),(0.0214669990539551,
0.0537220001220703,0.00265000009536743),(0.0214850006103516,0.00446299982070923,
0.00256500005722046),(0.0214850006103516,0.0535369987487793,0.00256500005722046),
(0.0215069999694825,0.00425600004196167,0.00273799991607666),(0.0215069999694825,
0.00480700016021729,0.00248399996757507),(0.0215069999694825,0.053193000793457,
0.00248399996757507),(0.0215069999694825,0.0537439994812012,0.00273799991607666),
(0.0215310001373291,0.00424399995803833,0.00282699990272522),(0.0215310001373291,
0.0049689998626709,0.00248399996757507),(0.0215310001373291,0.0530309982299805,
0.00248399996757507),(0.0215310001373291,0.0537560005187988,0.00282699990272522),
(0.0215389995574951,0.00423899984359741,0.00291700005531311),(0.0215389995574951,
0.00423899984359741,0.0069980001449585),(0.0215389995574951,0.00513299989700317,
0.00248399996757507),(0.0215389995574951,0.052867000579834,0.00248399996757507),
(0.0215389995574951,0.0537610015869141,0.00291700005531311),(0.0215389995574951,
0.0537610015869141,0.0069980001449585),(0.0215429992675782,0.0044390001296997,
0.00265000009536743),(0.0215429992675782,0.00462400007247925,0.00256500005722046),
(0.0215429992675782,0.0533759994506836,0.00256500005722046),(0.0215429992675782,
0.0535610008239746,0.00265000009536743),(0.0215849990844727,0.0044210000038147,
0.00273799991607666),(0.0215849990844727,0.00479099988937378,0.00256500005722046),
(0.0215849990844727,0.0532089996337891,0.00256500005722046),(0.0215849990844727,
0.0535789985656738,0.00273799991607666),(0.0216030006408691,0.00460599994659424,
0.00265000009536743),(0.0216030006408691,0.0533940010070801,0.00265000009536743),
(0.0216100006103515,0.00441099977493286,0.00282699990272522),(0.0216100006103515,
0.00496099996566772,0.00256500005722046),(0.0216100006103515,0.0530390014648438,
0.00256500005722046),(0.0216100006103515,0.0535890007019043,0.00282699990272522),
(0.0216180000305176,0.00440700006484985,0.00291700005531311),(0.0216180000305176,
0.00440700006484985,0.0069980001449585),(0.0216180000305176,0.00513299989700317,
0.00256500005722046),(0.0216180000305176,0.052867000579834,0.00256500005722046),
(0.0216180000305176,0.0535929985046387,0.00291700005531311),(0.0216180000305176,
0.0535929985046387,0.0069980001449585),(0.0216459999084473,0.00459299993515015,
0.00273799991607666),(0.0216459999084473,0.00477899980545044,0.00265000009536743),
(0.0216459999084473,0.0532210006713867,0.00265000009536743),(0.0216459999084473,
0.0534070014953613,0.00273799991607666),(0.0216720008850097,0.00458500003814697,
0.00282699990272522),(0.0216720008850097,0.00495499992370606,0.00265000009536743),
(0.0216720008850097,0.0530449981689453,0.00265000009536743),(0.0216720008850097,
0.0534150009155274,0.00282699990272522),(0.0216809997558594,0.00458300018310547,
0.00291700005531311),(0.0216809997558594,0.00458300018310547,0.0069980001449585),
(0.0216809997558594,0.00513299989700317,0.00265000009536743),(0.0216809997558594,
0.052867000579834,0.00265000009536743),(0.0216809997558594,0.0534169998168945,
0.00291700005531311),(0.0216809997558594,0.0534169998168945,0.0069980001449585),
(0.0216900005340576,0.00476999998092651,0.00273799991607666),(0.0216900005340576,
0.0532299995422363,0.00273799991607666),(0.0217169990539551,0.0047649998664856,
0.00282699990272522),(0.0217169990539551,0.00494999980926514,0.00273799991607666),
(0.0217169990539551,0.0530499992370606,0.00273799991607666),(0.0217169990539551,
0.0532350006103516,0.00282699990272522),(0.0217259998321533,0.00476300001144409,
0.00291700005531311),(0.0217259998321533,0.00476300001144409,0.0069980001449585),
(0.0217259998321533,0.00513299989700317,0.00273799991607666),(0.0217259998321533,
0.052867000579834,0.00273799991607666),(0.0217259998321533,0.0532369995117188,
0.00291700005531311),(0.0217259998321533,0.0532369995117188,0.0069980001449585),
(0.0217439994812011,0.00494799995422363,0.00282699990272522),(0.0217439994812011,
0.0530519981384277,0.00282699990272522),(0.0217530002593994,0.00494700002670288,
0.00291700005531311),(0.0217530002593994,0.00494700002670288,0.0069980001449585),
(0.0217530002593994,0.00513299989700317,0.00282699990272522),(0.0217530002593994,
0.052867000579834,0.00282699990272522),(0.0217530002593994,0.0530530014038086,
0.00291700005531311),(0.0217530002593994,0.0530530014038086,0.0069980001449585),
(0.0217630004882812,0.00513299989700317,0.00291700005531311),(0.0217630004882812,
0.00513299989700317,0.0069980001449585),(0.0217630004882812,0.052867000579834,
0.00291700005531311),(0.0217630004882812,0.052867000579834,0.0069980001449585),
(0.0219400005340576,0.001,0.0069980001449585),(0.0219400005340576,0.00100999999046326,
0.00116100001335144),(0.0219400005340576,0.00103999996185303,0.00103600001335144),
(0.0219400005340576,0.00108899998664856,0.000913999974727631),(0.0219400005340576,
0.00115699994564056,0.000795000016689301),(0.0219400005340576,0.00124300003051758,
0.000680999994277954),(0.0219400005340576,0.00134700000286102,0.000572000026702881),
(0.0219400005340576,0.00146800005435944,0.000470999985933304),(0.0219400005340576,
0.0016030000448227,0.000377000004053116),(0.0219400005340576,0.00175300002098083,
0.000291999995708466),(0.0219400005340576,0.00191499996185303,0.000216999992728233),
(0.0219400005340576,0.00208899998664856,0.000151999995112419),(0.0219400005340576,
0.00227200007438659,9.79999974370003E-5),(0.0219400005340576,0.00246199989318847,
5.49999997019768E-5),(0.0219400005340576,0.0026579999923706,2.5000000372529E-5),
(0.0219400005340576,0.00285800004005432,6.00000005215406E-6),(0.0219400005340576,
0.0551419982910156,6.00000005215406E-6),(0.0219400005340576,0.0553419990539551,
2.5000000372529E-5),(0.0219400005340576,0.0555379981994629,5.49999997019768E-5),
(0.0219400005340576,0.0557280006408692,9.79999974370003E-5),(0.0219400005340576,
0.0559109992980957,0.000151999995112419),(0.0219400005340576,0.0560849990844727,
0.000216999992728233),(0.0219400005340576,0.0562470016479492,0.000291999995708466),
(0.0219400005340576,0.0563969993591309,0.000377000004053116),(0.0219400005340576,
0.0565320014953613,0.000470999985933304),(0.0219400005340576,0.0566529998779297,
0.000572000026702881),(0.0219400005340576,0.0567569999694824,0.000680999994277954),
(0.0219400005340576,0.0568429985046387,0.000795000016689301),(0.0219400005340576,
0.0569109992980957,0.000913999974727631),(0.0219400005340576,0.0569599990844727,
0.00103600001335144),(0.0219400005340576,0.0569900016784668,0.00116100001335144),
(0.0219400005340576,0.057,0.0069980001449585),(0.0219400005340576,0.001,
0.00128699994087219),(0.0219400005340576,0.00305999994277954,0.),(0.0219400005340576,
0.0368639984130859,0.),(0.0219400005340576,0.054939998626709,0.),(0.0219400005340576,
0.057,0.00128699994087219),(0.0219599990844727,0.00285899996757508,6.00000005215406E-6),
(0.0219599990844727,0.055140998840332,6.00000005215406E-6),(0.0219799995422363,
0.00266000008583069,2.5000000372529E-5),(0.0219799995422363,0.00286199998855591,
6.00000005215406E-6),(0.0219799995422363,0.0551380004882813,6.00000005215406E-6),
(0.0219799995422363,0.0553400001525879,2.5000000372529E-5),(0.0219990005493164,
0.00246499991416931,5.49999997019768E-5),(0.0219990005493164,0.00286700010299682,
6.00000005215406E-6),(0.0219990005493164,0.055132999420166,6.00000005215406E-6),
(0.0219990005493164,0.0555349998474121,5.49999997019768E-5),(0.0220170001983643,
0.00227500009536743,9.79999974370003E-5),(0.0220170001983643,0.00287299990653991,
6.00000005215406E-6),(0.0220170001983643,0.0551269989013672,6.00000005215406E-6),
(0.0220170001983643,0.0557249984741211,9.79999974370003E-5),(0.0220189990997314,
0.00266599988937378,2.5000000372529E-5),(0.0220189990997314,0.0553339996337891,
2.5000000372529E-5),(0.0220349998474121,0.00209299993515015,0.000151999995112419),
(0.0220349998474121,0.00288199996948242,6.00000005215406E-6),(0.0220349998474121,
0.0551180000305176,6.00000005215406E-6),(0.0220349998474121,0.0559070014953613,
0.000151999995112419),(0.0220520000457764,0.0019210000038147,0.000216999992728233),
(0.0220520000457764,0.00289199995994568,6.00000005215406E-6),(0.0220520000457764,
0.0551080017089844,6.00000005215406E-6),(0.0220520000457764,0.0560789985656738,
0.000216999992728233),(0.022056999206543,0.00247300004959107,5.49999997019768E-5),
(0.022056999206543,0.00267499995231629,2.5000000372529E-5),(0.022056999206543,
0.0553250007629395,2.5000000372529E-5),(0.022056999206543,0.0555270004272461,
5.49999997019768E-5),(0.0220680007934571,0.00175899994373321,0.000291999995708466),
(0.0220680007934571,0.00290400004386902,6.00000005215406E-6),(0.0220680007934571,
0.0550960006713867,6.00000005215406E-6),(0.0220680007934571,0.0562410011291504,
0.000291999995708466),(0.0220830001831054,0.00161000001430512,0.000377000004053116),
(0.0220830001831054,0.00291700005531311,6.00000005215406E-6),(0.0220830001831054,
0.0550830001831055,6.00000005215406E-6),(0.0220830001831054,0.0563899993896484,
0.000377000004053116),(0.0220939998626709,0.0022869999408722,9.79999974370003E-5),
(0.0220939998626709,0.00268899989128113,2.5000000372529E-5),(0.0220939998626709,
0.0553110008239746,2.5000000372529E-5),(0.0220939998626709,0.0557130012512207,
9.79999974370003E-5),(0.0220960006713867,0.00147500002384186,0.000470999985933304),
(0.0220960006713867,0.0029319999217987,6.00000005215406E-6),(0.0220960006713867,
0.055068000793457,6.00000005215406E-6),(0.0220960006713867,0.0565250015258789,
0.000470999985933304),(0.0221079998016358,0.00135500001907349,0.000572000026702881),
(0.0221079998016358,0.00294799995422363,6.00000005215406E-6),(0.0221079998016358,
0.0550519981384277,6.00000005215406E-6),(0.0221079998016358,0.0566450004577637,
0.000572000026702881),(0.0221140003204345,0.00248799991607666,5.49999997019768E-5),
(0.0221140003204345,0.0555120010375977,5.49999997019768E-5),(0.0221180000305176,
0.00125199997425079,0.000680999994277954),(0.0221180000305176,0.00296499991416931,
6.00000005215406E-6),(0.0221180000305176,0.0550349998474121,6.00000005215406E-6),
(0.0221180000305176,0.0567480010986328,0.000680999994277954),(0.0221270008087158,
0.00116600000858307,0.000795000016689301),(0.0221270008087158,0.00298300004005432,
6.00000005215406E-6),(0.0221270008087158,0.0550169982910156,6.00000005215406E-6),
(0.0221270008087158,0.0568339996337891,0.000795000016689301),(0.0221299991607666,
0.00210700011253357,0.000151999995112419),(0.0221299991607666,0.00270499992370605,
2.5000000372529E-5),(0.0221299991607666,0.0552949981689453,2.5000000372529E-5),
(0.0221299991607666,0.0558930015563965,0.000151999995112419),(0.022132999420166,
0.00109800004959106,0.000913999974727631),(0.022132999420166,0.00300099992752075,
6.00000005215406E-6),(0.022132999420166,0.0549990005493164,6.00000005215406E-6),
(0.022132999420166,0.0569020004272461,0.000913999974727631),(0.0221380004882813,
0.00104900002479553,0.00103600001335144),(0.0221380004882813,0.00301999998092652,
6.00000005215406E-6),(0.0221380004882813,0.0549799995422363,6.00000005215406E-6),
(0.0221380004882813,0.056951000213623,0.00103600001335144),(0.0221410007476807,
0.00101999998092651,0.00116100001335144),(0.0221410007476807,0.00303999996185303,
6.00000005215406E-6),(0.0221410007476807,0.0549599990844727,6.00000005215406E-6),
(0.0221410007476807,0.0569799995422363,0.00116100001335144),(0.0221420001983643,
0.00100999999046326,0.00128699994087219),(0.0221420001983643,0.00100999999046326,
0.0069980001449585),(0.0221420001983643,0.00305999994277954,6.00000005215406E-6),
(0.0221420001983643,0.054939998626709,6.00000005215406E-6),(0.0221420001983643,
0.0569900016784668,0.00128699994087219),(0.0221420001983643,0.0569900016784668,
0.0069980001449585),(0.0221630001068115,0.00193700003623962,0.000216999992728233),
(0.0221630001068115,0.0027260000705719,2.5000000372529E-5),(0.0221630001068115,
0.0552739982604981,2.5000000372529E-5),(0.0221630001068115,0.0560629997253418,
0.000216999992728233),(0.0221690006256103,0.0023050000667572,9.79999974370003E-5),
(0.0221690006256103,0.00250699996948242,5.49999997019768E-5),(0.0221690006256103,
0.0554930000305176,5.49999997019768E-5),(0.0221690006256103,0.0556949996948242,
9.79999974370003E-5),(0.0221949996948242,0.00177799999713898,0.000291999995708466),
(0.0221949996948242,0.00274900007247925,2.5000000372529E-5),(0.0221949996948242,
0.0552509994506836,2.5000000372529E-5),(0.0221949996948242,0.0562220001220703,
0.000291999995708466),(0.0222220001220703,0.00213100004196167,0.000151999995112419),
(0.0222220001220703,0.00253200006484986,5.49999997019768E-5),(0.0222220001220703,
0.0554679985046387,5.49999997019768E-5),(0.0222220001220703,0.0558689994812012,
0.000151999995112419),(0.0222240009307862,0.00163100004196167,0.000377000004053116),
(0.0222240009307862,0.00277600002288819,2.5000000372529E-5),(0.0222240009307862,
0.0552239990234375,2.5000000372529E-5),(0.0222240009307862,0.0563689994812012,
0.000377000004053116),(0.022242000579834,0.00233200001716614,9.79999974370003E-5),
(0.022242000579834,0.0556679992675781,9.79999974370003E-5),(0.0222509994506836,
0.00149800002574921,0.000470999985933304),(0.0222509994506836,0.00280500006675721,
2.5000000372529E-5),(0.0222509994506836,0.0551949996948242,2.5000000372529E-5),
(0.0222509994506836,0.0565019989013672,0.000470999985933304),(0.0222719993591309,
0.0019650000333786,0.000216999992728233),(0.0222719993591309,0.00256299996376037,
5.49999997019768E-5),(0.0222719993591309,0.0554370002746582,5.49999997019768E-5),
(0.0222719993591309,0.0560349998474121,0.000216999992728233),(0.0222740001678467,
0.00137999999523163,0.000572000026702881),(0.0222740001678467,0.00283699989318848,
2.5000000372529E-5),(0.0222740001678467,0.0551629981994629,2.5000000372529E-5),
(0.0222740001678467,0.0566199989318848,0.000572000026702881),(0.0222950000762939,
0.00127799999713898,0.000680999994277954),(0.0222950000762939,0.00286999988555908,
2.5000000372529E-5),(0.0222950000762939,0.0551300010681152,2.5000000372529E-5),
(0.0222950000762939,0.0567220001220703,0.000680999994277954),(0.0223110008239746,
0.001192999958992,0.000795000016689301),(0.0223110008239746,0.00290599989891052,
2.5000000372529E-5),(0.0223110008239746,0.0550940017700195,2.5000000372529E-5),
(0.0223110008239746,0.056806999206543,0.000795000016689301),(0.0223120002746582,
0.00216300010681152,0.000151999995112419),(0.0223120002746582,0.00236500000953675,
9.79999974370003E-5),(0.0223120002746582,0.0556349983215332,9.79999974370003E-5),
(0.0223120002746582,0.0558370018005371,0.000151999995112419),(0.0223199996948242,
0.00180900001525879,0.000291999995708466),(0.0223199996948242,0.00259800004959106,
5.49999997019768E-5),(0.0223199996948242,0.0554020004272461,5.49999997019768E-5),
(0.0223199996948242,0.0561910018920898,0.000291999995708466),(0.0223250007629394,
0.00112699997425079,0.000913999974727631),(0.0223250007629394,0.0029430000782013,
2.5000000372529E-5),(0.0223250007629394,0.055056999206543,2.5000000372529E-5),
(0.0223250007629394,0.0568730010986328,0.000913999974727631),(0.0223339996337891,
0.00107799994945526,0.00103600001335144),(0.0223339996337891,0.00298099994659424,
2.5000000372529E-5),(0.0223339996337891,0.0550190010070801,2.5000000372529E-5),
(0.0223339996337891,0.0569220008850098,0.00103600001335144),(0.0223400001525879,
0.00104900002479553,0.00116100001335144),(0.0223400001525879,0.00301999998092652,
2.5000000372529E-5),(0.0223400001525879,0.0549799995422363,2.5000000372529E-5),
(0.0223400001525879,0.056951000213623,0.00116100001335144),(0.0223419990539551,
0.00103999996185303,0.00128699994087219),(0.0223419990539551,0.00103999996185303,
0.0069980001449585),(0.0223419990539551,0.00305999994277954,2.5000000372529E-5),
(0.0223419990539551,0.054939998626709,2.5000000372529E-5),(0.0223419990539551,
0.0569599990844727,0.00128699994087219),(0.0223419990539551,0.0569599990844727,
0.0069980001449585),(0.022363000869751,0.00166600000858307,0.000377000004053116),
(0.022363000869751,0.00263700008392334,5.49999997019768E-5),(0.022363000869751,
0.0553629989624023,5.49999997019768E-5),(0.022363000869751,0.0563339996337891,
0.000377000004053116),(0.0223780002593994,0.00200300002098084,0.000216999992728233),
(0.0223780002593994,0.00240400004386902,9.79999974370003E-5),(0.0223780002593994,
0.0555960006713867,9.79999974370003E-5),(0.0223780002593994,0.0559970016479492,
0.000216999992728233),(0.0223980007171631,0.00220300006866455,0.000151999995112419),
(0.0223980007171631,0.0557970008850098,0.000151999995112419),(0.0224020004272461,
0.00153600001335144,0.000470999985933304),(0.0224020004272461,0.0026800000667572,
5.49999997019768E-5),(0.0224020004272461,0.0553199996948242,5.49999997019768E-5),
(0.0224020004272461,0.0564640007019043,0.000470999985933304),(0.0224370002746582,
0.0014210000038147,0.000572000026702881),(0.0224370002746582,0.0027279999256134,
5.49999997019768E-5),(0.0224370002746582,0.0552719993591309,5.49999997019768E-5),
(0.0224370002746582,0.0565789985656738,0.000572000026702881),(0.0224400005340576,
0.0018530000448227,0.000291999995708466),(0.0224400005340576,0.00245000004768372,
9.79999974370003E-5),(0.0224400005340576,0.0555499992370606,9.79999974370003E-5),
(0.0224400005340576,0.0561469993591309,0.000291999995708466),(0.0224680004119873,
0.00132099997997284,0.000680999994277954),(0.0224680004119873,0.00277800011634826,
5.49999997019768E-5),(0.0224680004119873,0.0552220001220703,5.49999997019768E-5),
(0.0224680004119873,0.0566790008544922,0.000680999994277954),(0.0224799995422364,
0.00205100011825561,0.000216999992728233),(0.0224799995422364,0.00225200009346009,
0.000151999995112419),(0.0224799995422364,0.0557480010986328,0.000151999995112419),
(0.0224799995422364,0.0559490013122559,0.000216999992728233),(0.0224930000305176,
0.0012389999628067,0.000795000016689301),(0.0224930000305176,0.00283100008964539,
5.49999997019768E-5),(0.0224930000305176,0.0551689987182617,5.49999997019768E-5),
(0.0224930000305176,0.0567610015869141,0.000795000016689301),(0.0224979991912842,
0.00171399998664856,0.000377000004053116),(0.0224979991912842,0.00250200009346009,
9.79999974370003E-5),(0.0224979991912842,0.0554980010986328,9.79999974370003E-5),
(0.0224979991912842,0.0562859992980957,0.000377000004053116),(0.022511999130249,
0.00117400002479553,0.000913999974727631),(0.022511999130249,0.00288599991798401,
5.49999997019768E-5),(0.022511999130249,0.0551139984130859,5.49999997019768E-5),
(0.022511999130249,0.0568260002136231,0.000913999974727631),(0.0225270004272461,
0.00112699997425079,0.00103600001335144),(0.0225270004272461,0.0029430000782013,
5.49999997019768E-5),(0.0225270004272461,0.055056999206543,5.49999997019768E-5),
(0.0225270004272461,0.0568730010986328,0.00103600001335144),(0.0225349998474121,
0.00109800004959106,0.00116100001335144),(0.0225349998474121,0.00300099992752075,
5.49999997019768E-5),(0.0225349998474121,0.0549990005493164,5.49999997019768E-5),
(0.0225349998474121,0.0569020004272461,0.00116100001335144),(0.0225380001068116,
0.00108899998664856,0.00128699994087219),(0.0225380001068116,0.00108899998664856,
0.0069980001449585),(0.0225380001068116,0.00305999994277954,5.49999997019768E-5),
(0.0225380001068116,0.054939998626709,5.49999997019768E-5),(0.0225380001068116,
0.0569109992980957,0.00128699994087219),(0.0225380001068116,0.0569109992980957,
0.0069980001449585),(0.0225499992370605,0.00158899998664856,0.000470999985933304),
(0.0225499992370605,0.00255999994277954,9.79999974370003E-5),(0.0225499992370605,
0.055439998626709,9.79999974370003E-5),(0.0225499992370605,0.0564109992980957,
0.000470999985933304),(0.0225559997558593,0.00190699994564057,0.000291999995708466),
(0.0225559997558593,0.00230900001525879,0.000151999995112419),(0.0225559997558593,
0.0556910018920898,0.000151999995112419),(0.0225559997558593,0.0560929985046387,
0.000291999995708466),(0.0225760002136231,0.00210800004005432,0.000216999992728233),
(0.0225760002136231,0.0558919982910156,0.000216999992728233),(0.0225960006713867,
0.00147800004482269,0.000572000026702881),(0.0225960006713867,0.00262199997901917,
9.79999974370003E-5),(0.0225960006713867,0.0553779983520508,9.79999974370003E-5),
(0.0225960006713867,0.0565229988098145,0.000572000026702881),(0.0226270008087158,
0.00177499997615814,0.000377000004053116),(0.0226270008087158,0.00237299990653991,
0.000151999995112419),(0.0226270008087158,0.0556269989013672,0.000151999995112419),
(0.0226270008087158,0.0562249984741211,0.000377000004053116),(0.0226350002288818,
0.00138100004196167,0.000680999994277954),(0.0226350002288818,0.00268799996376037,
9.79999974370003E-5),(0.0226350002288818,0.0553120002746582,9.79999974370003E-5),
(0.0226350002288818,0.0566189994812012,0.000680999994277954),(0.0226660003662109,
0.00197300004959107,0.000291999995708466),(0.0226660003662109,0.00217499995231629,
0.000216999992728233),(0.0226660003662109,0.0558250007629395,0.000216999992728233),
(0.0226660003662109,0.0560270004272461,0.000291999995708466),(0.0226679992675782,
0.00130200004577637,0.000795000016689301),(0.0226679992675782,0.00275799989700317,
9.79999974370003E-5),(0.0226679992675782,0.055242000579834,9.79999974370003E-5),
(0.0226679992675782,0.0566980018615723,0.000795000016689301),(0.0226909999847412,
0.00165600001811981,0.000470999985933304),(0.0226909999847412,0.00244400000572204,
0.000151999995112419),(0.0226909999847412,0.0555559997558594,0.000151999995112419),
(0.0226909999847412,0.0563440017700195,0.000470999985933304),(0.0226949996948242,
0.0012389999628067,0.000913999974727631),(0.0226949996948242,0.00283100008964539,
9.79999974370003E-5),(0.0226949996948242,0.0551689987182617,9.79999974370003E-5),
(0.0226949996948242,0.0567610015869141,0.000913999974727631),(0.022712999343872,
0.001192999958992,0.00103600001335144),(0.022712999343872,0.00290599989891052,
9.79999974370003E-5),(0.022712999343872,0.0550940017700195,9.79999974370003E-5),
(0.022712999343872,0.056806999206543,0.00103600001335144),(0.0227250003814698,
0.00116600000858307,0.00116100001335144),(0.0227250003814698,0.00298300004005432,
9.79999974370003E-5),(0.0227250003814698,0.0550169982910156,9.79999974370003E-5),
(0.0227250003814698,0.0568339996337891,0.00116100001335144),(0.0227280006408691,
0.00115699994564056,0.00128699994087219),(0.0227280006408691,0.00115699994564056,
0.0069980001449585),(0.0227280006408691,0.00305999994277954,9.79999974370003E-5),
(0.0227280006408691,0.054939998626709,9.79999974370003E-5),(0.0227280006408691,
0.0568429985046387,0.00128699994087219),(0.0227280006408691,0.0568429985046387,
0.0069980001449585),(0.0227479991912842,0.00154900002479553,0.000572000026702881),
(0.0227479991912842,0.00251999998092652,0.000151999995112419),(0.0227479991912842,
0.0554799995422363,0.000151999995112419),(0.0227479991912842,0.056451000213623,
0.000572000026702881),(0.0227490005493164,0.00184899997711182,0.000377000004053116),
(0.0227490005493164,0.00225099992752075,0.000216999992728233),(0.0227490005493164,
0.0557490005493164,0.000216999992728233),(0.0227490005493164,0.0561510009765625,
0.000377000004053116),(0.0227689990997315,0.00204999995231629,0.000291999995708466),
(0.0227689990997315,0.0559500007629395,0.000291999995708466),(0.0227970008850098,
0.00145799994468689,0.000680999994277954),(0.0227970008850098,0.00260199999809265,
0.000151999995112419),(0.0227970008850098,0.0553979988098145,0.000151999995112419),
(0.0227970008850098,0.0565419998168945,0.000680999994277954),(0.0228250007629394,
0.00173599994182586,0.000470999985933304),(0.0228250007629394,0.00233400011062622,
0.000216999992728233),(0.0228250007629394,0.0556660003662109,0.000216999992728233),
(0.0228250007629394,0.0562639999389649,0.000470999985933304),(0.0228369998931885,
0.00138100004196167,0.000795000016689301),(0.0228369998931885,0.00268799996376037,
0.000151999995112419),(0.0228369998931885,0.0553120002746582,0.000151999995112419),
(0.0228369998931885,0.0566189994812012,0.000795000016689301),(0.0228640003204345,
0.00193400001525879,0.000377000004053116),(0.0228640003204345,0.00213599991798401,
0.000291999995708466),(0.0228640003204345,0.0558639984130859,0.000291999995708466),
(0.0228640003204345,0.0560660018920898,0.000377000004053116),(0.0228689994812012,
0.00132099997997284,0.000913999974727631),(0.0228689994812012,0.00277800011634826,
0.000151999995112419),(0.0228689994812012,0.0552220001220703,0.000151999995112419),
(0.0228689994812012,0.0566790008544922,0.000913999974727631),(0.0228920001983643,
0.0016360000371933,0.000572000026702881),(0.0228920001983643,0.00242400002479553,
0.000216999992728233),(0.0228920001983643,0.0555760002136231,0.000216999992728233),
(0.0228920001983643,0.0563639984130859,0.000572000026702881),(0.0228929996490478,
0.00127799999713898,0.00103600001335144),(0.0228929996490478,0.00286999988555908,
0.000151999995112419),(0.0228929996490478,0.0551300010681152,0.000151999995112419),
(0.0228929996490478,0.0567220001220703,0.00103600001335144),(0.0229069995880127,
0.00125199997425079,0.00116100001335144),(0.0229069995880127,0.00296499991416931,
0.000151999995112419),(0.0229069995880127,0.0550349998474121,0.000151999995112419),
(0.0229069995880127,0.0567480010986328,0.00116100001335144),(0.0229109992980957,
0.00124300003051758,0.00128699994087219),(0.0229109992980957,0.00124300003051758,
0.0069980001449585),(0.0229109992980957,0.00305999994277954,0.000151999995112419),
(0.0229109992980957,0.054939998626709,0.000151999995112419),(0.0229109992980957,
0.0567569999694824,0.00128699994087219),(0.0229109992980957,0.0567569999694824,
0.0069980001449585),(0.0229489994049073,0.00154900002479553,0.000680999994277954),
(0.0229489994049073,0.00251999998092652,0.000216999992728233),(0.0229489994049073,
0.0554799995422363,0.000216999992728233),(0.0229489994049073,0.056451000213623,
0.000680999994277954),(0.0229500007629394,0.0018289999961853,0.000470999985933304),
(0.0229500007629394,0.00223099994659424,0.000291999995708466),(0.0229500007629394,
0.0557690010070801,0.000291999995708466),(0.0229500007629394,0.0561710014343262,
0.000470999985933304),(0.0229699993133545,0.00202999997138977,0.000377000004053116),
(0.0229699993133545,0.0559700012207031,0.000377000004053116),(0.0229969997406006,
0.00147800004482269,0.000795000016689301),(0.0229969997406006,0.00262199997901917,
0.000216999992728233),(0.0229969997406006,0.0553779983520508,0.000216999992728233),
(0.0229969997406006,0.0565229988098145,0.000795000016689301),(0.0230270004272461,
0.00173599994182586,0.000572000026702881),(0.0230270004272461,0.00233400011062622,
0.000291999995708466),(0.0230270004272461,0.0556660003662109,0.000291999995708466),
(0.0230270004272461,0.0562639999389649,0.000572000026702881),(0.0230349998474121,
0.0014210000038147,0.000913999974727631),(0.0230349998474121,0.0027279999256134,
0.000216999992728233),(0.0230349998474121,0.0552719993591309,0.000216999992728233),
(0.0230349998474121,0.0565789985656738,0.000913999974727631),(0.0230629997253418,
0.00137999999523163,0.00103600001335144),(0.0230629997253418,0.00283699989318848,
0.000216999992728233),(0.0230629997253418,0.0551629981994629,0.000216999992728233),
(0.0230629997253418,0.0566199989318848,0.00103600001335144),(0.0230659999847412,
0.00193400001525879,0.000470999985933304),(0.0230659999847412,0.00213599991798401,
0.000377000004053116),(0.0230659999847412,0.0558639984130859,0.000377000004053116),
(0.0230659999847412,0.0560660018920898,0.000470999985933304),(0.0230790004730224,
0.00135500001907349,0.00116100001335144),(0.0230790004730224,0.00294799995422363,
0.000216999992728233),(0.0230790004730224,0.0550519981384277,0.000216999992728233),
(0.0230790004730224,0.0566450004577637,0.00116100001335144),(0.0230849990844726,
0.00134700000286102,0.00128699994087219),(0.0230849990844726,0.00134700000286102,
0.0069980001449585),(0.0230849990844726,0.00305999994277954,0.000216999992728233),
(0.0230849990844726,0.054939998626709,0.000216999992728233),(0.0230849990844726,
0.0566529998779297,0.00128699994087219),(0.0230849990844726,0.0566529998779297,
0.0069980001449585),(0.0230930004119873,0.00165600001811981,0.000680999994277954),
(0.0230930004119873,0.00244400000572204,0.000291999995708466),(0.0230930004119873,
0.0555559997558594,0.000291999995708466),(0.0230930004119873,0.0563440017700195,
0.000680999994277954),(0.0231469993591308,0.00158899998664856,0.000795000016689301),
(0.0231469993591308,0.00255999994277954,0.000291999995708466),(0.0231469993591308,
0.055439998626709,0.000291999995708466),(0.0231469993591308,0.0564109992980957,
0.000795000016689301),(0.0231509990692138,0.00184899997711182,0.000572000026702881),
(0.0231509990692138,0.00225099992752075,0.000377000004053116),(0.0231509990692138,
0.0557490005493164,0.000377000004053116),(0.0231509990692138,0.0561510009765625,
0.000572000026702881),(0.0231709995269775,0.00204999995231629,0.000470999985933304),
(0.0231709995269775,0.0559500007629395,0.000470999985933304),(0.0231909999847412,
0.00153600001335144,0.000913999974727631),(0.0231909999847412,0.0026800000667572,
0.000291999995708466),(0.0231909999847412,0.0553199996948242,0.000291999995708466),
(0.0231909999847412,0.0564640007019043,0.000913999974727631),(0.0232220001220703,
0.00149800002574921,0.00103600001335144),(0.0232220001220703,0.00280500006675721,
0.000291999995708466),(0.0232220001220703,0.0551949996948242,0.000291999995708466),
(0.0232220001220703,0.0565019989013672,0.00103600001335144),(0.0232250003814698,
0.00177499997615814,0.000680999994277954),(0.0232250003814698,0.00237299990653991,
0.000377000004053116),(0.0232250003814698,0.0556269989013672,0.000377000004053116),
(0.0232250003814698,0.0562249984741211,0.000680999994277954),(0.0232409992218018,
0.00147500002384186,0.00116100001335144),(0.0232409992218018,0.0029319999217987,
0.000291999995708466),(0.0232409992218018,0.055068000793457,0.000291999995708466),
(0.0232409992218018,0.0565250015258789,0.00116100001335144),(0.0232469997406006,
0.00146800005435944,0.00128699994087219),(0.0232469997406006,0.00146800005435944,
0.0069980001449585),(0.0232469997406006,0.00305999994277954,0.000291999995708466),
(0.0232469997406006,0.054939998626709,0.000291999995708466),(0.0232469997406006,
0.0565320014953613,0.00128699994087219),(0.0232469997406006,0.0565320014953613,
0.0069980001449585),(0.0232639999389648,0.00197300004959107,0.000572000026702881),
(0.0232639999389648,0.00217499995231629,0.000470999985933304),(0.0232639999389648,
0.0558250007629395,0.000470999985933304),(0.0232639999389648,0.0560270004272461,
0.000572000026702881),(0.0232859992980957,0.00171399998664856,0.000795000016689301),
(0.0232859992980957,0.00250200009346009,0.000377000004053116),(0.0232859992980957,
0.0554980010986328,0.000377000004053116),(0.0232859992980957,0.0562859992980957,
0.000795000016689301),(0.0233339996337891,0.00166600000858307,0.000913999974727631),
(0.0233339996337891,0.00263700008392334,0.000377000004053116),(0.0233339996337891,
0.0553629989624023,0.000377000004053116),(0.0233339996337891,0.0563339996337891,
0.000913999974727631),(0.0233439998626709,0.00190699994564057,0.000680999994277954),
(0.0233439998626709,0.00230900001525879,0.000470999985933304),(0.0233439998626709,
0.0556910018920898,0.000470999985933304),(0.0233439998626709,0.0560929985046387,
0.000680999994277954),(0.0233640003204345,0.00210800004005432,0.000572000026702881),
(0.0233640003204345,0.0558919982910156,0.000572000026702881),(0.0233689994812012,
0.00163100004196167,0.00103600001335144),(0.0233689994812012,0.00277600002288819,
0.000377000004053116),(0.0233689994812012,0.0552239990234375,0.000377000004053116),
(0.0233689994812012,0.0563689994812012,0.00103600001335144),(0.0233899993896484,
0.00161000001430512,0.00116100001335144),(0.0233899993896484,0.00291700005531311,
0.000377000004053116),(0.0233899993896484,0.0550830001831055,0.000377000004053116),
(0.0233899993896484,0.0563899993896484,0.00116100001335144),(0.0233969993591308,
0.0016030000448227,0.00128699994087219),(0.0233969993591308,0.0016030000448227,
0.0069980001449585),(0.0233969993591308,0.00305999994277954,0.000377000004053116),
(0.0233969993591308,0.054939998626709,0.000377000004053116),(0.0233969993591308,
0.0563969993591309,0.00128699994087219),(0.0233969993591308,0.0563969993591309,
0.0069980001449585),(0.0234109992980957,0.0018530000448227,0.000795000016689301),
(0.0234109992980957,0.00245000004768372,0.000470999985933304),(0.0234109992980957,
0.0555499992370606,0.000470999985933304),(0.0234109992980957,0.0561469993591309,
0.000795000016689301),(0.023451000213623,0.00205100011825561,0.000680999994277954),
(0.023451000213623,0.00225200009346009,0.000572000026702881),(0.023451000213623,
0.0557480010986328,0.000572000026702881),(0.023451000213623,0.0559490013122559,
0.000680999994277954),(0.0234640007019043,0.00180900001525879,0.000913999974727631),
(0.0234640007019043,0.00259800004959106,0.000470999985933304),(0.0234640007019043,
0.0554020004272461,0.000470999985933304),(0.0234640007019043,0.0561910018920898,
0.000913999974727631),(0.0235020008087158,0.00177799999713898,0.00103600001335144),
(0.0235020008087158,0.00274900007247925,0.000470999985933304),(0.0235020008087158,
0.0552509994506836,0.000470999985933304),(0.0235020008087158,0.0562220001220703,
0.00103600001335144),(0.0235230007171631,0.00200300002098084,0.000795000016689301),
(0.0235230007171631,0.00240400004386902,0.000572000026702881),(0.0235230007171631,
0.0555960006713867,0.000572000026702881),(0.0235230007171631,0.0559970016479492,
0.000795000016689301),(0.0235249996185303,0.00175899994373321,0.00116100001335144),
(0.0235249996185303,0.00290400004386902,0.000470999985933304),(0.0235249996185303,
0.0550960006713867,0.000470999985933304),(0.0235249996185303,0.0562410011291504,
0.00116100001335144),(0.0235319995880127,0.00175300002098083,0.00128699994087219),
(0.0235319995880127,0.00175300002098083,0.0069980001449585),(0.0235319995880127,
0.00305999994277954,0.000470999985933304),(0.0235319995880127,0.054939998626709,
0.000470999985933304),(0.0235319995880127,0.0562470016479492,0.00128699994087219),
(0.0235319995880127,0.0562470016479492,0.0069980001449585),(0.0235419998168946,
0.00220300006866455,0.000680999994277954),(0.0235419998168946,0.0557970008850098,
0.000680999994277954),(0.0235790004730225,0.0019650000333786,0.000913999974727631),
(0.0235790004730225,0.00256299996376037,0.000572000026702881),(0.0235790004730225,
0.0554370002746582,0.000572000026702881),(0.0235790004730225,0.0560349998474121,
0.000913999974727631),(0.0236189994812012,0.00216300010681152,0.000795000016689301),
(0.0236189994812012,0.00236500000953675,0.000680999994277954),(0.0236189994812012,
0.0556349983215332,0.000680999994277954),(0.0236189994812012,0.0558370018005371,
0.000795000016689301),(0.0236200008392334,0.00193700003623962,0.00103600001335144),
(0.0236200008392334,0.0027260000705719,0.000572000026702881),(0.0236200008392334,
0.0552739982604981,0.000572000026702881),(0.0236200008392334,0.0560629997253418,
0.00103600001335144),(0.0236450004577637,0.0019210000038147,0.00116100001335144),
(0.0236450004577637,0.00289199995994568,0.000572000026702881),(0.0236450004577637,
0.0551080017089844,0.000572000026702881),(0.0236450004577637,0.0560789985656738,
0.00116100001335144),(0.0236529998779297,0.00191499996185303,0.00128699994087219),
(0.0236529998779297,0.00191499996185303,0.0069980001449585),(0.0236529998779297,
0.00305999994277954,0.000572000026702881),(0.0236529998779297,0.054939998626709,
0.000572000026702881),(0.0236529998779297,0.0560849990844727,0.00128699994087219),
(0.0236529998779297,0.0560849990844727,0.0069980001449585),(0.0236790008544922,
0.00213100004196167,0.000913999974727631),(0.0236790008544922,0.00253200006484986,
0.000680999994277954),(0.0236790008544922,0.0554679985046387,0.000680999994277954),
(0.0236790008544922,0.0558689994812012,0.000913999974727631),(0.0236979999542236,
0.00233200001716614,0.000795000016689301),(0.0236979999542236,0.0556679992675781,
0.000795000016689301),(0.0237220001220703,0.00210700011253357,0.00103600001335144),
(0.0237220001220703,0.00270499992370605,0.000680999994277954),(0.0237220001220703,
0.0552949981689453,0.000680999994277954),(0.0237220001220703,0.0558930015563965,
0.00103600001335144),(0.0237479991912842,0.00209299993515015,0.00116100001335144),
(0.0237479991912842,0.00288199996948242,0.000680999994277954),(0.0237479991912842,
0.0551180000305176,0.000680999994277954),(0.0237479991912842,0.0559070014953613,
0.00116100001335144),(0.0237569999694824,0.00208899998664856,0.00128699994087219),
(0.0237569999694824,0.00208899998664856,0.0069980001449585),(0.0237569999694824,
0.00305999994277954,0.000680999994277954),(0.0237569999694824,0.054939998626709,
0.000680999994277954),(0.0237569999694824,0.0559109992980957,0.00128699994087219),
(0.0237569999694824,0.0559109992980957,0.0069980001449585),(0.0237609996795655,
0.0023050000667572,0.000913999974727631),(0.0237609996795655,0.00250699996948242,
0.000795000016689301),(0.0237609996795655,0.0554930000305176,0.000795000016689301),
(0.0237609996795655,0.0556949996948242,0.000913999974727631),(0.023806999206543,
0.0022869999408722,0.00103600001335144),(0.023806999206543,0.00268899989128113,
0.000795000016689301),(0.023806999206543,0.0553110008239746,0.000795000016689301),
(0.023806999206543,0.0557130012512207,0.00103600001335144),(0.023826000213623,
0.00248799991607666,0.000913999974727631),(0.023826000213623,0.0555120010375977,
0.000913999974727631),(0.0238339996337891,0.00227500009536743,0.00116100001335144),
(0.0238339996337891,0.00287299990653991,0.000795000016689301),(0.0238339996337891,
0.0551269989013672,0.000795000016689301),(0.0238339996337891,0.0557249984741211,
0.00116100001335144),(0.0238430004119873,0.00227200007438659,0.00128699994087219),
(0.0238430004119873,0.00227200007438659,0.0069980001449585),(0.0238430004119873,
0.00305999994277954,0.000795000016689301),(0.0238430004119873,0.054939998626709,
0.000795000016689301),(0.0238430004119873,0.0557280006408691,0.00128699994087219),
(0.0238430004119873,0.0557280006408691,0.0069980001449585),(0.0238729991912842,
0.00247300004959107,0.00103600001335144),(0.0238729991912842,0.00267499995231629,
0.000913999974727631),(0.0238729991912842,0.0553250007629395,0.000913999974727631),
(0.0238729991912842,0.0555270004272461,0.00103600001335144),(0.0239020004272461,
0.00246499991416931,0.00116100001335144),(0.0239020004272461,0.00286700010299682,
0.000913999974727631),(0.0239020004272461,0.055132999420166,0.000913999974727631),
(0.0239020004272461,0.0555349998474121,0.00116100001335144),(0.0239109992980957,
0.00246199989318847,0.00128699994087219),(0.0239109992980957,0.00246199989318847,
0.0069980001449585),(0.0239109992980957,0.00305999994277954,0.000913999974727631),
(0.0239109992980957,0.054939998626709,0.000913999974727631),(0.0239109992980957,
0.0555379981994629,0.00128699994087219),(0.0239109992980957,0.0555379981994629,
0.0069980001449585),(0.0239220008850097,0.00266599988937378,0.00103600001335144),
(0.0239220008850097,0.0553339996337891,0.00103600001335144),(0.023951000213623,
0.00266000008583069,0.00116100001335144),(0.023951000213623,0.00286199998855591,
0.00103600001335144),(0.023951000213623,0.0551380004882813,0.00103600001335144),
(0.023951000213623,0.0553400001525879,0.00116100001335144),(0.0239599990844727,
0.0026579999923706,0.00128699994087219),(0.0239599990844727,0.0026579999923706,
0.0069980001449585),(0.0239599990844727,0.00305999994277954,0.00103600001335144),
(0.0239599990844727,0.054939998626709,0.00103600001335144),(0.0239599990844727,
0.0553419990539551,0.00128699994087219),(0.0239599990844727,0.0553419990539551,
0.0069980001449585),(0.0239799995422364,0.00285899996757508,0.00116100001335144),
(0.0239799995422364,0.055140998840332,0.00116100001335144),(0.0239899997711181,
0.00285800004005432,0.00128699994087219),(0.0239899997711181,0.00285800004005432,
0.0069980001449585),(0.0239899997711181,0.00305999994277954,0.00116100001335144),
(0.0239899997711181,0.054939998626709,0.00116100001335144),(0.0239899997711181,
0.0551419982910156,0.00128699994087219),(0.0239899997711181,0.0551419982910156,
0.0069980001449585),(0.024,0.00305999994277954,0.00128699994087219),(0.024,
0.00305999994277954,0.0069980001449585),(0.024,0.054939998626709,0.00128699994087219),
(0.024,0.054939998626709,0.0069980001449585)));
#29=TESSELLATED_SHELL('Part 1',(#27),$);
#30=SHAPE_DEFINITION_REPRESENTATION(#42,#31);
#31=SHAPE_REPRESENTATION('Part 1',(#32),#37);
#32=AXIS2_PLACEMENT_3D('',#35,#33,#34);
#33=DIRECTION('',(0.,0.,1.));
#34=DIRECTION('',(1.,0.,0.));
#35=CARTESIAN_POINT('',(0.,0.,0.));
#36=MECHANICAL_DESIGN_GEOMETRIC_PRESENTATION_REPRESENTATION('',(#12,#13),
#37);
#37=(
GEOMETRIC_REPRESENTATION_CONTEXT(3)
GLOBAL_UNCERTAINTY_ASSIGNED_CONTEXT((#38))
GLOBAL_UNIT_ASSIGNED_CONTEXT((#41,#40,#39))
REPRESENTATION_CONTEXT('Part 1','TOP_LEVEL_ASSEMBLY_PART')
);
#38=UNCERTAINTY_MEASURE_WITH_UNIT(LENGTH_MEASURE(1.E-8),#41,
'DISTANCE_ACCURACY_VALUE','Maximum Tolerance applied to model');
#39=(
NAMED_UNIT(*)
SI_UNIT($,.STERADIAN.)
SOLID_ANGLE_UNIT()
);
#40=(
NAMED_UNIT(*)
PLANE_ANGLE_UNIT()
SI_UNIT($,.RADIAN.)
);
#41=(
LENGTH_UNIT()
NAMED_UNIT(*)
SI_UNIT($,.METRE.)
);
#42=PRODUCT_DEFINITION_SHAPE('','',#43);
#43=PRODUCT_DEFINITION('','',#45,#44);
#44=PRODUCT_DEFINITION_CONTEXT('',#51,'design');
#45=PRODUCT_DEFINITION_FORMATION_WITH_SPECIFIED_SOURCE('','',#47,
 .NOT_KNOWN.);
#46=PRODUCT_RELATED_PRODUCT_CATEGORY('','',(#47));
#47=PRODUCT('Part 1','Part 1','Part 1',(#49));
#48=PRODUCT_CATEGORY('','');
#49=PRODUCT_CONTEXT('',#51,'mechanical');
#50=APPLICATION_PROTOCOL_DEFINITION('international standard',
'ap242_managed_model_based_3d_engineering',2020,#51);
#51=APPLICATION_CONTEXT('managed model based 3d engineering');
ENDSEC;
END-ISO-10303-21;
