ISO-10303-21;
HEADER;
/* Generated by software containing ST-Developer
 * from STEP Tools, Inc. (www.steptools.com) 
 */
/* OPTION: using custom renumber hook */

FILE_DESCRIPTION(
/* description */ ('STEP AP242 Edition 2',
'CAx-IF Rec.Pracs.---Representation and Presentation of Product Manufa
cturing Information (PMI)---4.0---2014-10-13',
'CAx-IF Rec.Pracs.---3D Tessellated Geometry---0.4---2014-09-14','2;1',
'CAx-IF Rec.Pracs.---User Defined Attributes---1.5---2016-08-15'),
/* implementation_level */ '2;1');

FILE_NAME(
/* name */ 'FALLOUT-Usb_C_Hub-BOTTOM-01.6.1 - Part 1',
/* time_stamp */ '2026-06-08T07:44:55Z',
/* author */ (''),
/* organization */ (''),
/* preprocessor_version */ 'ST-DEVELOPER v20',
/* originating_system */ 'ONSHAPE BY PTC INC, 1.216',
/* authorisation */ '  ');

FILE_SCHEMA (('AP242_MANAGED_MODEL_BASED_3D_ENGINEERING_MIM_LF { 1 0 10303 442 3 1 4 }'));
ENDSEC;

DATA;
#10=SHAPE_REPRESENTATION_RELATIONSHIP('','',#31,#11);
#11=TESSELLATED_SHAPE_REPRESENTATION('',(#29),#37);
#12=STYLED_ITEM('',(#14),#27);
#13=STYLED_ITEM('',(#15),#29);
#14=PRESENTATION_STYLE_ASSIGNMENT((#16));
#15=PRESENTATION_STYLE_ASSIGNMENT((#17));
#16=SURFACE_STYLE_USAGE(.BOTH.,#18);
#17=SURFACE_STYLE_USAGE(.BOTH.,#19);
#18=SURFACE_SIDE_STYLE('',(#20));
#19=SURFACE_SIDE_STYLE('',(#21));
#20=SURFACE_STYLE_FILL_AREA(#22);
#21=SURFACE_STYLE_FILL_AREA(#23);
#22=FILL_AREA_STYLE('',(#24));
#23=FILL_AREA_STYLE('',(#25));
#24=FILL_AREA_STYLE_COLOUR('',#26);
#25=FILL_AREA_STYLE_COLOUR('',#26);
#26=COLOUR_RGB('',0.498039215686275,0.498039215686275,0.498039215686275);
#27=COMPLEX_TRIANGULATED_FACE('ConvergentBody',#28,4043,((-1.,0.,0.),(0.,
0.,1.),(0.,1.,0.),(-1.,0.,0.),(0.,0.997644917189937,0.0685902267461197),
(-0.999694274114931,-0.0247256607964625,0.),(0.,0.,1.),(-0.998910123870624,
-0.0247331985134194,-0.0395832454464199),(0.,0.,1.),(0.999639389655066,
0.0268531311032305,0.),(0.,0.,1.),(-0.995085771669536,-0.0990167007168187,
0.),(0.,0.,1.),(0.772298242855879,0.635260123163513,0.),(0.,0.,1.),(0.99503328483379,
0.0995427650453731,0.),(0.,0.,1.),(0.980981564231855,0.19410092899629,0.),
(0.,0.,1.),(0.956987545610606,0.290129001559977,0.),(0.,0.,1.),(0.924281304727375,
0.38171202460947,0.),(0.,0.,1.),(0.881686207523305,0.471836233732819,0.),
(0.,0.,1.),(0.830868590123436,0.556468674721491,0.),(-0.0215454868277494,
0.99976786905629,0.),(0.,0.,1.),(-1.,0.,0.),(0.,0.964129047373267,0.265433946606527),
(-0.0215812242927219,0.997411373609368,0.0685915632764087),(-1.,0.,0.),
(0.,0.870892531790618,0.491473496814759),(-0.0209188805381347,0.964062171229835,
0.264851902845056),(-1.,0.,0.),(0.,0.748513140460972,0.663119957893934),
(-0.0163140784205145,0.749048206683717,0.66231460417931),(-0.0188773727856403,
0.871077001268106,0.490783559890177),(-1.,0.,0.),(0.,0.620085081081356,
0.784534570443092),(-0.0131824978892117,0.620849176302482,0.783819189631085),
(-1.,0.,0.),(0.,0.497371120185321,0.867537877447203),(-1.,0.,0.),(0.,0.383838788154584,
0.92340012167425),(-0.0102159595884777,0.497950925390302,0.867145034047147),
(-1.,0.,0.),(0.,0.280991774214957,0.959710176471798),(-0.00584830830032735,
0.281479223043383,0.959549500695466),(-0.0080302934097085,0.384527405932579,
0.923078646960548),(-1.,0.,0.),(0.,0.182406963250958,0.983223117993858),
(-1.,0.,0.),(0.,0.0889078500765588,0.996039855726047),(-0.00429480399944474,
0.183072433316485,0.983090046139308),(-1.,0.,0.),(0.,0.0223715937255039,
0.999749724578197),(-0.00237684291472956,0.0896419903313177,0.995971216545538),
(-1.,0.,0.),(0.,-0.022371593725508,0.999749724578197),(-0.00931180225720216,
-0.0196636169630998,0.999763288237096),(-0.00929593156269383,0.0196450910779603,
0.999763800131271),(-0.998912646772709,0.0246908877102258,-0.0395459755426667),
(-1.,0.,0.),(0.,-0.0889078500765489,0.996039855726048),(-0.00230215302931558,
-0.0895600255025682,0.995978765799457),(-1.,0.,0.),(0.,-0.182405260606752,
0.983223433865865),(-1.,0.,0.),(0.,-0.280990112287897,0.959710663062798),
(-0.00622689837505222,-0.281522600107761,0.95953439300798),(-0.00422916186921372,
-0.183087049415523,0.983087608774621),(-1.,0.,0.),(0.,-0.383842179300252,
0.923398712036157),(-1.,0.,0.),(0.,-0.497374306178468,0.867536050866756),
(-0.00819773275331832,-0.384581329692672,0.923054710203854),(-1.,0.,0.),
(0.,-0.620085081081356,0.784534570443092),(-0.0134753603168813,-0.620748403757496,
0.783894019556758),(-0.0108210133506346,-0.498027790866729,0.867093550428367),
(-1.,0.,0.),(0.,-0.748510222313966,0.663123251810323),(-1.,0.,0.),(0.,-0.870890368993486,
0.491477329278157),(-0.0162912416543389,-0.748956409074261,0.662418970706568),
(-1.,0.,0.),(0.,-0.964129047373267,0.265433946606527),(-0.0188779157372762,
-0.871141436414676,0.490669157435835),(-1.,0.,0.),(0.,-0.997644917189937,
0.0685902267461197),(-0.0214748628256556,-0.997419252538357,0.0685103271955735),
(-0.0208917735489446,-0.964024026401215,0.264992849562339),(-1.,0.,0.),
(0.,-1.,0.),(0.,0.,1.),(0.,0.,1.),(-0.999694276996825,0.0247255442770221,
0.),(-0.0215454868277494,-0.99976786905629,0.),(0.,0.,1.),(0.,0.,1.),(0.999639389655066,
-0.026853131103227,0.),(0.,0.,1.),(-0.995085748575726,0.0990169328018502,
0.),(0.,0.,1.),(0.772295210730861,-0.635263809359683,0.),(0.,0.,1.),(0.995033358946908,
-0.0995420242050253,0.),(0.,0.,1.),(0.980981587760715,-0.194100810081942,
0.),(0.,0.,1.),(0.956987863590636,-0.290127952704029,0.),(0.,0.,1.),(0.924280292180252,
-0.381714476391959,0.),(0.,0.,1.),(0.881686649140246,-0.471835408514288,
0.),(0.,0.,1.),(0.83086985211736,-0.556466790421923,0.),(0.,0.,1.),(-0.980669844603124,
-0.195669762319284,0.),(-0.97996933270358,-0.195750950757113,-0.0366288443468504),
(-0.994388868640889,-0.0982750389600205,-0.0391509213237699),(0.,0.,1.),
(-0.980669888168421,0.1956695439759,0.),(-0.980122581391321,0.19490250415247,
-0.0370504969185224),(-0.994296749508627,0.0989814995865075,-0.0397068842417087),
(0.,0.,1.),(-0.956995432965496,-0.290102983926712,0.),(0.,0.,1.),(-0.956994906078669,
0.290104722022032,0.),(-0.956262562952904,0.290117325120904,-0.0373342786114018),
(0.,0.,1.),(-0.924337235405076,-0.381576565375419,0.),(-0.956312962870744,
-0.289929485699447,-0.0375021381714856),(0.,0.,1.),(-0.924337089401464,
0.381576919056735,0.),(0.,0.,1.),(-0.882793465187905,-0.469761320056826,
0.),(-0.882100919805003,-0.469446612932623,-0.0389595288120381),(-0.923581127103931,
-0.381542418644229,-0.0377264420870068),(0.,0.,1.),(-0.882794407528149,
0.469759549170664,0.),(-0.882019678903775,0.469633470299008,-0.0385446442633994),
(-0.923719696580671,0.38123620081378,-0.0374283493890442),(0.,0.,1.),(-0.830874672296475,
-0.556459593264618,0.),(0.,0.,1.),(0.707106781186553,0.707106781186542,
0.),(-0.830560990675268,-0.555566349887515,-0.0389162130888904),(0.,0.,
1.),(-0.830872709117585,0.556462524563519,0.),(0.,0.,1.),(0.707105555778087,
-0.707108006592885,0.),(0.,0.,1.),(-0.773044503951262,-0.634351791130716,
0.),(0.,0.,1.),(-0.773044271407936,0.634352074516489,0.),(-0.772902071568331,
0.633444136345412,-0.0370258544127976),(-0.830116590673977,0.5561986941586,
-0.0393631617642773),(0.,0.,1.),(-0.707106781186583,-0.707106781186512,
0.),(-0.70695281230237,-0.70620267062836,-0.0386718137037956),(-0.772165241076886,
-0.634347244993737,-0.0369379647724444),(0.,0.,1.),(-0.707106532848423,
0.707107029524585,0.),(0.,0.,1.),(-0.0873662778098352,0.996176256242667,
0.),(0.,0.,1.),(-0.0873662778098352,-0.996176256242667,0.),(0.,0.,1.),(-0.63435179113067,
-0.773044503951299,0.),(0.,0.,1.),(-0.634351266614771,0.773044934362962,
0.),(-0.706202253730677,0.706953241088714,-0.03867158827712),(0.,0.,1.),
(-0.556459593264713,-0.830874672296413,0.),(-0.633443862187201,-0.77290223970169,
-0.0370270350078578),(0.,0.,1.),(-0.556461948031147,0.830873095239809,0.),
(-0.634346717620827,0.772165674149465,-0.0369379683927629),(0.,0.,1.),(-0.469761320057021,
-0.882793465187801,0.),(-0.469634603852543,-0.882019127561373,-0.0385434492506782),
(-0.556196279208192,-0.830118183798487,-0.039363687861585),(0.,0.,1.),(-0.469764146307023,
0.882791961248195,0.),(-0.469448497204637,0.882099658285423,-0.0389653862427679),
(-0.555568399389816,0.830559559011135,-0.0389175093584718),(0.,0.,1.),(-0.177254965729709,
0.984164964385626,0.),(-0.177634322581698,0.981521644585633,0.0711428749127769),
(-0.0874415504217924,0.993719568747566,0.069824021281972),(0.,0.,1.),(-0.17725694365336,
-0.984164608145746,0.),(-0.177496145389568,-0.98154595645828,0.0711523276656882),
(-0.0876308680204359,-0.993703633034749,0.06981347050194),(0.,0.,1.),(-0.381578037304051,
-0.924336627775395,0.),(0.,0.,1.),(0.635262470980527,0.772296311634152,
0.),(-0.381237629396821,-0.923719058443558,-0.0374295471524762),(0.,0.,
1.),(0.635262470980611,-0.772296311634083,0.),(0.,0.,1.),(-0.381578940182603,
0.92433625505501,0.),(-0.381544753032003,0.923580055084135,-0.0377290774407946),
(0.,0.,1.),(-0.290103412233883,-0.95699530312863,0.),(0.,0.,1.),(-0.29010237883141,
0.956995616393491,0.),(-0.289929001440251,0.956312883485767,-0.0375079058732576),
(0.,0.,1.),(-0.195669325640845,-0.980669931732006,0.),(-0.194902176027354,
-0.98012267405674,-0.037049771654738),(-0.290116194110968,-0.956262912429421,
-0.0373341161214315),(0.,0.,1.),(-0.195663588393934,0.980671076445517,0.),
(-0.195745100555598,0.979970351899809,-0.0366328405374695),(0.,0.,1.),(-0.271143324828263,
0.962538984873379,0.),(0.,0.,1.),(-0.271145259288956,-0.962538439941556,
0.),(0.,0.,1.),(-0.0990173968545087,-0.995085702399626,0.),(0.,0.,1.),(-0.0990151225212614,
0.995085928707717,0.),(0.,0.,1.),(-0.0247256607964549,-0.999694274114931,
0.),(-0.0989818099087479,-0.994296732149392,-0.0397065453575246),(0.,0.,
1.),(-0.0247303689837316,0.999694157655194,0.),(-0.0247344959968169,0.998909913434214,
-0.0395877449551548),(-0.0982761087807746,0.994389038933897,-0.0391439100120306),
(0.,0.,1.),(1.,0.,0.),(-0.31895767704299,0.947768959322545,0.),(-0.318019884288052,
0.944982348661067,0.0766271095398262),(1.,0.,0.),(-0.271350842751029,0.959594317894744,
0.0744813077384343),(-0.31895767704301,-0.947768959322538,0.),(1.,0.,0.),
(0.,0.,1.),(-0.317995639535229,-0.94491030642529,0.0776098321596308),(1.,
0.,0.),(-0.271539371687406,-0.959535863919634,0.0745472700748423),(0.,0.,
1.),(0.556470442570545,0.830867406115646,0.),(0.,0.,1.),(0.471835185324369,
0.881686768580497,0.),(0.,0.,1.),(0.381710179668782,0.924282066653479,0.),
(0.,0.,1.),(0.290132128224063,0.956986597697259,0.),(0.,0.,1.),(0.19409513573336,
0.980982710492213,0.),(0.,0.,1.),(0.0995372877003453,0.995033832770152,
0.),(0.,0.,1.),(0.0268585165622037,0.999639244971944,0.),(0.,0.,1.),(0.,
-1.,0.),(1.,0.,0.),(0.,-1.,0.),(0.997644917189925,0.,0.0685902267462873),
(-0.0246910039946104,-0.998912643907471,-0.0395459753138436),(0.,0.,1.),
(0.556468616502461,-0.830868629115239,0.),(0.,0.,1.),(0.471837346279818,
-0.881685612140529,0.),(0.,0.,1.),(0.381714476391844,-0.9242802921803,0.),
(0.,0.,1.),(0.290127356195738,-0.956988044432568,0.),(0.,0.,1.),(0.194100198617933,
-0.98098170874715,0.),(0.,0.,1.),(0.0968729938050135,-0.995296751261278,
0.),(0.,0.,1.),(0.0241720087908282,-0.999707814309269,0.),(0.,0.,1.),(1.,
0.,0.),(0.,1.,0.),(0.,1.,0.),(0.998242584283102,0.,0.0592599605449989),
(0.998178804405477,0.0258919758782564,0.0544855946170445),(0.993765263179359,
0.0995706722511032,0.0501625649814953),(-0.314862936491893,0.936947249393989,
0.15162843755952),(1.,0.,0.),(1.,0.,0.),(-0.303736377593141,0.904608505050994,
0.299044587839342),(-0.262095310031957,0.922922247287474,0.281993925326576),
(1.,0.,0.),(-0.290137534392823,0.859596510668034,0.4206115190812),(1.,0.,
0.),(-0.270278303439262,0.798732957691441,0.537564229639097),(-0.232682774944638,
0.823914698092626,0.516742969483862),(1.,0.,0.),(-0.264820156392688,0.728988855046371,
0.631225422481013),(1.,0.,0.),(-0.287861121738224,0.610821052561544,0.737586345005938),
(-0.261802623911342,0.652353761812967,0.711262227003239),(1.,0.,0.),(-0.261442601171327,
0.556020637557166,0.788979604871566),(1.,0.,0.),(-0.229985891013564,0.489334364277095,
0.841224327912732),(-0.21123133735036,0.52871490879199,0.822096020755639),
(1.,0.,0.),(-0.222338422183349,0.428245953865337,0.875882999617521),(1.,
0.,0.),(-0.211114523710791,0.326133433279348,0.921448664644857),(-0.20373919925099,
0.371320640233549,0.905875996384225),(1.,0.,0.),(-0.1999811644897,0.27571924525186,
0.940205526279807),(-0.17784421565011,0.236572173912288,0.955198953878307),
(1.,0.,0.),(-0.215711237236664,0.241384527870141,0.946151241522589),(1.,
0.,0.),(-0.224172081645851,0.216071396305152,0.950294706661732),(-0.19793079068837,
0.185165229924318,0.962568044204954),(1.,0.,0.),(-0.187066791672322,0.140939946903188,
0.972184111586047),(1.,0.,0.),(-0.178029783125445,0.108985696438478,0.977971121399874),
(-0.152755026776008,0.0914126598730087,0.984027249322702),(1.,0.,0.),(-0.183578501966577,
0.080563140488634,0.979698174955081),(1.,0.,0.),(-0.186278972800905,0.0547690264089862,
0.980969162633796),(-0.159647646165965,0.0464425900286847,0.98608098800509),
(1.,0.,0.),(-0.188815425825292,0.0263657877997712,0.981658586375177),(1.,
0.,0.),(-0.188831101992987,0.0132497188309647,0.981920190173832),(-0.160639050300539,
0.0112876849778805,0.986948673278596),(1.,0.,0.),(-0.188831011503979,-0.0132858305247284,
0.981919719631729),(-0.1887732303412,-0.0264941904061902,0.981663244387437),
(1.,0.,0.),(-0.160618818785783,-0.0113841142913494,0.986950858449225),(0.998114286258853,
-0.026787015243198,0.0552297689687397),(1.,0.,0.),(-0.186127316512228,-0.0550110083179948,
0.980984409158369),(-0.159649761570994,-0.0462607391469486,0.986089193553962),
(1.,0.,0.),(-0.183639951901464,-0.080087114303402,0.979725687214631),(1.,
0.,0.),(-0.17812708560175,-0.108480168305501,0.978009608572143),(-0.152852733069676,
-0.0911505075177114,0.984036395146234),(1.,0.,0.),(-0.173756720938377,-0.13082489634125,
0.976060166396541),(1.,0.,0.),(-0.187089388264196,-0.140957931176846,0.972177155891493),
(-0.142197749607936,-0.133028997949516,0.980858341306728),(1.,0.,0.),(-0.236176199884674,
-0.178027286286244,0.955262837100654),(-0.197970475545466,-0.185262553778575,
0.962541155992689),(1.,0.,0.),(-0.224086072173505,-0.216337517161604,0.950254445359875),
(1.,0.,0.),(-0.215810400210981,-0.241355406114298,0.946136057393533),(1.,
0.,0.),(-0.19986252490144,-0.275974801042647,0.94015577450202),(-0.177845222914694,
-0.236803455529875,0.955141455563276),(1.,0.,0.),(-0.190715449737532,-0.295093221388429,
0.936241212467177),(1.,0.,0.),(-0.210621469308221,-0.325370274157383,0.921831210884724),
(-0.153732040935519,-0.280738043476596,0.947392532446152),(1.,0.,0.),(-0.249693699754038,
-0.387347656381081,0.887476675411374),(-0.203554696369892,-0.371284828360734,
0.90593215077891),(1.,0.,0.),(-0.221905153112123,-0.428850723181775,0.875696956857082),
(1.,0.,0.),(-0.209491894851828,-0.445954442783595,0.870194105331083),(-0.166174949484345,
-0.418395715393154,0.892933878573619),(1.,0.,0.),(-0.230087828058746,-0.489551252795663,
0.8410702481157),(-0.211312377778117,-0.528399174435513,0.822278171577981),
(1.,0.,0.),(-0.261753200378736,-0.556108754811884,0.788814499684854),(1.,
0.,0.),(-0.287517879006178,-0.610035957536168,0.738369555009359),(-0.261712417144465,
-0.65247110569485,0.711187785993082),(1.,0.,0.),(-0.322956604872094,-0.686023005779661,
0.651975050834408),(1.,0.,0.),(-0.264017980526468,-0.72952992122395,0.630936288382355),
(1.,0.,0.),(-0.248981813100591,-0.740263114128225,0.62451467445235),(-0.19552141518162,
-0.69804380856207,0.688844117005826),(1.,0.,0.),(-0.268312238516135,-0.798886617721844,
0.538320271481033),(-0.232115066453471,-0.823723301736055,0.517303120135915),
(1.,0.,0.),(-0.288377957446115,-0.858761054967898,0.423518127273946),(1.,
0.,0.),(-0.303834781473131,-0.904901578233376,0.298056302194603),(-0.261606698695563,
-0.92242623209626,0.284062988680866),(1.,0.,0.),(-0.315008755572844,-0.936916492751211,
0.1515155751836),(0.993836222237535,-0.0985374544641664,0.0507930451572627),
(0.955871332327883,0.289399058527627,0.0505784633716873),(0.979701456612459,
0.193885306127383,0.0509268492969823),(0.955788071625182,-0.289636931905893,
0.0507898593732771),(0.979680285748351,-0.194021813214832,0.0508141093876229),
(0.922944827081861,0.381717808597963,0.0496423283297844),(0.88026571538334,
-0.471660934400203,0.0516549444040439),(0.923201910659111,-0.38111221952435,
0.0495147279563438),(0.829571384333881,0.5563334111973,0.0480047276832654),
(0.880856936500086,0.470594238809888,0.0513041890943106),(0.830331399891901,
-0.555180252422215,0.0482146624374874),(0.770932874177204,-0.634914826454676,
0.05045459999746),(0.705810803946069,0.706805361516362,0.047510945735986),
(0.771744517949239,0.633937291582908,0.0503379514464256),(0.634914343647171,
0.770933112970034,0.0504570268388365),(0.633939130060306,-0.77174304394382,
0.0503373966620209),(0.706804343245218,-0.705812071941885,0.0475072570329834),
(0.556332554083744,-0.82957167398207,0.0480096552085531),(0.471662863067669,
0.880263907546136,0.0516681398389478),(0.555181215398785,0.830330774051535,
0.0482143519225004),(0.381718164061235,-0.922944312283745,0.0496491656405838),
(0.470596813206404,-0.880855753974283,0.051300878066307),(0.289639480709301,
0.955787311181495,0.0507896347584371),(0.381107824759343,0.923203832260649,
0.0495127257021182),(0.289399582766222,-0.955870960729588,0.0505824863824539),
(0.193884660569015,-0.979701850621954,0.0509217270323479),(0.0985289960913294,
0.993837461101575,0.050785212812484),(0.194019100306177,0.979680547011732,
0.0508194305671989),(0.0241695814153515,-0.998466802519151,0.0497983493841909),
(0.0969092850831234,-0.994028962936427,0.0501498884167126),(0.,0.,1.),(1.,
0.,0.),(0.,1.,0.),(0.,1.,0.),(0.997644917189925,0.,0.0685902267462873),
(0.0267923622824351,0.998113566687916,0.0552401784650849),(0.,-1.,0.),(1.,
0.,0.),(0.,0.,1.),(0.,-1.,0.),(0.998242584283102,0.,0.0592599605449989),
(0.991465431652764,0.130369850186299,0.),(0.,0.,1.),(1.,0.,0.),(0.,0.,-1.),
(1.,0.,0.),(0.,0.,1.),(0.,0.,1.),(0.991465431652765,-0.130369850186294,
0.),(0.991465431652764,0.130369850186299,0.),(0.,0.,-1.),(-0.0148465991192401,
0.,-0.999889783173422),(0.991465431652765,-0.130369850186294,0.),(0.,0.,
-1.),(0.0107510684079639,0.,0.999942205593947),(0.965526541137649,0.260304626080228,
0.),(0.,0.,1.),(0.965526541137649,0.260304626080228,0.),(0.,0.,-1.),(0.,
0.,-1.),(0.965526541137648,-0.260304626080231,0.),(0.965526541137648,-0.260304626080231,
0.),(0.,0.,1.),(0.922873327583176,0.385103649989915,0.),(0.,0.,-1.),(-0.0121591452242841,
-0.0121591309940436,-0.999852144429808),(0.922873327583176,0.385103649989915,
0.),(0.,0.,1.),(0.,0.,1.),(0.922873327583173,-0.385103649989923,0.),(0.922873327583173,
-0.385103649989923,0.),(0.,0.,-1.),(0.,0.,-1.),(0.86766922845738,0.497141941489726,
0.),(0.86766922845738,0.497141941489726,0.),(0.,0.,1.),(0.86766922845738,
-0.497141941489726,0.),(0.,0.,-1.),(0.86766922845738,-0.497141941489726,
0.),(0.,0.,1.),(0.,0.,1.),(0.793119544462258,0.609065996581635,0.),(0.793119544462258,
0.609065996581635,0.),(0.,0.,-1.),(0.00879363115994426,0.00879354952765354,
0.999922669778882),(0.793119544462258,-0.609065996581635,0.),(0.,0.,1.),
(0.793119544462258,-0.609065996581635,0.),(0.,0.,-1.),(0.,0.,-1.),(0.707102932867427,
0.707110629484724,0.),(0.707102932867427,0.707110629484724,0.),(0.,0.,1.),
(0.,0.,1.),(0.707102932867427,-0.707110629484724,0.),(0.707102932867427,
-0.707110629484724,0.),(0.,0.,-1.),(0.,0.,1.),(0.,0.,1.),(0.609069702634371,
0.793116698432759,0.),(0.609069702634371,0.793116698432759,0.),(0.,0.,-1.),
(0.,0.,-1.),(0.609069702634371,-0.793116698432759,0.),(0.609069702634371,
-0.793116698432759,0.),(0.,0.,1.),(0.497145070068736,0.867667435891397,
0.),(0.,0.,-1.),(0.497145070068736,0.867667435891397,0.),(0.,0.,1.),(0.,
0.,1.),(0.497145070068448,-0.867667435891562,0.),(0.497145070068448,-0.867667435891562,
0.),(0.,0.,-1.),(0.385097642665646,0.922875834342498,0.),(0.,0.,1.),(0.385097642665646,
0.922875834342498,0.),(0.,0.,-1.),(0.,0.,-1.),(0.385097642665662,-0.922875834342491,
0.),(0.385097642665662,-0.922875834342491,0.),(0.,0.,1.),(0.260310202055905,
0.965525037845013,0.),(0.,0.,-1.),(0.260310202055905,0.965525037845013,
0.),(0.,0.,1.),(0.,0.,1.),(0.260310202056242,-0.965525037844922,0.),(0.260310202056242,
-0.965525037844922,0.),(0.,0.,-1.),(0.,0.,-1.),(0.922873259036288,0.385103814257586,
0.),(0.13036839207474,0.991465623381793,0.),(0.,0.,-1.),(0.13036839207474,
0.991465623381793,0.),(0.,0.,1.),(0.130368392074764,-0.99146562338179,0.),
(0.,0.,-1.),(0.,0.,-1.),(0.867670360294871,0.497139966071697,0.),(0.130368392074764,
-0.99146562338179,0.),(0.,0.,1.),(0.,0.,1.),(0.,0.999999999999876,0.),(0.,
0.999999999999876,0.),(0.,0.,-1.),(0.,0.,-1.),(0.,-0.999999999999876,0.),
(0.,0.,-1.),(0.793120234092463,0.609065098551145,0.),(0.,-0.999999999999876,
0.),(0.,0.,1.),(0.,0.,1.),(-0.130368885568309,0.991465558491911,0.),(-0.130368885568309,
0.991465558491911,0.),(0.,0.,-1.),(0.,0.,-1.),(-0.130368885568309,-0.991465558491911,
0.),(0.,0.,-1.),(0.707108273359064,0.707105289010882,0.),(-0.130368885568309,
-0.991465558491911,0.),(0.,0.,1.),(-0.260310202055905,0.965525037845013,
0.),(0.,0.,-1.),(-0.260310202055905,0.965525037845013,0.),(0.,0.,1.),(0.,
0.0107509581991599,0.999942206778872),(-0.26031020205618,-0.965525037844939,
0.),(0.,0.,1.),(-0.26031020205618,-0.965525037844939,0.),(0.,0.,-1.),(0.,
0.,-1.),(0.60906276094859,0.793122029214723,0.),(0.,0.,1.),(0.260311351364133,
0.965524727985244,0.),(-0.385097642665565,0.922875834342532,0.),(0.,0.,
-1.),(0.,-0.0148465991192447,-0.999889783173422),(-0.385097642665565,0.922875834342532,
0.),(0.,0.,1.),(-0.385097642665581,-0.922875834342525,0.),(0.,0.,-1.),(0.,
0.,-1.),(0.497138401723246,0.867671256601287,0.),(-0.385097642665581,-0.922875834342525,
0.),(0.,0.,1.),(0.,0.,1.),(-0.497145070068666,0.867667435891437,0.),(-0.497145070068666,
0.867667435891437,0.),(0.,0.,-1.),(-0.497145070068382,-0.8676674358916,
0.),(0.,0.,1.),(-0.497145070068382,-0.8676674358916,0.),(0.,0.,-1.),(0.,
0.,-1.),(0.385104748528049,0.922872869176003,0.),(-0.609065870795317,0.793119641058234,
0.),(0.,0.,-1.),(-0.609065870795317,0.793119641058234,0.),(0.,0.,1.),(0.,
0.,1.),(-0.609065870795318,-0.793119641058234,0.),(-0.609065870795318,-0.793119641058234,
0.),(0.,0.,-1.),(0.,0.,-1.),(0.260311351364133,0.965524727985244,0.),(-0.70709951655342,
0.707114045745041,0.),(0.,0.,1.),(-0.70709951655342,0.707114045745041,0.),
(0.,0.,-1.),(-0.70709951655342,-0.707114045745041,0.),(0.,0.,1.),(-0.70709951655342,
-0.707114045745041,0.),(0.,0.,-1.),(0.,0.,-1.),(0.130368638819731,0.991465590937119,
0.),(0.130368638819731,0.991465590937119,0.),(0.,0.,1.),(-0.793123254537899,
0.609061165328419,0.),(0.,0.,-1.),(-0.793123254537899,0.609061165328419,
0.),(0.,0.,1.),(0.,0.,1.),(-0.793123254537899,-0.609061165328419,0.),(-0.793123254537899,
-0.609061165328419,0.),(0.,0.,-1.),(0.,0.,-1.),(0.,0.999999999999969,0.),
(0.,0.999999999999969,0.),(0.,0.,1.),(-0.867672256752717,0.497136656123492,
0.),(0.,0.,-1.),(-0.867672256752717,0.497136656123492,0.),(0.,0.,1.),(-0.867672256752717,
-0.497136656123493,0.),(0.,0.,-1.),(-0.867672256752717,-0.497136656123493,
0.),(0.,0.,1.),(0.,0.,1.),(0.,0.,1.),(-0.130368392074734,0.991465623381793,
0.),(0.,0.,1.),(-0.260311351364289,0.965524727985202,0.),(0.,0.,1.),(-0.38510474852802,
0.922872869176015,0.),(0.,0.,1.),(-0.497138401723198,0.867671256601315,
0.),(-0.922873327583167,0.385103649989938,0.),(0.,0.,-1.),(-0.922873327583167,
0.385103649989938,0.),(0.,0.,1.),(0.,0.,1.),(-0.922873327583164,-0.385103649989946,
0.),(-0.922873327583164,-0.385103649989946,0.),(0.,0.,-1.),(-0.965524672937531,
0.260311555542343,0.),(0.,0.,1.),(-0.965524672937531,0.260311555542343,
0.),(0.,0.,-1.),(-0.96552467293753,-0.260311555542346,0.),(0.,0.,1.),(-0.96552467293753,
-0.260311555542346,0.),(0.,0.,-1.),(0.,0.,-1.),(-0.991465440628553,0.130369781925221,
0.),(-0.991465440628553,0.130369781925221,0.),(0.,0.,1.),(-0.991465440628553,
-0.130369781925216,0.),(0.,0.,-1.),(-0.991465440628553,-0.130369781925216,
0.),(0.,0.,1.),(0.,0.,1.),(-1.,0.,0.),(-1.,0.,0.),(0.,0.,-1.),(0.964129047373262,
0.,0.265433946606546),(0.,1.,0.),(0.964129047373262,0.,0.265433946606546),
(0.,-1.,0.),(0.,-1.,0.),(0.870892531790691,0.,0.49147349681463),(0.870892531790691,
0.,0.49147349681463),(0.,1.,0.),(0.,1.,0.),(0.748513140460973,0.,0.663119957893934),
(0.748513140460973,0.,0.663119957893934),(0.,-1.,0.),(0.621121768096256,
0.,0.783714073624419),(0.,1.,0.),(0.621121768096256,0.,0.783714073624419),
(0.,-1.,0.),(0.,-1.,0.),(0.497689004376291,0.,0.867355552771144),(0.497689004376291,
0.,0.867355552771144),(0.,1.,0.),(0.,1.,0.),(0.382956179166272,0.,0.923766509913826),
(0.382956179166272,0.,0.923766509913826),(0.,-1.,0.),(0.280990527765199,
0.,0.959710541416648),(0.,1.,0.),(0.280990527765199,0.,0.959710541416648),
(0.,-1.,0.),(0.,-1.,0.),(0.971594547118565,0.,0.236651718796782),(0.971594547118565,
0.,0.236651718796782),(0.,1.,0.),(0.,1.,0.),(0.893324531031912,0.,0.449412151879109),
(0.893324127575788,0.,0.449412953853088),(0.,-1.,0.),(0.840296198332418,
0.,0.542127567153788),(0.,-0.997688835824098,0.0679484133144806),(0.786033375278586,
0.,0.61818406073608),(0.,1.,0.),(0.182406159521067,0.,0.983223267101005),
(0.,-1.,0.),(0.182406159521067,0.,0.983223267101005),(0.,1.,0.),(0.840296943278007,
0.,0.542126412488488),(0.,-0.973150635964503,0.230169154583929),(0.0238880226281823,
-0.980399863238204,0.195564492015873),(0.777269071658093,0.,0.629168332200339),
(0.,-0.95693331178066,0.290307831111214),(0.0229668578582765,-0.927197288914824,
0.373868574326753),(0.6652835181732,0.,0.746590811922494),(0.,1.,0.),(0.724909216661356,
0.,0.688844414653567),(0.,-0.911033238410758,0.412332921934214),(0.991465553989853,
0.130368919806807,0.),(0.,0.,1.),(0.999999999999876,0.,0.),(0.,0.,-1.),
(0.999999999999876,0.,0.),(0.,0.,1.),(0.,0.,1.),(0.991465618886567,-0.130368426261412,
0.),(0.991465553989853,0.130368919806807,0.),(0.,0.,-1.),(0.,0.,-1.),(0.991465618886567,
-0.130368426261412,0.),(0.00879362158091336,-0.00879351589222738,0.99992267015892),
(0.96552507838032,0.260310051705034,0.),(0.,0.,1.),(0.96552507838032,0.260310051705034,
0.),(0.,0.,-1.),(0.,0.,-1.),(0.96552507838033,-0.260310051704995,0.),(-0.0121591893415746,
0.0121591256684668,-0.999852143958062),(0.96552507838033,-0.260310051704995,
0.),(0.,0.,1.),(0.,0.,1.),(0.922873259036288,0.385103814257586,0.),(0.922873259036253,
-0.385103814257668,0.),(0.,0.,1.),(0.922873259036253,-0.385103814257668,
0.),(0.,0.,-1.),(0.724909182738052,0.,0.688844450352944),(0.,-0.83010712820814,
0.557603941609127),(0.0209560221913837,-0.850181143822612,0.526073063197869),
(0.867670360294871,0.497139966071697,0.),(0.,0.,1.),(0.,0.,1.),(0.867670360294832,
-0.497139966071765,0.),(0.867670360294832,-0.497139966071765,0.),(0.,0.,
-1.),(0.0889080919203242,0.,0.996039834138719),(0.,-1.,0.),(0.0889080919203242,
0.,0.996039834138719),(0.,1.,0.),(0.646611204162516,0.,0.762819736668824),
(0.,-0.803390854001049,0.595452043163398),(0.0179419895892517,-0.761527511239837,
0.647884198475654),(0.793120234092463,0.609065098551145,0.),(0.,0.,1.),
(0.793117291459175,-0.609068930408096,0.),(0.,0.,-1.),(0.793117291459175,
-0.609068930408096,0.),(0.,0.,1.),(0.542343588346285,0.,0.84015679023601),
(0.,1.,0.),(0.601073684262116,0.,0.799193609889094),(0.,-0.738478823985745,
0.674276669123759),(0.707108273359064,0.707105289010882,0.),(0.,0.,1.),
(0.,0.,1.),(0.707104857057583,-0.707108705310276,0.),(0.707104857057583,
-0.707108705310276,0.),(0.,0.,-1.),(0.601074472133152,0.,0.799193017330515),
(0.,-0.653882503696728,0.756596108474857),(0.0161465752345302,-0.674986486084144,
0.737653395377514),(0.60906276094859,0.793122029214723,0.),(0.,0.,1.),(0.,
0.,1.),(0.60906759221094,-0.793118319116617,0.),(0.60906759221094,-0.793118319116617,
0.),(0.,0.,-1.),(0.518913183337373,0.,0.85482694632226),(0.,-0.630595309257836,
0.776111819225822),(0.0135281801098892,-0.588488542984516,0.808392369532813),
(0.0223713552574821,0.,0.999749729914414),(0.,1.,0.),(0.0223713552574821,
0.,0.999749729914414),(0.,-1.,0.),(0.497138401723246,0.867671256601287,
0.),(0.,0.,1.),(0.497143687101402,-0.867668228284996,0.),(0.,0.,-1.),(0.497143687101402,
-0.867668228284996,0.),(0.,0.,1.),(0.424639087035309,0.,0.905362715027419),
(0.,1.,0.),(0.480832653481248,0.,0.876812385488584),(0.,-0.564925052949486,
0.825142220801978),(0.480832485538678,0.,0.876812477586112),(0.,-0.491188456725135,
0.871053327862296),(0.0122152384722491,-0.509336724947306,0.860480614871142),
(0.385104748528049,0.922872869176003,0.),(0.,0.,1.),(0.,0.,1.),(0.385104748527874,
-0.922872869176076,0.),(0.385104748527874,-0.922872869176076,0.),(0.,0.,
-1.),(0.399209047964118,0.,0.916859932608865),(0.,-0.472417328913618,0.88137498679173),
(0.0102289924632211,-0.440067714335982,0.897906328361869),(-0.0224550904475896,
0.,0.999747852667357),(0.,-1.,0.),(0.,-0.999216301965288,-0.0395825957564051),
(-0.0224550904475896,0.,0.999747852667357),(0.,1.,0.),(0.,0.998469119637621,
0.0553119980661886),(0.260304421997432,-0.965526596158067,0.),(0.,0.,-1.),
(0.260304421997432,-0.965526596158067,0.),(0.,0.,1.),(0.312551948348138,
0.,0.9499006682721),(0.,1.,0.),(0.366758879920873,0.,0.930316034473869),
(0.,-0.421840781224504,0.906669926321536),(0.366758174504196,0.,0.930316312570272),
(0.,-0.351983119157648,0.936006348177219),(0.00935820889121746,-0.370864754535569,
0.928639735187775),(0.130368707231034,-0.991465581941657,0.),(0.,0.,1.),
(0.130368707231034,-0.991465581941657,0.),(0.,0.,-1.),(0.00322724460609141,
-0.00396839846056088,0.99998691826739),(0.285958534089254,0.,0.958241992808422),
(0.,-0.333149406330468,0.942874049415751),(0.00760769955766695,-0.308560528152934,
0.951174286539235),(0.,-0.999999999999969,0.),(0.,0.,1.),(0.,-0.999999999999969,
0.),(0.,0.,-1.),(0.205081600423376,0.,0.978744878488663),(0.,1.,0.),(0.257307820879689,
0.,0.966329491071306),(0.,-0.294481842754331,0.955657074628767),(-0.130368392074734,
0.991465623381793,0.),(0.,0.,-1.),(0.,0.,-1.),(-0.13036846043422,-0.991465614393163,
0.),(-0.13036846043422,-0.991465614393163,0.),(0.,0.,1.),(0.13604747950319,
-0.115104887891806,0.983992859783161),(0.00718801424575285,-0.25272798852643,
0.967510669846378),(-0.260311351364289,0.965524727985202,0.),(0.,0.,-1.),
(0.,0.,-1.),(-0.260304421997266,-0.965526596158112,0.),(-0.260304421997266,
-0.965526596158112,0.),(0.,0.,1.),(-0.38510474852802,0.922872869176015,
0.),(0.,0.,-1.),(-0.385104748527842,-0.922872869176089,0.),(0.,0.,1.),(-0.385104748527842,
-0.922872869176089,0.),(0.,0.,-1.),(0.,1.,0.),(0.100895547967856,0.,0.994897024018197),
(0.0826698054603569,-0.120812675284025,0.989226971304293),(-0.497138401723198,
0.867671256601315,0.),(0.,0.,-1.),(-0.497143687101353,-0.867668228285024,
0.),(0.,0.,1.),(-0.497143687101353,-0.867668228285024,0.),(0.,0.,-1.),(0.,
0.,-1.),(0.70710592710508,-0.707107635266984,0.),(-0.609062760948563,0.793122029214744,
0.),(0.,0.,-1.),(-0.609062760948563,0.793122029214744,0.),(0.,0.,1.),(-0.609067592211023,
-0.793118319116554,0.),(0.,0.,-1.),(-0.609067592211023,-0.793118319116554,
0.),(0.,0.,1.),(0.,0.,1.),(-0.707110197474323,0.707103364882267,0.),(-0.707110197474323,
0.707103364882267,0.),(0.,0.,-1.),(0.,0.,-1.),(0.922873259036253,-0.385103814257668,
0.),(0.,0.,-1.),(1.,0.,0.),(0.,0.,-1.),(0.991465431652764,0.130369850186299,
0.),(0.,0.,-1.),(0.991465431652765,-0.130369850186294,0.),(0.,0.,-1.),(0.965525647593036,
-0.26030794040914,0.),(-0.707106781186583,-0.707106781186512,0.),(0.,0.,
1.),(-0.707106781186583,-0.707106781186512,0.),(0.,0.,-1.),(0.,1.,0.),(0.0246351066494653,
0.,0.999696509707006),(0.0317677943235703,-0.0707885128362631,0.996985352798247),
(0.0795752000168564,-0.0886735178524148,0.992877029029252),(0.0809064056655301,
-0.0635531190304944,0.994693497809139),(-0.793120036383522,0.609065356006234,
0.),(0.,0.,-1.),(0.,0.,-1.),(0.867670846485991,-0.49713911750966,0.),(-0.793120036383522,
0.609065356006234,0.),(0.,0.,1.),(-0.793117093752812,-0.609069187857253,
0.),(0.,0.,-1.),(0.,0.,-1.),(0.793118021280108,-0.609067980048801,0.),(-0.793117093752812,
-0.609069187857253,0.),(0.,0.,1.),(0.,0.,1.),(-0.867668846136843,0.497142608758855,
0.),(-0.867668846136843,0.497142608758855,0.),(0.,0.,-1.),(0.,0.,-1.),(0.793119544462258,
-0.609065996581635,0.),(-0.867668846136804,-0.497142608758923,0.),(0.,0.,
1.),(-0.867668846136804,-0.497142608758923,0.),(0.,0.,-1.),(0.,0.,-1.),
(-0.922873259036267,0.385103814257635,0.),(0.,0.,-1.),(0.922872962824624,
0.385104524106507,0.),(0.,0.,-1.),(0.867668794197364,0.497142699409427,
0.),(0.,0.,-1.),(0.793120963904982,0.609064148193302,0.),(0.,0.,-1.),(0.707109343396946,
0.707104218966864,0.),(0.,0.,-1.),(0.609062201881446,0.793122458539238,
0.),(0.,0.,-1.),(0.497138838126138,0.867671006561009,0.),(-0.922873259036267,
0.385103814257635,0.),(0.,0.,1.),(0.,0.,1.),(-0.922873259036264,-0.385103814257644,
0.),(-0.922873259036264,-0.385103814257644,0.),(0.,0.,-1.),(0.,0.,-1.),
(0.92287296282459,-0.38510452410659,0.),(0.,0.,-1.),(0.867668794197325,
-0.497142699409495,0.),(-0.965526012469619,0.260306587017151,0.),(0.,0.,
1.),(-0.965526012469619,0.260306587017151,0.),(0.,0.,-1.),(0.,0.,-1.),(-0.965526012469629,
-0.260306587017112,0.),(-0.965526012469629,-0.260306587017112,0.),(0.,0.,
1.),(0.,0.,1.),(-0.991465549489612,0.130368954031482,0.),(-0.991465549489612,
0.130368954031482,0.),(0.,0.,-1.),(0.,0.,-1.),(0.991465787895752,0.130367140922303,
0.),(0.,0.,-1.),(0.965525768813357,0.260307490782296,0.),(-0.991465614393154,
-0.130368460434282,0.),(0.,0.,-1.),(0.,0.,-1.),(0.99146585279158,-0.130366647376791,
0.),(0.,0.,-1.),(0.965525768813363,-0.260307490782276,0.),(-0.991465614393154,
-0.130368460434282,0.),(0.,0.,1.),(-0.999999999999876,0.,0.),(0.,0.,-1.),
(-0.999999999999876,0.,0.),(0.,0.,1.),(0.,0.,-1.),(0.999999999999876,0.,
0.),(0.,1.,0.),(-0.0246350905822206,0.,0.999696510102944),(0.,0.999216004217379,
-0.03959011133926),(-0.00322724460609093,-0.00396839846056047,0.99998691826739),
(0.0289514790596148,-0.0136347991901154,0.999487820891934),(0.0264205776696645,
-0.0358768224181151,0.999006910230745),(-0.0887409972945536,0.,0.996054735142185),
(0.,1.,0.),(-0.0887409972945536,0.,0.996054735142185),(0.,-1.,0.),(0.,-1.,
0.),(-0.182158859382403,0.,0.983269113695992),(-0.182158859382403,0.,0.983269113695992),
(0.,1.,0.),(0.,1.,0.),(-0.280990527765172,0.,0.959710541416656),(-0.280990527765172,
0.,0.959710541416656),(0.,-1.,0.),(-0.383840907609194,0.,0.923399240656906),
(0.,1.,0.),(-0.383840907609194,0.,0.923399240656906),(0.,-1.,0.),(0.,-1.,
0.),(-0.497372565317118,0.,0.86753704893213),(-0.497372565317118,0.,0.86753704893213),
(0.,1.,0.),(-0.620083921027333,0.,0.78453548733207),(0.,-1.,0.),(-0.620083921027333,
0.,0.78453548733207),(0.,1.,0.),(0.,1.,0.),(-0.748513306903876,0.,0.663119770017321),
(-0.748513306903876,0.,0.663119770017321),(0.,-1.,0.),(-0.872291894920822,
0.,0.488985531539984),(0.,1.,0.),(-0.872291894920822,0.,0.488985531539984),
(0.,-1.,0.),(0.,-1.,0.),(-0.964882107388269,0.,0.262683305221274),(0.,-1.,
0.),(0.964882332555867,0.,0.262682478139578),(0.,-1.,0.),(0.872291830425124,
0.,0.488985646592603),(0.,-1.,0.),(0.747335918106823,0.,0.664446405293483),
(-0.964882107388269,0.,0.262683305221274),(0.,1.,0.),(0.,1.,0.),(-0.997644811617117,
0.,0.068591762285623),(-0.997644811617117,0.,0.068591762285623),(0.,-1.,
0.),(0.,1.,0.),(0.964882332555867,0.,0.262682478139578),(-1.,0.,0.),(0.,
-1.,0.),(0.,0.,1.),(0.,-1.,0.),(0.,0.,1.),(1.,0.,0.),(0.,-1.,0.),(0.997644917189925,
0.,0.0685902267462873),(-1.,0.,0.),(0.,0.,1.),(0.,1.,0.),(0.,0.,1.),(0.,
1.,0.),(1.,0.,0.),(0.,1.,0.),(0.997644917189925,0.,0.0685902267462873),
(0.872291830425124,0.,0.488985646592603),(0.,1.,0.),(0.,1.,0.),(0.747335918106823,
0.,0.664446405293483),(0.619731319741587,0.,0.784814048887602),(0.,1.,0.),
(0.619731319741587,0.,0.784814048887602),(0.,-1.,0.),(0.,1.,0.),(-0.101105884551375,
0.,0.994875670679047),(-0.0317805030343241,-0.0708148363479142,0.996983078381927),
(-0.0289514719909584,-0.0136347893737887,0.999487821230599),(-0.0264206229355834,
-0.0358769221804222,0.999006905450886),(0.498521567449589,0.,0.86687729626955),
(0.,-1.,0.),(0.498521567449589,0.,0.86687729626955),(0.,1.,0.),(0.383840907609193,
0.,0.923399240656906),(0.,-1.,0.),(0.383840907609193,0.,0.923399240656906),
(0.,1.,0.),(0.,1.,0.),(-0.204929301148024,0.,0.978776778193569),(-0.0828231163796444,
-0.120716656006336,0.989225869230992),(-0.081129450289883,-0.0635661961192036,
0.994674495001554),(-0.0797969517756745,-0.0886831703480571,0.992858369448698),
(0.28099063163497,0.,0.959710511004949),(0.,1.,0.),(0.28099063163497,0.,
0.959710511004949),(0.,-1.,0.),(0.182158965801949,0.,0.983269093980872),
(0.,1.,0.),(0.182158965801949,0.,0.983269093980872),(0.,-1.,0.),(-0.256597330776687,
0.,0.966518396016484),(0.,-0.294458067710997,0.955664400487904),(-0.285445582817668,
0.,0.958394918209516),(0.,-0.333149409091778,0.942874048440087),(-0.135666039526394,
-0.115084063403598,0.984047958216336),(-0.31220340150892,0.,0.950015282027747),
(0.,1.,0.),(0.,1.,0.),(0.0887409773474791,0.,0.996054736919319),(0.0887409773474791,
0.,0.996054736919319),(0.,-1.,0.),(0.,-0.308416147786575,0.951251533394028),
(-0.366759322469823,0.,0.93031586000749),(0.,-0.35198306644001,0.936006368001568),
(-0.366758483107854,0.,0.930316190909534),(0.,-0.42184083432735,0.906669901614697),
(-0.399211173984285,0.,0.916859006917688),(0.,-0.472417349696461,0.881374975652084),
(-0.424639449570381,0.,0.905362544988782),(0.,1.,0.),(0.,-0.439880948121978,
0.898056095953531),(0.,-0.351983088073484,0.936006359866349),(0.366759563090735,
0.,0.930315765147239),(0.0224550704265568,0.,0.999747853117044),(0.,1.,
0.),(0.0224550704265568,0.,0.999747853117044),(0.,-1.,0.),(-0.480833266287524,
0.,0.876812049433212),(0.,-0.491188192093633,0.871053477088394),(-0.480832696594291,
0.,0.876812361845944),(0.,-0.564925149775159,0.825142154511278),(-0.51940866105133,
0.,0.854525975512068),(0.,-0.630595303917755,0.776111823564668),(-0.543193583130354,
0.,0.839607486416127),(0.,1.,0.),(0.,1.,0.),(-0.0223713950017995,0.,0.999749729025056),
(-0.0223713950017995,0.,0.999749729025056),(0.,-1.,0.),(0.,-0.588231910132106,
0.808692289998077),(0.,-0.491188419490838,0.871053348858778),(0.48083326628752,
0.,0.876812049433215),(-0.60268975864546,0.,0.797975597887477),(0.,-0.653942054946085,
0.756544637660521),(-0.602690100569444,0.,0.797975339641266),(0.,-0.738540901403878,
0.674208674635344),(-0.646930159488903,0.,0.762549256601604),(0.,-0.80339085636729,
0.595452039970838),(-0.665065301597847,0.,0.746785206475439),(0.,1.,0.),
(0.,-0.761375277940365,0.648311411392112),(0.,-0.653942121829761,0.756544579847597),
(0.602689648124919,0.,0.797975681360692),(-0.723111160611221,0.,0.690731676846727),
(0.,-0.830030782801122,0.557717580503389),(-0.723110024197294,0.,0.690732866530461),
(0.,-0.910971809078632,0.412468620702235),(-0.776331721051305,0.,0.630324566306533),
(0.,-0.956933320415238,0.29030780264928),(-0.785226928663411,0.,0.619208099512454),
(0.,1.,0.),(0.,-0.927314049454899,0.374284188396407),(0.,-0.830030735154684,
0.557717651413833),(0.723111160611218,0.,0.690731676846731),(-0.840296828944779,
0.,0.542126589705161),(0.,-0.973150581533204,0.230169384718138),(-0.840296733559308,
0.,0.542126737552721),(0.,-0.997688839211168,0.0679483635820045),(-0.894183941018957,
0.,0.447699765047745),(0.,1.,0.),(0.,1.,0.),(0.894183809599334,0.,0.447700027530065),
(0.,-0.998758579186049,0.0498126540375418),(0.,-0.973150470899289,0.230169852474472),
(0.840296485944663,0.,0.542127121355362),(-0.894183830272731,0.,0.447699986239432),
(0.,-1.,0.),(0.,-1.,0.),(-0.971551516289457,0.,0.236828315865432),(-0.971551516289457,
0.,0.236828315865432),(0.,1.,0.),(0.,1.,0.),(0.971551474408655,0.,0.236828487674878),
(-0.998116115073791,0.,0.0613532462874064),(0.,1.,0.),(-0.998116115073791,
0.,0.0613532462874064),(0.,-1.,0.),(0.,1.,0.),(0.998116111241783,0.,0.0613533086278157),
(-1.,0.,0.),(0.,-1.,0.),(0.,0.,1.),(0.,-1.,0.),(0.,0.,1.),(1.,0.,0.),(-1.,
0.,0.),(0.,0.,1.),(0.,1.,0.),(0.,0.,1.),(0.,1.,0.),(1.,0.,0.),(0.998116111241783,
0.,0.0613533086278157),(0.,-1.,0.),(0.,-1.,0.),(0.971551474408655,0.,0.236828487674878),
(0.991465787895752,0.130367140922303,0.),(0.,0.,1.),(0.,0.,1.),(0.999999999999876,
0.,0.),(0.99146585279158,-0.130366647376791,0.),(0.,0.,1.),(0.,0.,1.),(0.965525768813357,
0.260307490782296,0.),(0.965525768813363,-0.260307490782276,0.),(0.,0.,
1.),(0.894183859586252,0.,0.447699927692014),(0.,-1.,0.),(0.922872962824624,
0.385104524106507,0.),(0.,0.,1.),(0.,0.,1.),(0.92287296282459,-0.38510452410659,
0.),(0.867668794197364,0.497142699409427,0.),(0.,0.,1.),(0.,0.,1.),(0.867668794197325,
-0.497142699409495,0.),(0.840296439798723,0.,0.542127192881515),(0.,-0.99768883878036,
0.0679483699075744),(0.785226895424555,0.,0.619208141663137),(0.,1.,0.),
(0.793120963904982,0.609064148193302,0.),(0.,0.,1.),(0.,0.,1.),(0.793118021280108,
-0.609067980048801,0.),(0.707109343396946,0.707104218966864,0.),(0.,0.,
1.),(0.,0.,1.),(0.70710592710508,-0.707107635266984,0.),(0.776331988495495,
0.,0.630324236911948),(0.,-0.956933338689234,0.290307742413082),(0.665065462511468,
0.,0.746785063170392),(0.,1.,0.),(0.723110257834864,0.,0.690732621941367),
(0.,-0.910971822727733,0.41246859055704),(0.609062201881446,0.793122458539238,
0.),(0.,0.,1.),(0.609067033150668,-0.793118748441268,0.),(0.,0.,-1.),(0.609067033150668,
-0.793118748441268,0.),(0.,0.,1.),(0.,0.,1.),(0.497138838126138,0.867671006561009,
0.),(0.497144123507307,-0.86766797823946,0.),(0.,0.,1.),(0.497144123507307,
-0.86766797823946,0.),(0.,0.,-1.),(0.646930166285994,0.,0.7625492508351),
(0.,-0.803390861559482,0.59545203296547),(0.543193558275129,0.,0.839607502496496),
(0.,1.,0.),(0.602690357571771,0.,0.797975145534001),(0.,-0.738540905414783,
0.674208670241723),(0.385104473892195,0.922872983778491,0.),(0.,0.,-1.),
(0.385104473892195,0.922872983778491,0.),(0.,0.,1.),(0.,0.,1.),(0.609068106972276,
-0.79311792381033,0.),(0.385104473892019,-0.922872983778565,0.),(0.,0.,
-1.),(0.385104473892019,-0.922872983778565,0.),(0.,0.,1.),(0.519408083170258,
0.,0.854526326766703),(0.,-0.630595298687854,0.776111827813991),(0.260311233219433,
0.965524759837767,0.),(0.,0.,-1.),(0.260311233219433,0.965524759837767,
0.),(0.,0.,1.),(0.,0.,1.),(0.260304303840392,-0.965526628013008,0.),(0.260304303840392,
-0.965526628013008,0.),(0.,0.,-1.),(0.424639486102388,0.,0.905362527854284),
(0.,1.,0.),(0.480832438989252,0.,0.876812503113206),(0.,-0.564925126755721,
0.825142170271301),(0.130368689175896,0.991465584315743,0.),(0.,0.,1.),
(0.130368689175896,0.991465584315743,0.),(0.,0.,-1.),(0.,0.,-1.),(0.130368757549016,
-0.991465575325299,0.),(0.130368757549016,-0.991465575325299,0.),(0.,0.,
1.),(0.399211728401954,0.,0.916858765517527),(0.,-0.472417329332377,0.881374986567275),
(0.,1.,0.),(0.,0.,1.),(0.,1.,0.),(0.,0.,-1.),(0.,0.,-1.),(0.,-1.,0.),(0.0121591893415748,
0.0121591256684668,-0.999852143958062),(0.,-1.,0.),(0.,0.,1.),(0.00322724460609141,
-0.00396839846056088,0.99998691826739),(0.312203442489475,0.,0.950015268560312),
(0.,1.,0.),(0.366758765978027,0.,0.930316079393597),(0.,-0.421840857060819,
0.906669891037633),(-0.130368689175896,0.991465584315743,0.),(0.,0.,-1.),
(0.,0.,-1.),(0.707102932867427,-0.707110629484724,0.),(-0.130368689175896,
0.991465584315743,0.),(0.,0.,1.),(0.,0.,1.),(-0.130368757549016,-0.991465575325299,
0.),(-0.130368757549016,-0.991465575325299,0.),(0.,0.,-1.),(-0.260310945891901,
0.965524837302937,0.),(0.,0.,1.),(-0.260310945891901,0.965524837302937,
0.),(0.,0.,-1.),(0.,0.,-1.),(0.609068106972276,-0.79311792381033,0.),(-0.260304016512135,
-0.965526705476162,0.),(0.,0.,-1.),(-0.260304016512135,-0.965526705476162,
0.),(0.,0.,1.),(0.285443862029905,0.,0.958395430722232),(0.,-0.333149406345041,
0.942874049410602),(-0.385104199257275,0.922873098380494,0.),(0.,0.,-1.),
(0.,0.,-1.),(0.497143324418901,-0.867668436089342,0.),(-0.385104199257275,
0.922873098380494,0.),(0.,0.,1.),(0.,0.,1.),(0.497143324418901,-0.867668436089342,
0.),(-0.385104199257091,-0.922873098380571,0.),(0.,0.,1.),(-0.385104199257091,
-0.922873098380571,0.),(0.,0.,-1.),(-0.00322724874036757,-0.00396841320095487,
0.99998691819555),(0.204929215823801,0.,0.978776796058142),(0.,1.,0.),(0.256596781124989,
0.,0.96651854194127),(0.,-0.294457997746993,0.955664422045119),(0.135665860998688,
-0.115084143159298,0.984047973501686),(-0.497139274530261,0.867670756519733,
0.),(0.,0.,1.),(-0.497139274530261,0.867670756519733,0.),(0.,0.,-1.),(0.,
0.,-1.),(0.385098741206452,-0.922875375942606,0.),(0.385098741206452,-0.922875375942606,
0.),(0.,0.,1.),(0.,0.,1.),(-0.497144559914588,-0.867667728192844,0.),(-0.497144559914588,
-0.867667728192844,0.),(0.,0.,-1.),(0.,0.,-1.),(-0.609062600790697,0.793122152204862,
0.),(0.,0.,-1.),(0.260311351364495,-0.965524727985146,0.),(-0.609062600790697,
0.793122152204862,0.),(0.,0.,1.),(0.260311351364495,-0.965524727985146,
0.),(0.,0.,1.),(-0.60906743206209,-0.793118442101362,0.),(0.,0.,-1.),(-0.60906743206209,
-0.793118442101362,0.),(0.,0.,1.),(0.,1.,0.),(0.101105900545529,0.,0.994875669053615),
(0.0828227474266345,-0.120716692470664,0.989225895671786),(-0.707109343396956,
0.707104218966854,0.),(0.,0.,-1.),(0.,0.,-1.),(0.130368392074764,-0.99146562338179,
0.),(-0.707109343396956,0.707104218966854,0.),(0.,0.,1.),(0.,0.,1.),(0.130368392074764,
-0.99146562338179,0.),(-0.707105927105079,-0.707107635266985,0.),(0.,0.,
1.),(-0.707105927105079,-0.707107635266985,0.),(0.,0.,-1.),(-0.793120963904908,
0.609064148193398,0.),(0.,0.,1.),(-0.793120963904908,0.609064148193398,
0.),(0.,0.,-1.),(0.0148465991192439,0.,-0.999889783173422),(0.,0.,-1.),
(0.,-0.999999999999969,0.),(0.,0.,-1.),(-0.130368638819744,-0.991465590937117,
0.),(0.,0.,-1.),(-0.260311351364469,-0.965524727985153,0.),(0.,0.,1.),(0.,
-0.999999999999969,0.),(-0.793118021280108,-0.6090679800488,0.),(0.,0.,
-1.),(-0.793118021280108,-0.6090679800488,0.),(0.,0.,1.),(-0.867668794197362,
0.497142699409432,0.),(0.,0.,-1.),(-0.867668794197362,0.497142699409432,
0.),(0.,0.,1.),(0.,0.,1.),(-0.130368638819744,-0.991465590937117,0.),(-0.867668794197323,
-0.4971426994095,0.),(0.,0.,1.),(-0.867668794197323,-0.4971426994095,0.),
(0.,0.,-1.),(-0.922872632341034,0.385105316083705,0.),(0.,0.,1.),(-0.922872632341034,
0.385105316083705,0.),(0.,0.,-1.),(-0.922872632341,-0.385105316083787,0.),
(0.,0.,1.),(-0.922872632341,-0.385105316083787,0.),(0.,0.,-1.),(-0.965525545426211,
0.26030831936267,0.),(0.,0.,1.),(-0.965525545426211,0.26030831936267,0.),
(0.,0.,-1.),(0.,0.,-1.),(-0.965525545426222,-0.260308319362631,0.),(-0.965525545426222,
-0.260308319362631,0.),(0.,0.,1.),(-0.00879362158091685,-0.00879351589222739,
0.99992267015892),(0.,1.,0.),(0.0246351066494653,0.,0.999696509707006),
(0.0317807475776417,-0.0708149571016196,0.996983062009632),(0.0797969101086334,
-0.0886830462322103,0.992858383883669),(0.0811294760531311,-0.0635661129889018,
0.99467449821277),(-0.991465787895752,0.130367140922301,0.),(0.,0.,1.),
(-0.991465787895752,0.130367140922301,0.),(0.,0.,-1.),(-0.991465852791581,
-0.130366647376789,0.),(0.,0.,1.),(-0.991465852791581,-0.130366647376789,
0.),(0.,0.,-1.),(-0.999999999999876,0.,0.),(0.,0.,1.),(-0.999999999999876,
0.,0.),(0.,0.,-1.),(-0.0246351066834544,0.,0.999696509706168),(0.,1.,0.),
(0.0246956924548899,0.998912231269774,-0.0395534700603393),(0.0289514790596148,
-0.0136347991901154,0.999487820891934),(0.0264205776696645,-0.0358768224181151,
0.999006910230745),(-0.0889080116597961,0.,0.996039841302898),(0.,1.,0.),
(-0.0889080116597961,0.,0.996039841302898),(0.,-1.,0.),(0.0247331985134688,
-0.99891012387062,-0.0395832454464667),(-0.0258935373405154,0.998178367354265,
0.0544928588896763),(-0.18240625403534,0.,0.983223249566849),(0.,-1.,0.),
(-0.18240625403534,0.,0.983223249566849),(0.,1.,0.),(0.,1.,0.),(-0.280990735504947,
0.,0.959710480593178),(-0.280990735504947,0.,0.959710480593178),(0.,-1.,
0.),(0.,-1.,0.),(-0.382955337729021,0.,0.92376685873918),(-0.382955337729021,
0.,0.92376685873918),(0.,1.,0.),(-0.497690415593601,0.,0.867354743012494),
(0.,-1.,0.),(-0.497690415593601,0.,0.867354743012494),(0.,1.,0.),(0.,1.,
0.),(-0.62112242609123,0.,0.783713552139137),(-0.62112242609123,0.,0.783713552139137),
(0.,-1.,0.),(-0.748513473351101,0.,0.663119582135734),(0.,1.,0.),(-0.748513473351101,
0.,0.663119582135734),(0.,-1.,0.),(0.,-1.,0.),(-0.870892278899878,0.,0.491473944937651),
(-0.870892278899878,0.,0.491473944937651),(0.,1.,0.),(0.,1.,0.),(-0.964128326746341,
0.,0.265436564107698),(-0.964128326746341,0.,0.265436564107698),(0.,-1.,
0.),(-0.997644917189934,0.,0.0685902267461532),(0.,1.,0.),(-0.997644917189934,
0.,0.0685902267461532),(0.,-1.,0.),(0.,-1.,0.),(-1.,0.,0.),(0.,0.,1.),(0.,
0.,1.),(0.0247256607964552,-0.999694274114931,0.),(-1.,0.,0.),(0.,0.,1.),
(0.,1.,0.),(0.,0.,1.),(-0.0268585165622121,0.999639244971944,0.),(0.991465431652764,
0.130369850186299,0.),(0.,0.,1.),(0.,0.,1.),(1.,0.,0.),(0.991465431652765,
-0.130369850186294,0.),(0.,0.,1.),(0.,0.,1.),(0.965525647593037,0.260307940409136,
0.),(0.965525647593037,0.260307940409136,0.),(0.,0.,-1.),(0.965525647593036,
-0.26030794040914,0.),(0.,0.,1.),(0.922873259036288,0.385103814257586,0.),
(0.,0.,-1.),(0.922873259036288,0.385103814257586,0.),(0.,0.,1.),(0.,0.,
1.),(0.922873259036253,-0.385103814257668,0.),(0.867670846485991,0.49713911750966,
0.),(0.,0.,1.),(0.867670846485991,0.49713911750966,0.),(0.,0.,-1.),(0.867670846485991,
-0.49713911750966,0.),(0.,0.,1.),(0.793119544462258,0.609065996581635,0.),
(0.,0.,-1.),(0.793119544462258,0.609065996581635,0.),(0.,0.,1.),(0.,0.,
1.),(0.793119544462258,-0.609065996581635,0.),(0.707102932867427,0.707110629484724,
0.),(0.,0.,1.),(0.707102932867427,0.707110629484724,0.),(0.,0.,-1.),(0.707102932867427,
-0.707110629484724,0.),(0.,0.,1.),(0.,0.,1.),(0.609068106972276,0.79311792381033,
0.),(0.609068106972276,0.79311792381033,0.),(0.,0.,-1.),(0.,0.,-1.),(0.497143324419188,
0.867668436089177,0.),(0.497143324419188,0.867668436089177,0.),(0.,0.,1.),
(0.,0.,1.),(0.385098741206447,0.922875375942608,0.),(0.385098741206447,
0.922875375942608,0.),(0.,0.,-1.),(0.,0.,-1.),(0.260311351364133,0.965524727985244,
0.),(0.260311351364133,0.965524727985244,0.),(0.,0.,1.),(0.13036839207474,
0.991465623381793,0.),(0.,0.,-1.),(0.13036839207474,0.991465623381793,0.),
(0.,0.,1.),(-0.00879363115994752,0.00879354952765335,0.999922669778882),
(0.,0.999999999999969,0.),(0.,0.,1.),(0.,0.999999999999969,0.),(0.,0.,-1.),
(0.0121591452242843,-0.0121591309940436,-0.999852144429807),(-0.130368638819744,
0.991465590937117,0.),(0.,0.,-1.),(-0.130368638819744,0.991465590937117,
0.),(0.,0.,1.),(0.,0.,1.),(-0.260311351364289,0.965524727985202,0.),(-0.260311351364289,
0.965524727985202,0.),(0.,0.,-1.),(-0.260311351364469,-0.965524727985153,
0.),(0.,0.,1.),(0.,0.,1.),(-0.385098741206451,0.922875375942606,0.),(-0.385098741206451,
0.922875375942606,0.),(0.,0.,-1.),(0.,0.,-1.),(-0.385098741206467,-0.922875375942599,
0.),(-0.385098741206467,-0.922875375942599,0.),(0.,0.,1.),(-0.497143324419224,
0.867668436089156,0.),(0.,0.,-1.),(-0.497143324419224,0.867668436089156,
0.),(0.,0.,1.),(0.,0.,1.),(-0.497143324418902,-0.867668436089341,0.),(-0.497143324418902,
-0.867668436089341,0.),(0.,0.,-1.),(-0.609068106972263,0.79311792381034,
0.),(0.,0.,1.),(-0.609068106972263,0.79311792381034,0.),(0.,0.,-1.),(0.,
0.,-1.),(-0.609068106972269,-0.793117923810335,0.),(-0.609068106972269,
-0.793117923810335,0.),(0.,0.,1.),(-0.707101008727953,0.707112553598019,
0.),(0.,0.,-1.),(-0.707101008727953,0.707112553598019,0.),(0.,0.,1.),(-0.707101008727987,
-0.707112553597985,0.),(0.,0.,-1.),(-0.707101008727987,-0.707112553597985,
0.),(0.,0.,1.),(0.,0.,1.),(-0.793119742154875,0.609065739148234,0.),(-0.793119742154875,
0.609065739148234,0.),(0.,0.,-1.),(-0.793119742154875,-0.609065739148234,
0.),(0.,0.,1.),(-0.793119742154875,-0.609065739148234,0.),(0.,0.,-1.),(-0.867672360622947,
0.497136474834631,0.),(0.,0.,1.),(-0.867672360622947,0.497136474834631,
0.),(0.,0.,-1.),(0.,0.,-1.),(-0.867672360622947,-0.497136474834631,0.),
(-0.867672360622947,-0.497136474834631,0.),(0.,0.,1.),(-0.922873259036267,
0.385103814257635,0.),(0.,0.,-1.),(-0.922873259036267,0.385103814257635,
0.),(0.,0.,1.),(-0.922873259036264,-0.385103814257644,0.),(0.,0.,-1.),(-0.922873259036264,
-0.385103814257644,0.),(0.,0.,1.),(-0.965524713486017,0.260311405143426,
0.),(0.,0.,-1.),(-0.965524713486017,0.260311405143426,0.),(0.,0.,1.),(0.,
0.,1.),(-0.965524713486016,-0.26031140514343,0.),(-0.965524713486016,-0.26031140514343,
0.),(0.,0.,-1.),(-0.99146543613978,0.130369816062446,0.),(0.,0.,1.),(-0.99146543613978,
0.130369816062446,0.),(0.,0.,-1.),(-0.991465436139781,-0.130369816062441,
0.),(0.,0.,1.),(-0.991465436139781,-0.130369816062441,0.),(0.,0.,-1.),(0.,
0.,-1.),(-1.,0.,0.),(-1.,0.,0.),(0.,0.,1.),(0.,1.,0.),(-0.100895548100793,
0.,0.994897024004716),(-0.0317670404108238,-0.0707888301459407,0.996985354290677),
(-0.0289517634467664,-0.0136347826924033,0.999487812879304),(-0.0264202550721082,
-0.0358764575327649,0.999006931866253),(0.,1.,0.),(-0.205081600694072,0.,
0.978744878431942),(-0.0826670532784621,-0.120813339765386,0.989227120148345),
(-0.0809069032552886,-0.0635530440578397,0.994693462126208),(-0.0795745812706931,
-0.0886725685783358,0.992877163398028),(-0.285953756664187,0.,0.958243418474415),
(0.,-0.333149406475128,0.942874049364638),(-0.257305584759315,0.,0.966330086487857),
(0.,-0.294481645960781,0.955657135269878),(-0.136048297771645,-0.115104785766596,
0.98399275859483),(-0.31255194808479,0.,0.949900668358752),(0.,1.,0.),(-0.00753077638122864,
-0.308868000408275,0.951075099942633),(-0.00695346722530036,-0.252470608071127,
0.967579578822198),(-0.366757638135676,0.,0.930316524022411),(0.,-0.351983061308367,
0.936006369931311),(-0.366759771796373,0.,0.930315682868902),(0.,-0.421840947995238,
0.906669848729116),(-0.399213306437149,0.,0.916858078419662),(0.,-0.472417330855343,
0.881374985750965),(-0.424639738622164,0.,0.905362409415644),(0.,1.,0.),
(-0.00916569248717976,-0.37053111114308,0.928774830492464),(-0.0102136608444447,
-0.440456487650867,0.897715859065894),(-0.480831701506084,0.,0.876812907538869),
(0.,-0.491188369288829,0.871053377167772),(-0.480835047759571,0.,0.87681107249275),
(0.,-0.56492539690115,0.825141985318938),(-0.51891873777335,0.,0.854823574538676),
(0.,-0.630595298560924,0.776111827917122),(-0.542343384820892,0.,0.840156921617038),
(0.,1.,0.),(-0.0121061540830831,-0.508968136342899,0.860700224945336),(-0.0136519447516827,
-0.588933598061868,0.80806611207153),(-0.601070512077233,0.,0.799195995680163),
(0.,-0.653882568735857,0.756596052265263),(-0.601073586564205,0.,0.79919368336769),
(0.,-0.738478823985745,0.674276669123759),(-0.646611095746255,0.,0.762819828568859),
(0.,-0.803390864468255,0.595452029040918),(-0.665282799626837,0.,0.746591452215117),
(0.,1.,0.),(-0.0161845978089797,-0.674594699518993,0.738010874021949),(-0.0182665434372209,
-0.761971652615417,0.647352712206712),(-0.724909182737696,0.,0.688844450353318),
(0.,-0.830107032978964,0.557604083377122),(-0.724909216661357,0.,0.688844414653567),
(0.,-0.911033238410758,0.412332921934214),(-0.777286825441031,0.,0.6291463986989),
(0.,-0.956933348017798,0.290307711663476),(-0.786034302076669,0.,0.618182882291999),
(0.,1.,0.),(-0.0212428506717074,-0.849841311327814,0.526610374808512),(-0.0226729803489445,
-0.927241192224092,0.373777617581551),(-0.84031515654241,0.,0.542098180853868),
(0.,-0.973150675226476,0.230168988583726),(-0.840295712832973,0.,0.542128319675784),
(0.,-0.997688839175559,0.0679483641048459),(-0.893324431782533,0.,0.449412349163232),
(0.,1.,0.),(-0.0237533773844183,-0.980409987991657,0.195530131972112),(-0.893324600736793,
0.,0.449412013322352),(0.,-1.,0.),(-0.0241236883076619,-0.99846981530852,
0.0497601806689347),(-0.971594115254589,0.,0.236653491845467),(0.,1.,0.),
(-0.971594115254589,0.,0.236653491845467),(0.,-1.,0.),(-0.998242584283101,
0.,0.0592599605450062),(0.,1.,0.),(-0.998242584283101,0.,0.0592599605450062),
(0.,-1.,0.),(0.,-1.,0.),(-1.,0.,0.),(0.,0.,1.),(0.,0.,1.),(-0.0241720087908287,
-0.999707814309269,0.),(-1.,0.,0.),(0.,0.,1.),(0.,1.,0.),(0.0247303689837318,
0.999694157655194,0.),(0.,0.,1.),(0.,0.,1.),(-0.0968729938050126,-0.995296751261278,
0.),(0.,0.,1.),(-0.194100198617934,-0.98098170874715,0.),(0.,0.,1.),(-0.0995372877003369,
0.995033832770153,0.),(0.,0.,1.),(-0.194095135733361,0.980982710492213,
0.),(-0.0995687508991036,0.993765911731745,0.0501535295304911),(-0.0968182158513141,
-0.99404557349334,0.0499963088404129),(0.,0.,1.),(-0.290132128224065,0.956986597697259,
0.),(-0.289401048861471,0.955870625018788,0.0505804423079871),(-0.19387937717679,
0.979702099295846,0.0509370566567565),(0.,0.,1.),(-0.29012735619574,-0.956988044432568,
0.),(-0.289638013660515,-0.955787647203196,0.0507916774341053),(-0.194020859775641,
-0.979680839774518,0.0508070679198903),(0.,0.,1.),(-0.381710179668782,0.924282066653479,
0.),(-0.381717759680531,0.92294455353097,0.0496477900011128),(0.,0.,1.),
(-0.381714476391844,-0.9242802921803,0.),(0.,0.,1.),(-0.471835185324365,
0.881686768580499,0.),(0.,0.,1.),(-0.471837346279813,-0.881685612140531,
0.),(-0.471662063573011,-0.880265215269498,0.0516531564630262),(-0.38111197144088,
-0.923201860952874,0.0495175641323025),(0.,0.,1.),(-0.556470442570481,0.830867406115689,
0.),(-0.556334372985702,0.829570453822639,0.0480096613100591),(-0.470591266104732,
0.880857798482827,0.0513166553658048),(0.,0.,1.),(-0.556468616502398,-0.830868629115282,
0.),(-0.555182040900322,-0.830330372305343,0.0482117650477929),(0.,0.,1.),
(-0.635262470980535,0.772296311634145,0.),(0.,0.,1.),(-0.635262470980618,
-0.772296311634077,0.),(0.,0.,1.),(0.469761320057022,-0.8827934651878,0.),
(0.,0.,1.),(-0.707106781186678,0.707106781186417,0.),(-0.706805361516395,
0.705810803946034,0.0475109457360221),(0.,0.,1.),(0.099017396854508,-0.995085702399626,
0.),(0.,0.,1.),(0.195669325640845,-0.980669931732006,0.),(0.,0.,1.),(0.290103412233885,
-0.956995303128629,0.),(0.,0.,1.),(0.381578037304044,-0.924336627775397,
0.),(-0.633939631978592,0.771742594917944,0.0503379597934329),(0.,0.,1.),
(-0.707105555778213,-0.707108006592758,0.),(0.,0.,1.),(0.469764146307024,
0.882791961248194,0.),(-0.705809288791366,-0.706807085701903,0.0475078041737281),
(0.,0.,1.),(0.0990151225212608,0.995085928707717,0.),(0.,0.,1.),(0.195663588393935,
0.980671076445517,0.),(0.,0.,1.),(0.290102378831412,0.95699561639349,0.),
(0.,0.,1.),(0.381578940182597,0.924336255055013,0.),(-0.634914343647248,
-0.770933112969965,0.0504570268389294),(0.,0.,1.),(0.882791459935058,-0.469765088385385,
0.),(0.,0.,1.),(-0.772298242855877,0.635260123163516,0.),(0.,0.,1.),(0.556461938299937,
-0.830873101757108,0.),(0.,0.,1.),(0.6343515290565,-0.773044719006398,0.),
(0.,0.,1.),(0.707107029524512,-0.707106532848496,0.),(0.,0.,1.),(0.773044335097702,
-0.63435199690184,0.),(0.,0.,1.),(0.830872569555784,-0.55646273294783,0.),
(0.,0.,1.),(-0.77229521073086,-0.635263809359684,0.),(0.,0.,1.),(0.8827924022962,
0.469763317478179,0.),(0.,0.,1.),(0.556464293069789,0.830871524688589,0.),
(0.,0.,1.),(0.634351004551399,0.773045149408901,0.),(0.,0.,1.),(0.707106781186553,
0.707106781186542,0.),(0.,0.,1.),(0.773044102541315,0.634352280303376,0.),
(0.,0.,1.),(0.830870606357034,0.556465664252426,0.),(0.,0.,1.),(-0.830868590123384,
0.55646867472157,0.),(0.,0.,1.),(0.999694157655194,-0.024730368983767,0.),
(-0.770934394141055,0.634912859344278,0.0504561291582905),(0.,0.,1.),(0.924337304367658,
-0.381576398319303,0.),(0.,0.,1.),(0.956996723733498,-0.290098725890601,
0.),(0.,0.,1.),(0.980670757081945,-0.19566518904579,0.),(0.,0.,1.),(0.995085767093823,
-0.0990167467012452,0.),(0.,0.,1.),(-0.830869852117306,-0.556466790422004,
0.),(0.,0.,1.),(0.999694160538184,0.0247302524422208,0.),(-0.829573342275369,
-0.55632989329144,0.0480116612544184),(0.,0.,1.),(0.924337158394705,0.381576751926533,
0.),(0.,0.,1.),(0.956996196869425,0.290100463938714,0.),(0.,0.,1.),(0.980670800650383,
0.195664970681357,0.),(0.,0.,1.),(0.995085744004299,0.0990169787431007,
0.),(-0.771741707101169,-0.633940975601305,0.0503346498372677),(0.,0.,1.),
(-0.881686207523301,0.471836233732827,0.),(-0.88026441881164,0.471663224167707,
0.0516561316973022),(-0.830331695966006,0.555180429137666,0.0482075282163865),
(0.,0.,1.),(-0.881686649140242,-0.471835408514295,0.),(0.,0.,1.),(-0.924281304727322,
0.381712024609599,0.),(-0.923203576476733,0.381108896166925,0.0495092480552552),
(0.,0.,1.),(-0.924280292180247,-0.381714476391971,0.),(-0.922944013754762,
-0.38171916303174,0.049647034640537),(-0.880856610685269,-0.47059494297195,
0.0513033240763929),(0.,0.,1.),(-0.95698754561061,0.290129001559963,0.),
(-0.95578782086075,0.289638058441162,0.0507881540981103),(0.,0.,1.),(-0.956987863590635,
-0.290127952704032,0.),(-0.955871385517313,-0.289398498309254,0.0505806635539753),
(0.,0.,1.),(-0.98098156423188,0.194100928996165,0.),(0.,0.,1.),(-0.980981587760713,
-0.194100810081952,0.),(0.,0.,1.),(-0.99503328483379,0.099542765045373,
0.),(-0.993836017028341,0.0985387972043643,0.0507944554332557),(-0.979680526430726,
0.194020986028757,0.0508126274939988),(0.,0.,1.),(-0.995033358946908,-0.0995420242050204,
0.),(-0.979701315801625,-0.193885485634267,0.0509288746874417),(0.,0.,1.),
(-0.999639389655066,0.0268531311032119,0.),(0.,0.,1.),(-0.999639389655066,
-0.0268531311032112,0.),(-0.998178814019252,-0.0258918391311235,0.0544854834752129),
(-0.993765368061232,-0.0995701368996543,0.0501615498156614),(-0.998114286258856,
0.0267870152431848,0.0552297689687045),(0.195750870559048,-0.979969336544602,
-0.0366291701749873),(0.0982757316315643,-0.994388800340865,-0.0391509173447678),
(0.19489897564222,0.980123258828073,-0.0370511376053697),(0.098976220010409,
0.994297540558462,-0.0397002356648638),(0.290115090740507,0.95626310700278,
-0.0373377062768578),(0.381543947603182,-0.923580529272247,-0.0377256145950719),
(0.289930106824548,-0.95631268923981,-0.0375043138269275),(0.469445390589935,
-0.882101475141832,-0.0389616838248432),(0.381238432794659,0.923718586605767,
-0.0374330084192711),(0.469637324383379,0.882017534784151,-0.0385467492703382),
(0.634346976992854,-0.772165461298889,-0.0369379636295978),(0.555569353769946,
-0.830559138665719,-0.0389128555943083),(0.633443549458074,0.772902520963063,
-0.0370265139987247),(0.556199901040967,0.830115834923458,-0.0393620463308045),
(0.706952806267702,0.706202676982398,-0.0386718079887106),(0.77290207028444,
-0.633444068861662,-0.0370270357172779),(0.706202920592092,-0.706952562887093,
-0.0386718085246779),(0.772164742677486,0.634347907703543,-0.0369370025577204),
(0.882017732206229,-0.469636877051461,-0.0385476819942775),(0.830116356685274,
-0.556198973335969,-0.0393641515033889),(0.88210067832208,0.469446273154032,
-0.0389690893596102),(0.830556988437878,0.555572405083636,-0.0389151855525271),
(0.923718494283915,-0.381238248592675,-0.0374371623904224),(0.956313582172926,
0.289927161454808,-0.0375043144497253),(0.923580269090213,0.381544080759042,
-0.0377306372194707),(0.956264569932622,-0.290110969738586,-0.0373322585563064),
(0.994297281941677,-0.098978204760962,-0.0397017645160909),(0.98012325234187,
-0.194899520317646,-0.0370484439450067),(0.994388906708349,0.0982769533360573,
-0.0391451485928551),(0.979970197601174,0.195746453895561,-0.036629736565098),
(0.998912231269771,-0.0246956924549158,-0.0395534700604164),(0.998909891514113,
0.0247347944798322,-0.0395881115652517),(-0.987482422914795,-0.0238677735856875,
-0.155912776315441),(-0.98342630692904,-0.0962126354509017,-0.153674420836723),
(-0.0848337363692054,0.959993274904866,0.266863540617802),(-0.075969796248991,
0.866712547843685,0.492988792436699),(-0.064739281268367,0.743844020881667,
0.665210416379246),(-0.0541122342742017,0.616859722288895,0.785210767322712),
(-0.0428803319950883,0.494293290626992,0.868236960725084),(-0.0327766239656759,
0.380776702338492,0.924085924510073),(-0.0239769171454727,0.278937891334327,
0.960009770899317),(-0.0154642041767652,0.181316090723054,0.983303276529723),
(-0.00738756805106788,0.0889268426444993,0.996010763242833),(-0.0501807049210249,
0.00366707492024996,0.998733422598422),(-0.00797456943654872,-0.0888128340591454,
0.996016408875217),(-0.0501753075146733,-0.00366273034078879,0.998733709715587),
(-0.015005597294291,-0.0858997838240879,0.996190774494934),(-0.0505098228087162,
-0.0150347096616281,0.99861039214762),(-0.0220979675063001,-0.0808801467787543,
0.996478841566211),(-0.0287021393867245,-0.0739003666842419,0.996852508146797),
(-0.0347328752275854,-0.0653844804567315,0.997255482358371),(-0.0402337682516817,
-0.0547544050984456,0.997688928982669),(-0.0446991941962954,-0.0426843123267308,
0.99808818824761),(-0.0482438657349874,-0.0296467236029565,0.99839551341067),
(-0.0145254874560702,0.0863762082452509,0.996156694934756),(-0.050510513468527,
0.0150279418559714,0.998610459084382),(-0.0221472127517272,0.0810388924729925,
0.996464850797097),(-0.0482558070554637,0.029168917747091,0.998409010036913),
(-0.0291000989139908,0.0738293597570982,0.99684623181364),(-0.0350544534461468,
0.0647540220142303,0.997285366345347),(-0.0399798959759136,0.0550115685912455,
0.997684987979115),(-0.0447694231396846,0.0430509941640937,0.998069291508973),
(-0.987370374677987,0.0244797802222846,-0.156526303120337),(-0.0157197614458866,
-0.181465675558432,0.983271629659987),(-0.0241499360547274,-0.278603182983295,
0.960102623171153),(-0.0328266291792049,-0.381071504336522,0.923962618832294),
(-0.0427820277687678,-0.49402204243722,0.868396176687893),(-0.0538138967054747,
-0.616027215592229,0.785884555243999),(-0.0653509059383961,-0.743906614713166,
0.665080602392693),(-0.076267560926066,-0.866530697125631,0.493262415038239),
(-0.084851268919648,-0.959993047552327,0.266858784404638),(-0.969242722227369,
-0.192963429917541,-0.152753592834136),(-0.945607234348808,-0.286515389054803,
-0.154064564978365),(-0.983493143032016,0.0959539726404867,-0.153408189949286),
(-0.969580004005194,0.192092250594056,-0.151707557804477),(-0.945292842550044,
0.287444302800856,-0.154263458443624),(-0.87166603165831,-0.46536680987595,
-0.153727230895945),(-0.821754231443917,-0.548330852429584,-0.155091132492684),
(-0.913076779290993,-0.378201018965786,-0.152495194589301),(-0.913250856585454,
0.377499857691052,-0.153188545228323),(-0.871603598535083,0.46537322175091,
-0.154061453640654),(-0.763796059760181,-0.627027742580488,-0.153139769913762),
(-0.821412277366121,0.54903226029495,-0.154419712950194),(-0.7644053200385,
0.626314709373931,-0.153017618327719),(-0.69892495893326,-0.698315668387068,
-0.154464005727105),(-0.626314494580167,-0.764405013950284,-0.153020026553571),
(-0.698314595381745,0.698926134822634,-0.15446353595177),(-0.549030511011718,
-0.82141355169889,-0.154419153810747),(-0.627028448090734,0.763796553972213,
-0.153134416200595),(-0.4653741794281,-0.871603259996695,-0.154060476062996),
(-0.377500569509437,-0.913250228173273,-0.153190537441176),(-0.548330336353379,
0.821755035999357,-0.155088694121415),(-0.465368385010553,0.871664781517699,
-0.153729551142169),(-0.171207054508388,0.946676286894634,0.272932505059312),
(-0.171594554732644,-0.94651357643491,0.273253286184267),(-0.287444045676768,
-0.945292884409321,-0.154263681046702),(-0.286513277217642,0.945606817505013,
-0.154071050707288),(-0.378203218856988,0.913075382375924,-0.152498102759589),
(-0.19209253507666,-0.969580035377886,-0.15170699708464),(-0.0959544326593699,
-0.983493156274919,-0.153407817315207),(-0.192963250532987,0.969242043507495,
-0.152758125941499),(-0.0244798181960456,-0.987370378935899,-0.156526270322485),
(-0.0962124882722922,0.983426905676333,-0.153670681303647),(-0.0238645613134909,
0.98748263625152,-0.155911916847506),(0.975635309755992,0.0966701489760214,
0.196953356544851),(0.979308902877367,0.023866201872449,0.200958894188116),
(0.961492618573269,0.190174397263294,0.198407769642877),(-0.195697505548782,
0.696434859614908,0.690420866309201),(-0.153278330973181,0.851512512034728,
0.501430149774008),(-0.166276897445331,0.41790246591334,0.893145857270527),
(-0.15974095880705,0.569845021237195,0.806076595523394),(-0.153704367184198,
0.28104386301212,0.947306346738862),(-0.142236261354212,0.133123833186176,
0.980839890600803),(-0.127981824228279,0.171249121762244,0.976879926584052),
(-0.102599330913249,0.0301718871797178,0.994265072563734),(-0.098307835310155,
0.0590299470819794,0.993403762255877),(-0.102873822303732,0.00749613697701396,
0.994666167422539),(-0.102650182400237,-0.0301586246937404,0.994260226203271),
(-0.102917702872991,-0.0075298294085323,0.99466137358622),(0.979454416846991,
-0.0246945460482528,0.200148007020785),(-0.0983056961300617,-0.0590402789117606,
0.993403359957276),(-0.0914768970037217,-0.0859625061574234,0.992089927803778),
(-0.128029481906208,-0.171577020535903,0.97681614328739),(-0.0824622487408697,
-0.1106222908885,0.990435604313162),(-0.111037437489036,-0.204202088525978,
0.97261101912198),(-0.126285315851917,-0.318302041170868,0.939540222442148),
(-0.0918999772315657,-0.231337632191572,0.968523254298437),(-0.126693441720359,
-0.453302945626409,0.882306755789318),(-0.0969072175291517,-0.347444995363181,
0.932679455326339),(-0.159691945530386,-0.56979116237839,0.806124378621688),
(-0.130253292718678,-0.726996276715736,0.674173934068501),(-0.106952412828735,
-0.599445976655168,0.793237481755649),(-0.153708025902456,-0.850431994983762,
0.503129471091794),(0.97597299781354,-0.0953345090139413,0.195928657755628),
(0.906426221084992,0.374854725188076,0.194616136879121),(0.938449683092005,
0.283654364627374,0.19711010560688),(0.961353237059446,-0.190915089696704,
0.19837182794294),(0.938332757466225,-0.283920209198214,0.197283935166229),
(0.864996372526195,0.461584744755409,0.196776012068565),(0.906693945015035,
-0.3740194315995,0.194975780185798),(0.864861706773373,-0.462175546341185,
0.195979571693774),(0.814985941918798,0.545435365425821,0.195699199327769),
(0.758055688799507,0.62205379038025,0.195960849539565),(0.815291257777588,
-0.545125971301921,0.195289120033801),(0.757342767942125,-0.622825468677157,
0.196266062814845),(0.693285235316521,0.694477699989963,0.192500147295445),
(0.62282398775878,0.757344059404911,0.196265778872276),(0.545125384392272,
0.815290118657902,0.195295513798866),(0.694477582742371,-0.693286749686311,
0.192495116243773),(0.622052645260628,-0.758056533962794,0.195961215143636),
(0.545434764405709,-0.814985075098253,0.195704484222472),(0.462177326843333,
0.864858403656862,0.195989949171011),(0.374020644682547,0.906692913173456,
0.194978251485348),(0.461587421773172,-0.864995580596012,0.19677321365004),
(0.374853954237309,-0.906427041214851,0.194613802046888),(0.283918828551226,
0.938332909660028,0.19728519823607),(0.190917789413126,0.961349466042204,
0.198387504208239),(0.190175365165701,-0.961491702857439,0.198411279468668),
(0.283657400071584,-0.938448443116885,0.197111640945236),(0.0953296984227461,
0.975975561859748,0.195918225929026),(0.0246934302441954,0.979456856359581,
0.20013620620213),(0.0957259120039758,-0.97588583363722,0.196171836605551),
(-0.0626796393799783,-0.00157889586247242,-0.998032449319686),(-0.062679639379979,
0.00157889586247436,-0.998032449319686),(0.0464116649571586,0.00123135964557385,
0.998921639123574),(0.0464162311530639,-0.00123485115404906,0.998921422649536),
(-0.00157903734216343,-0.0626792332020587,-0.998032474605047),(-0.0620005640258013,
-0.0127929042911866,-0.997994124060998),(-0.0628730032422595,-0.00626984751322465,
-0.998001840917871),(-0.0602161559563394,-0.0178584898363778,-0.998025595314372),
(-0.0586868019061692,-0.0244387112449909,-0.997977258595961),(-0.0552995647963673,
-0.0298911142106143,-0.998022284032065),(-0.0525821888222351,-0.035151777968191,
-0.997997728416422),(-0.0490043563836627,-0.0394395195813518,-0.998019587658787),
(-0.0448977748168641,-0.0450628568350577,-0.99797471348244),(-0.0396156516239452,
-0.0489406139092357,-0.998015739583598),(-0.0350416879941643,-0.0527328655801508,
-0.997993649774499),(-0.0300829085044358,-0.0551475900302845,-0.998024930515148),
(-0.0241742792761906,-0.0587735415021103,-0.997978594480251),(-0.0180690240669916,
-0.0602197377096664,-0.998021589726117),(-0.0126839344388613,-0.0619331593220325,
-0.99799970019211),(-0.00628060853185716,-0.0628867842255142,-0.998000904972657),
(0.00123922027457808,0.0464174304003277,0.998921361513579),(0.0463276762941091,
0.00378638460961558,0.998919120700358),(0.0464124884473691,0.0094211693378897,
0.998877931723606),(0.0443032725049794,0.0142276702766321,0.998916810071714),
(0.0432365358541052,0.0177429215825018,0.998907298352081),(0.0413686217077485,
0.0213517332772201,0.998915782548289),(0.0391727640554309,0.0262270118564422,
0.998888201154333),(0.0358749912681084,0.0293937675541833,0.998923916737648),
(0.0332986979761488,0.0333584938860491,0.998888586179033),(0.029457191939002,
0.0358281616572311,0.998923729158204),(0.0261544409173992,0.0392085996278375,
0.998888697971662),(0.0213920238638106,0.0414331236905999,0.998912247185032),
(0.0177832127027619,0.0432620900498914,0.998905475463261),(0.0142761692844332,
0.0441503089331027,0.998922890523425),(0.00923598934475941,0.0464118943876575,
0.998879688731417),(0.0038626195669579,0.046416753495728,0.998914693637549),
(-0.00123627506605334,0.0464135262844105,0.998921546570003),(0.00157903734216343,
-0.0626792332020587,-0.998032474605047),(0.0914336528974835,-0.922742770300774,
0.374413764404402),(0.0834062773831096,-0.847239908094941,0.524621702776742),
(0.0012326781890952,-0.046411987323205,0.998921622519601),(0.0464193141759953,
-0.00386012280051481,0.998914584298075),(0.0464106556990481,-0.00923626080810039,
0.99887974377493),(0.0441518848275978,-0.0142794588788392,0.998922773852062),
(0.043260061403957,-0.0177827856839724,0.998905570922819),(0.0414359790282649,
-0.0213913486221638,0.998912143206846),(0.0392054753235801,-0.0261578990701245,
0.998888730049994),(0.0358268863128783,-0.029456711951545,0.998923789054064),
(0.0333608686022686,-0.0332971276198991,0.998888559218878),(0.0293953501794256,
-0.0358739935888618,0.998923905996756),(0.0262266238148086,-0.0391741801891238,
0.998888155806138),(0.0213501394141722,-0.0413682313812128,0.998915832780413),
(0.0177432497426285,-0.0432368173032406,0.998907280340902),(0.0142283062229747,
-0.0443022833429896,0.998916844883808),(0.00942193074658925,-0.0464134706295833,
0.998877878904685),(0.00378611395405944,-0.0463268920755191,0.998919158096265),
(-0.00158057260109425,0.0626798819414753,-0.998032431431993),(-0.0628876031083577,
0.00628347078858479,-0.998000835355429),(-0.0619315889109776,0.0126872708014938,
-0.997999755237731),(-0.0602197963097911,0.018066125666162,-0.998021638661117),
(-0.0587757645779784,0.0241737290180636,-0.997978476883963),(-0.0551445313024815,
0.0300870847794329,-0.998024973633879),(-0.0527307416596905,0.0350420350653253,
-0.99799374981134),(-0.0489423280465318,0.0396138305396272,-0.998015727809619),
(-0.0450631073271568,0.0448980940482506,-0.997974687809694),(-0.0394399910375277,
0.049002329120929,-0.998019668567551),(-0.0351538203158127,0.0525825473731234,
-0.997997637586862),(-0.0298895953211647,0.055300163409025,-0.998022296353379),
(-0.0244404892882883,0.0586859704308972,-0.997977263948399),(-0.0178582919417818,
0.0602178165981827,-0.998025498658762),(-0.0127897330291841,0.0620000707779384,
-0.99799419535014),(-0.0062713727526483,0.0628722030684152,-0.998001881744279),
(0.0740160784916153,-0.759277227154626,0.646544439655238),(0.0658932746366633,
-0.672269591400481,0.737368071478477),(0.0574354492920909,-0.586799797142666,
0.80769249546962),(0.0493303388991517,-0.50722159791507,0.860402677978502),
(0.0420998748626318,-0.438471970051486,0.897758281507734),(0.0358574565225271,
-0.369127884990915,0.928686624935381),(0.0238678430247102,-0.987482411811976,
-0.155912836005732),(-0.0238644890733924,0.979310154980848,0.200952995779244),
(0.0298836291703333,-0.307542051209692,0.951065116301374),(0.0242399291958089,
-0.251398022934117,0.967580208508524),(0.00543175441875906,-0.197704439237714,
0.980246627512503),(0.0194707310864907,-0.197307267593129,0.98014832182986),
(0.00261569895810542,-0.0963660923024315,0.995342521131957),(0.00280367203828192,
-0.147658763629217,0.989034392196041),(0.0244774633166338,0.987371408928247,
-0.156520141261853),(0.,-0.0959283256040776,0.995388244026693),(0.0626796393799784,
0.00157889586247436,-0.998032449319686),(0.00158057260109425,0.0626798819414753,
-0.998032431431993),(0.00628478929887296,0.0628867777688525,-0.998000879060394),
(0.01268396379916,0.0619315963438842,-0.997999796811923),(0.0628730691444158,
0.00627009168990172,-0.998001835232061),(0.0620005699686784,0.0127935395299274,
-0.997994115548712),(0.018066570803657,0.0602219445007014,-0.998021500980791),
(0.024175377204816,0.0587735313384039,-0.99797856848282),(0.0300860926490134,
0.0551455898989212,-0.998024945050882),(0.0350421883836802,0.0527305882596259,
-0.997993752533089),(0.0396138566246382,0.0489419788171864,-0.998015743900256),
(0.0448979921788648,0.0450633640653437,-0.997974680799779),(0.0490025631237392,
0.0394400852570298,-0.998019653354693),(0.052582585929664,0.0351535257725005,
-0.997997645930446),(0.0552992299345342,0.0298905129135982,-0.998022320595291),
(0.0586876490902557,0.0244391758813662,-0.997977197398066),(0.0602159256352042,
0.0178571648776359,-0.998025632918528),(0.0626796393799778,-0.00157889586247242,
-0.998032449319686),(-0.0464162278092,0.00123480117883346,0.99892142286669),
(-0.00123611054610181,-0.0464165377859057,0.998921406843745),(-0.0464116854506965,
-0.00123142252824153,0.998921638093891),(-0.00386027634445732,-0.0464187320161985,
0.998914610757372),(-0.00923609894827829,-0.0464113927931875,0.998879711023912),
(-0.0463275330254213,-0.00378600224836598,0.998919128794095),(-0.0142802252654203,
-0.0441515011904151,0.998922779852878),(-0.0177828250455016,-0.0432601693964693,
0.998905565545207),(-0.0213897757696819,-0.0414364421266623,0.998912157677744),
(-0.0261578025850498,-0.0392065990807951,0.998888688469561),(-0.0294580845720838,
-0.0358257550976276,0.998923789147615),(-0.0332982609818496,-0.0333594779801276,
0.998888567881562),(-0.0358750535068334,-0.0293937709733263,0.998923914401817),
(-0.0391731502520309,-0.0262266875590067,0.998888194523799),(-0.0413679445425848,
-0.0213517710315453,0.998915809784858),(-0.0432367785576002,-0.0177433279390128,
0.998907280628993),(-0.0443026003355919,-0.014227560422464,0.99891684144774),
(-0.0464127540765618,-0.00942198449446872,0.998877911692522),(0.0962133086333204,
-0.983426161818043,-0.153674927993028),(-0.0966719669883997,0.97563656803635,
0.196946231009495),(-0.00378785127758684,0.0463253857339338,0.998919221368425),
(-0.0094222145712094,0.0464138999839843,0.998877856277158),(-0.0464194300367884,
0.00386045344849195,0.998914577636262),(-0.0142241604705931,0.0443013613157191,
0.998916944817977),(-0.0464104735868546,0.00923565284722062,0.998879757857736),
(-0.0177443330263133,0.0432391525193605,0.998907160017816),(-0.0213519476815653,
0.0413655858000109,0.998915903688407),(-0.0262228729403581,0.0391756776188438,
0.998888195554366),(-0.0293947219120676,0.0358760783057277,0.998923849614731),
(-0.0333612776256169,0.0332964536673405,0.998888568023664),(-0.0358268699448032,
0.0294566482744147,0.99892379151885),(-0.039204903912326,0.0261583000651741,
0.998888741976265),(-0.0414367000782929,0.0213911157660145,0.998912118283138),
(-0.0432598831460543,0.0177824867922954,0.998905583963605),(-0.0441527475986282,
0.0142795079980158,0.99892273501549),(0.00626686141492393,-0.0628718492372703,
-0.998001932373626),(0.0127903909321889,-0.0620016042691498,-0.997994091649772),
(0.0628875501802356,-0.00628323858295428,-0.998000840152571),(0.0178605526338466,
-0.0602161694104098,-0.998025557589158),(0.061931686268601,-0.0126867267099031,
-0.997999756112854),(0.0244388836048214,-0.0586856977040105,-0.997977319307981),
(0.029886108056966,-0.0553014431323075,-0.998022329876788),(0.0351536440785296,
-0.0525844670860618,-0.997997542646912),(0.0394419760376706,-0.0490013111718218,
-0.998019640102181),(0.0450628238195152,-0.0448977762203175,-0.997974714910093),
(0.0489443891303155,-0.0396132110730387,-0.998015651320731),(0.0527303725186419,
-0.0350405881950991,-0.997993820117633),(0.0551451032330991,-0.0300876048712067,
-0.998024926353308),(0.0587746900075568,-0.0241736303112997,-0.997978542560955),
(0.0602199299141335,-0.0180671264541816,-0.998021612482829),(-0.00251395526100302,
-0.096234552473098,0.995355509825132),(-0.00558421417036726,-0.197519194212265,
0.980283114446963),(-0.00295674514500858,-0.148004828530344,0.98898221843967),
(-0.0300803684093135,-0.307552268409854,0.95105561016815),(-0.0360156213998723,
-0.368866596132792,0.928784317951476),(-0.0246716473669826,-0.251398067614618,
0.967569285072566),(-0.0422953008281869,-0.438901273109335,0.897539291613943),
(-0.0496875881452183,-0.506883856425227,0.860581140671698),(-0.0572686437139952,
-0.586978394464802,0.807574558092739),(-0.0655146252793038,-0.671961457961924,
0.737682609858873),(-0.0737231004954664,-0.759874047389029,0.645876409662058),
(-0.0835273843828377,-0.847002914710957,0.524984988860924),(-0.091613214574676,
-0.9225247518531,0.374906789927404),(-0.0953323238430994,-0.975974280420052,
0.195923331916431),(-0.190171005591968,0.961490483712395,0.198421365690904),
(-0.374857136598751,0.906425418894258,0.1946152283953),(-0.283653425379349,
0.938449590884215,0.197111896241224),(-0.190919443189442,-0.961351688888147,
0.198375140791736),(-0.283922731439989,-0.938331499389732,0.197286288993111),
(-0.461586811756827,0.864993732416135,0.196782768790796),(-0.374018104362155,
-0.906695386619949,0.194971622272169),(-0.462177451026894,-0.864860600331163,
0.195979962641856),(-0.545428686584548,0.814986107601016,0.195717123083291),
(-0.622054526923236,0.758054856108533,0.195961732653548),(-0.545128912539766,
-0.81528984471042,0.195286809143042),(-0.694477699990016,0.693285235316483,
0.192500147295386),(-0.757342837898496,0.622826105186309,0.196263772974804),
(-0.622824963991714,-0.757343841210996,0.196263522867836),(-0.693283147292818,
-0.694481585897948,0.192493648021007),(-0.815292786113665,0.545126695709328,
0.195280717266319),(-0.758055522256122,-0.622053026900941,0.195963917342902),
(-0.814986861094053,-0.545430338036483,0.19570938299803),(-0.86485992713037,
0.462176450775764,0.195985292285845),(-0.906693789733888,0.374019887175643,
0.194975628361902),(-0.938333277558351,0.28392059711165,0.197280903187222),
(-0.864995866334393,-0.461587632143772,0.196771464080336),(-0.90642660976567,
-0.374853651437382,0.194616394768723),(-0.961353577042864,0.190914533840674,
0.198370715266362),(-0.961492361973403,-0.190174950513218,0.198408482843104),
(-0.938449654571899,-0.283653131623775,0.197112015752236),(-0.975972960645477,
0.0953337609879413,0.195929206870228),(-0.979454390009902,0.0246947778766277,
0.200148109748642),(-0.975635423885504,-0.0966714179277243,0.19695216834449),
(-0.979308902906809,-0.0238658751146363,0.200958932850656),(0.192964092991705,
-0.969242588701028,-0.152753602458402),(0.286515151629193,-0.945607009688009,
-0.154066385418108),(0.0959497419174263,0.983494784643116,-0.153400311622143),
(0.192094938448554,0.969578492792574,-0.151713812609551),(0.287442466544482,
0.945292450766986,-0.154269280641904),(0.465365142354274,-0.871666374933349,
-0.153730332375043),(0.37820262362724,-0.913075876112826,-0.152496622724136),
(0.548331697869299,-0.821753743277247,-0.155090729966705),(0.377500752328108,
0.913249751499106,-0.153192928617914),(0.465374796213801,0.871603017142878,
-0.154059986876525),(0.627029943598691,-0.763795124997899,-0.153135420004866),
(0.698314593442205,-0.698926464912888,-0.154462051100009),(0.549034359496513,
0.821411547857411,-0.154416129788134),(0.626314276338297,0.764407035351376,
-0.153010821709304),(0.698926476297552,0.698314671392206,-0.154461647177168),
(0.764406566398024,-0.626315011056467,-0.1530101570907),(0.821413082033399,
-0.549032879824859,-0.154413229794643),(0.763794780515193,0.627032218150585,
-0.153127824574457),(0.871603986138185,-0.465374002304127,-0.154056902888073),
(0.913249390724045,-0.377500458312368,-0.153195803846296),(0.821754858156421,
0.548331180218743,-0.155086652862972),(0.87166627430209,0.46536492583758,
-0.153731558388309),(0.945291873005654,-0.287444443239887,-0.154269137807839),
(0.945606813573224,0.286512289744468,-0.154072911146885),(0.913074145512661,
0.378205518520632,-0.152499805104346),(0.969580130590056,-0.192092458154187,
-0.151706485969627),(0.983494952826808,-0.095948851153255,-0.153399790503658),
(0.987370776843738,-0.0244782290995815,-0.156524008813796),(0.969242595552389,
0.192963527888469,-0.152754272842706),(0.983427059961469,0.096211273243311,
-0.153670454663357),(0.987482228072595,0.0238646214929816,-0.155914492853553),
(-0.948837253988436,-0.0926358514248342,-0.301871602630125),(-0.95275736545763,
0.022300102195827,-0.302912706911236),(-0.952542170679539,-0.0217823638576618,
-0.303626319185087),(-0.934297006935557,-0.186405675656887,-0.303878309384135),
(-0.895908673353267,-0.0875120717045264,-0.435533335482338),(-0.882605440558835,
-0.177016406380021,-0.435514440826303),(-0.900144836285816,0.0207862031132935,
-0.435094481082114),(-0.949212220420119,0.0913740371755149,-0.301076312478007),
(-0.900128732305493,-0.021149993732757,-0.435110265384775),(-0.911530221870009,
-0.276598738376122,-0.304311998689419),(-0.861346825972836,-0.261357221875596,
-0.435630632485814),(-0.130249729922157,0.727184774937248,0.673971298316679),
(-0.1067202141909,0.598423135667383,0.794040645421294),(-0.0859035826008949,
0.478944698795716,0.873631816036831),(-0.0658494531820157,0.368125450297955,
0.927441374081703),(-0.0480983941005851,0.269249381853227,0.961868657799286),
(-0.030818423378152,0.175185632794713,0.984052955304134),(-0.0307113891509955,
-0.175192113017782,0.98405514790218),(-0.0591441139706479,-0.150513679534182,
0.986837173020812),(-0.0454938814157207,-0.164701597288204,0.985293707786895),
(-0.0715966738076033,-0.13232002849776,0.988617886930051),(-0.0455234596729469,
0.164811509252592,0.985273962427349),(-0.0590648119303837,0.150358748400907,
0.986865540370592),(-0.0716207272024126,0.132084988883263,0.988647574794328),
(-0.0825263691099246,0.110788879041244,0.990411643046626),(-0.0915229104127962,
0.0860164368570228,0.992081009524924),(-0.047576057840469,-0.269510571430674,
0.961821485831686),(-0.0656502999735001,-0.368211429657295,0.927421361185476),
(-0.0852685696738492,-0.479215349983119,0.873545602339301),(-0.88097654219136,
-0.363382663999262,-0.303040214515093),(-0.831736148152532,-0.34244783877611,
-0.436971918518754),(-0.895492171799192,0.0879072845705844,-0.436309614340314),
(-0.834996032942916,0.0198707565330199,-0.549897061280016),(-0.933991203221857,
0.187074541323681,-0.30440687950952),(-0.819641075023403,-0.163261823449157,
-0.549121193488775),(-0.830580060052669,-0.0806569343286563,-0.551027424714603),
(-0.800134500109638,-0.244317002339025,-0.547808346141579),(-0.834947566491925,
-0.0203401452987679,-0.549953488668303),(-0.771897287636001,-0.318631617078848,
-0.550134956113409),(-0.88240666118572,0.17710041847021,-0.435882927025993),
(-0.911336810719661,0.277002424380847,-0.304524012705812),(-0.830811588525491,
0.0817171546907178,-0.550521944159362),(-0.840454499778836,-0.449579207250959,
-0.302514082662453),(-0.793927291093536,-0.424550749503039,-0.43524259620732),
(-0.762611816209351,-0.0189919339210181,-0.646577546953043),(-0.762264786543022,
0.0189630669432645,-0.646987478463553),(-0.747203121030471,-0.147749958807454,
-0.647964077395282),(-0.759131616950572,-0.074754858105686,-0.646630419432622),
(-0.729748702345002,-0.221103987899375,-0.646977478712187),(-0.736458681768834,
-0.392007878602484,-0.551324254101786),(-0.705662183254094,-0.293498727475386,
-0.644902612876855),(-0.861959184895486,0.260735052757177,-0.434791439471872),
(-0.819687192084649,0.162942809909548,-0.549147109462633),(-0.881167484798746,
0.363198554214754,-0.302705589558179),(-0.759020194764817,0.0744160202725802,
-0.646800278189466),(-0.672541993730946,-0.359751747617627,-0.646734834962883),
(-0.799750426058001,0.243391102609266,-0.548780490898403),(-0.831401240930409,
0.343479699207232,-0.436799350745723),(-0.747734843568374,0.148444556366608,
-0.64719148433744),(-0.840719837118448,0.449115150059023,-0.302466093079854),
(-0.792260227849863,-0.529261586141218,-0.303654252073909),(-0.683779315533162,
-0.0160658792836416,-0.729511984255121),(-0.682308825418799,-0.067623402002688,
-0.727929764645739),(-0.683826237081203,0.0165834920032631,-0.729456417664784),
(-0.672029771882242,-0.134328302607537,-0.728238898180041),(-0.654884505577308,
-0.197292957748562,-0.729521605696218),(-0.748070128109482,-0.500079906723415,
-0.436246685169944),(-0.693767750576984,-0.465337148763104,-0.549679585067861),
(-0.632489240785692,-0.261212388395877,-0.72919506885254),(-0.682053542122618,
0.0668508113885183,-0.728240300103398),(-0.633521541546412,-0.423392276304185,
-0.647602838754293),(-0.603805822060233,-0.324014353902231,-0.728308470163217),
(-0.772041235839255,0.318953188650713,-0.549746481219606),(-0.729736227886714,
0.221545168024414,-0.64684061115139),(-0.79391672671971,0.423922153364307,
-0.435874109028776),(-0.67148008024536,0.134135477311987,-0.728781294737983),
(-0.791767014762225,0.529761124697658,-0.304069309687096),(-0.736761404958677,
-0.60451200212694,-0.302899111005289),(-0.695784218361553,-0.570032651904444,
-0.436974938917314),(-0.604385281104815,-0.0584981910137316,-0.79454162485799),
(-0.595955883337107,-0.11916722589071,-0.794125781844036),(-0.607209022348442,
0.0138627579143855,-0.794421190000403),(-0.606813546576836,-0.013869798195713,
-0.794723189789283),(-0.581766822671896,-0.176727915100556,-0.793923553034206),
(-0.645552275633521,-0.528395336644532,-0.551416927230834),(-0.561104350565689,
-0.232506161751001,-0.794419783567903),(-0.604934003663888,0.0587150265601622,
-0.794107925201114),(-0.569287867261605,-0.381371841533646,-0.728331547218689),
(-0.705366920957482,0.291946784639415,-0.64592923897101),(-0.736735860735382,
0.392861467029749,-0.550345472616728),(-0.6552457716403,0.197992166088453,
-0.729007600039334),(-0.748459945549135,0.500046187416434,-0.435616253552223),
(-0.58951133327811,-0.484055901932147,-0.646657770185529),(-0.534878930883117,
-0.286311396250391,-0.794940446621309),(-0.596158872252998,0.119025002973701,
-0.793994740348539),(-0.737063926312632,0.604077392928992,-0.303030150118299),
(-0.529266708618381,-0.435184840830505,-0.72834806614667),(-0.504467040224292,
-0.337344564043598,-0.794802900370637),(-0.672160164826623,0.360006556600742,
-0.646989947390779),(-0.633411555732991,0.261357294611658,-0.72834206635151),
(-0.69389436351733,0.464284307557146,-0.550409569352733),(-0.581409505195971,
0.176292220596765,-0.794282091089078),(-0.69547106280867,0.57054344900143,
-0.436806792068681),(-0.673901119794701,-0.673589248182154,-0.30353715665936),
(-0.636067981864941,-0.63651880774146,-0.436189557231316),(-0.530844598840766,
-0.0521552860583524,-0.845862777297688),(-0.522860629691798,-0.104246443562207,
-0.846019763907988),(-0.533351205577839,-0.0129599049433756,-0.845794615951487),
(-0.533013111036424,0.0127567560222105,-0.846010808819286),(-0.510044321062891,
-0.154986716424351,-0.846069682876944),(-0.590091984034618,-0.590955936016612,
-0.550056844394122),(-0.492380902887234,-0.203236250912588,-0.846319131762332),
(-0.530492954857955,0.0522543945593116,-0.846077244165871),(-0.539204995882416,
-0.538298050753441,-0.64768293243723),(-0.47027627738216,-0.252835767638018,
-0.845526047815484),(-0.522648075649732,0.104436357245147,-0.84612767139776),
(-0.673590139837926,0.673900384286543,-0.303536810900381),(-0.46928358333532,
-0.38519232960147,-0.794606687379457),(-0.603476906688004,0.32373701197451,
-0.728704309148844),(-0.633473317194028,0.424170987742835,-0.647140270390015),
(-0.560378972519716,0.232569575954073,-0.794913076693477),(-0.644711366239082,
0.529240310180866,-0.551590380918482),(-0.484111917347642,-0.483675023946379,
-0.72917358886102),(-0.442863980555657,-0.296751433112787,-0.846055601997827),
(-0.510565511788071,0.154671811715677,-0.845812915976799),(-0.636520239940927,
0.63606677870961,-0.436189221746165),(-0.60407751738711,-0.737064527768556,
-0.303028439082442),(-0.570544423608952,-0.69547010843982,-0.436807038582751),
(-0.45751599342466,0.0108490398901912,-0.889135205744384),(-0.455438544047641,
-0.0445483634097658,-0.889151941972392),(-0.457163173499241,-0.0109618944817329,
-0.889315281362844),(-0.448883278102947,-0.0893123618223108,-0.88911591182774),
(-0.437724945481446,-0.134108677640077,-0.889051030416643),(-0.529239656373437,
-0.644707971073842,-0.551594976550346),(-0.422293508955924,-0.174874207900609,
-0.88943083132126),(-0.455534665789915,0.0448165118494705,-0.889089224166684),
(-0.483422266284272,-0.590425265859018,-0.646297855400965),(-0.403759523118384,
-0.214505231651519,-0.889362554353028),(-0.449188619976918,0.0891374825204767,
-0.888979242104754),(-0.60451296278307,0.736761932337376,-0.302895910975587),
(-0.429470572197168,-0.42986930177212,-0.794208669689891),(-0.411937338938868,
-0.337662785483979,-0.846340045187018),(-0.568976897223216,0.381198768418915,
-0.728665073529769),(-0.535337340656621,0.286598055448206,-0.794528467905338),
(-0.590424945750736,0.483421830217278,-0.64629847400765),(-0.492496625909304,
0.204051098977428,-0.846055685208754),(-0.590956512331308,0.590093188720037,
-0.550054932856197),(-0.434722902778443,-0.529200966375462,-0.728671623563839),
(-0.380653448626678,-0.255760483160227,-0.888644770030333),(-0.437517826312664,
0.13377772587583,-0.889202829346675),(-0.570033361850558,0.695782981595385,
-0.436975982062615),(-0.376751810777927,-0.376734921663873,-0.846243978929522),
(-0.504832474175254,0.337530918221068,-0.79449169426932),(-0.529198259401649,
0.434721733155816,-0.728674287297328),(-0.469913310093214,0.251837231171109,
-0.846025702915289),(-0.538293775213439,0.539206317463613,-0.647685385641666),
(-0.52976018687103,-0.791768249669794,-0.30406772801664),(-0.500044338307909,
-0.748462123717736,-0.435614633691456),(-0.384698686279698,-0.0377340524787347,
-0.922270601319486),(-0.379021996891295,-0.0760651908860402,-0.922256153467141),
(-0.386160829766613,-0.010067068484292,-0.922376532488817),(-0.385551353075969,
0.0100462033406358,-0.922631685961266),(-0.369036708016087,-0.112793518856198,
-0.922545137237569),(-0.464284010249092,-0.693893406742268,-0.550411026330896),
(-0.357146030929601,-0.147879804459636,-0.922268006614245),(-0.384394102210509,
0.0378766359720125,-0.922391746837113),(-0.385365244550822,-0.469055521491442,
-0.794657502356),(-0.353716096479672,-0.291116881892513,-0.888895879261662),
(-0.421804616608683,0.175229916504925,-0.889592795479639),(-0.527292536530051,
0.646111032107633,-0.551818009046926),(-0.424172090414334,-0.633471732598869,
-0.647141098765733),(-0.341523309760596,-0.181133098259023,-0.922254102514733),
(-0.379209871026755,0.0754588956407597,-0.922228729103875),(-0.529259944365196,
0.792263027451605,-0.303649809194354),(-0.126412066819134,0.45344964913404,
0.882271729719779),(-0.0968664478383511,0.347665147907716,0.932601649265905),
(-0.0702821390491343,0.253679596400859,0.964731612056211),(-0.0919611216739726,
0.231735316268005,0.968422374428964),(-0.111299420053382,0.203825320084606,
0.972660104038502),(-0.0706868067266297,-0.253391598965969,0.964777732396567),
(-0.38119882765759,-0.568979206222594,-0.728663239554999),(-0.321532200782552,
-0.214644761686712,-0.922249787281289),(-0.368770846256313,0.113601738205859,
-0.922552279292621),(-0.499079328145018,0.74764266745313,-0.438121291450079),
(-0.337932455088747,-0.412241718926911,-0.846084168965403),(-0.323738975977239,
-0.323478100037731,-0.88913159556344),(-0.469055039758107,0.385365813330098,
-0.794657510877455),(-0.442553484832675,0.296847086779067,-0.846184507145597),
(-0.483672316450174,0.484110900709952,-0.729176059750676),(-0.404140344080437,
0.214969691766882,-0.889077394779666),(-0.483839022686543,0.590079115900399,
-0.646302125250981),(-0.337530735182426,-0.504833750903036,-0.794490960777014),
(-0.298422803225002,-0.246491708008201,-0.922055133057959),(-0.357258844826096,
0.147429229681425,-0.922296449103576),(-0.465265853799976,0.693555905171298,
-0.550007174216665),(-0.449115648409826,-0.840719338581141,-0.302466738814552),
(-0.423921801826454,-0.793916787128409,-0.435874340896452),(-0.317482914781443,
0.00705478123759098,-0.94823774913445),(-0.316868422201935,-0.0304434535000904,
-0.947980801045171),(-0.317158750685769,-0.00663191930334357,-0.948349273479869),
(-0.312335504625976,-0.0631732606407892,-0.947869016104044),(-0.304652302293457,
-0.0938147860587689,-0.947832137366128),(-0.392860982656633,-0.736737597838542,
-0.550343492954318),(-0.294550428136206,-0.120738416885133,-0.947977995510893),
(-0.317319567504948,0.0298162550065567,-0.947849820918829),(-0.360007593925334,
-0.672159083003695,-0.646990494096879),(-0.281532574559442,-0.14911523607934,
-0.94789453834851),(-0.311801707539691,0.0634991731634121,-0.948022969227485),
(-0.449578500970082,0.840455600507772,-0.302512074206328),(-0.291073241620657,
-0.353570168830931,-0.8889682242495),(-0.412242789717,0.337933693455473,
-0.846083152623835),(-0.429868884512661,0.429470506182138,-0.794208931231259),
(-0.380809710611685,0.255034061188089,-0.888786584022146),(-0.435189570118569,
0.529265232758152,-0.728346312857747),(-0.296847292132047,-0.442552349272737,
-0.846185029001963),(-0.27353996606827,-0.273460292852269,-0.922168832262575),
(-0.341404222397037,0.181307314509064,-0.922263961474689),(-0.424490676120071,
0.634235397534267,-0.64618350830215),(-0.323737323985832,-0.603475757146565,
-0.728705122525478),(-0.264772306453202,-0.17749789153282,-0.94783443925448),
(-0.304577350466769,0.0934566441420211,-0.94789160416598),(-0.424941972010321,
0.793451877888662,-0.435727481229879),(-0.286596939505749,-0.535339295060916,
-0.794527553600012),(-0.24613470353767,-0.202340533733115,-0.947879747712241),
(-0.295033389103105,0.121135542275208,-0.947777125547999),(-0.393394318012386,
0.736052429157309,-0.550879053955762),(-0.255034993655472,-0.380807630390647,
-0.888787207742896),(-0.246265039243649,-0.298253276977613,-0.922170544540672),
(-0.376736590363479,0.376754164519574,-0.846242188146194),(-0.353571930285422,
0.291073332760391,-0.888967493820781),(-0.385194269293779,0.469280411306822,
-0.794607620443532),(-0.32199427724177,0.214792901792789,-0.922054062820062),
(-0.381373132732733,0.569288893935827,-0.728330068630249),(-0.363198022729572,
-0.881167608522115,-0.302705867099973),(-0.343479881300227,-0.83140118255702,
-0.436799318663355),(-0.251718733845189,-0.0243252416764913,-0.967494683008002),
(-0.24769475707444,-0.0489628338144592,-0.967600097262651),(-0.252454544256575,
0.00499297995305704,-0.967595872890843),(-0.252225363036329,-0.00503876490454716,
-0.967655402035988),(-0.24217655486015,-0.0738088300485002,-0.967420680408963),
(-0.318953268836058,-0.772041276332478,-0.549746377830461),(-0.233765129570588,
-0.0978233003286704,-0.967359533012237),(-0.25151944710492,0.0243208404648184,
-0.967546621330011),(-0.251836315596365,-0.469914269418728,-0.846025442610038),
(-0.225458278738722,-0.225883405784308,-0.94770525562511),(-0.281629144846123,
0.149073325733467,-0.947872443068162),(-0.359753618528574,0.672543208115694,
-0.646732531401543),(-0.29194626248219,-0.705368328053398,-0.645927938397028),
(-0.223178610610202,-0.118335780193316,-0.967568060082669),(-0.247975837642984,
0.0492654810274324,-0.96751273703471),(-0.363379270809218,0.880975360977594,
-0.303047717194106),(-0.126444104876529,0.318460067336368,0.939465312746612),
(-0.261357735458152,-0.633410700039731,-0.728342652321944),(-0.210259041037569,
-0.139590217475953,-0.96762890967921),(-0.242449206887381,0.0735391244815502,
-0.967372926667977),(-0.342445980494108,0.831734617428685,-0.436976288388956),
(-0.214795427198958,-0.321992733322856,-0.922054013679076),(-0.323475872446167,
0.323741010445322,-0.88913166522233),(-0.337662626093079,0.411937490146764,
-0.846340035181788),(-0.298249242618491,0.246265387151071,-0.92217175643631),
(-0.337339293777118,0.504465866968034,-0.794805881922212),(-0.214970674707312,
-0.404140907551455,-0.889076900981782),(-0.202593293356875,-0.245913189379639,
-0.947883252714146),(-0.264436796144013,0.177249357255345,-0.947974602084706),
(-0.322731864143967,0.604110202381501,-0.728625423139175),(-0.232569814818731,
-0.560378198909395,-0.794913552169193),(-0.195679817392197,-0.159922077505633,
-0.967540354812986),(-0.233121967140791,0.0975110716413085,-0.967546246617582),
(-0.318632350524358,0.77189990628925,-0.550130857042186),(-0.204050877575246,
-0.492497400659682,-0.846055287616731),(-0.178887137369308,-0.178896680721621,
-0.967468536806547),(-0.223406161042756,0.118481685860456,-0.967497688536672),
(-0.292607366956751,0.704862077671721,-0.646181383407896),(-0.277003252252772,
-0.911336282338593,-0.30452484091558),(-0.260735553737386,-0.861959092480592,
-0.434791322253898),(-0.186686686904118,-0.00475589892582317,-0.982407991802882),
(-0.186481373949781,0.00459033226334951,-0.982447772667593),(-0.183584076838102,
-0.0368314947865502,-0.982313762360729),(-0.185899130334559,-0.0174190673799433,
-0.982414418375701),(-0.178683204412566,-0.0541180495190498,-0.982417197109818),
(-0.243391859636548,-0.799750398581989,-0.548780195188031),(-0.173115814612836,
-0.0706956671574791,-0.982360950657187),(-0.186056296275258,0.0177808382465593,
-0.982378184004298),(-0.18131153638235,-0.341402210130639,-0.922263876389283),
(-0.177247929328866,-0.264439365725947,-0.947974152286384),(-0.291113364191766,
0.353717006465145,-0.888896669206432),(-0.273458573531134,0.273540492330507,
-0.922169186005422),(-0.29675426420185,0.442862929856136,-0.846055158980346),
(-0.245914904491825,0.20259140678329,-0.947883210973981),(-0.286061942178861,
0.53542056402215,-0.794665580517403),(-0.22154540795915,-0.729736284445371,
-0.646840465165931),(-0.164717181695926,-0.0895756505158536,-0.982264960633745),
(-0.183540064646619,0.0364124598743163,-0.982337608684212),(-0.276597725779739,
0.911529865798,-0.30431398563286),(-0.197991639414569,-0.655245963339634,
-0.72900757077622),(-0.155046013172864,-0.103992481519897,-0.98241859590835),
(-0.178606151875902,0.05448393479939,-0.982410984955308),(-0.261357357678751,
0.861346156677824,-0.435631874365871),(-0.175229684550733,-0.421806207325815,
-0.889592086921676),(-0.159879463454306,-0.195923474060215,-0.967498087583505),
(-0.210447042258,0.140056543678827,-0.967520649380467),(-0.261026822082848,
0.632211998206523,-0.72950187626698),(-0.176292149951191,-0.581409754981283,
-0.794281923927639),(-0.144693695126155,-0.118072124570191,-0.982406589956633),
(-0.173530624074313,0.0707638763602454,-0.982282849443505),(-0.244320471249202,
0.800135105960789,-0.54780591411346),(-0.149074492824601,-0.281627152388666,
-0.947872851508334),(-0.246494036573559,0.298423305380218,-0.92205434804008),
(-0.255765814330998,0.380650667211005,-0.888644427074979),(-0.225885947734599,
0.225457046490642,-0.947704942903517),(-0.252841054776125,0.470278712699742,
-0.845523112280894),(-0.147426646792659,-0.357261944518024,-0.922295661279328),
(-0.140053065113774,-0.21044802645881,-0.967520938849299),(-0.195923355769468,
0.159880110541852,-0.967498004606292),(-0.233389504056294,0.561994736916934,
-0.793530878462851),(-0.154672866017848,-0.51056518043213,-0.845812923197637),
(-0.132071203656419,-0.131872734221448,-0.982429019895944),(-0.164550683499079,
0.0889720389637096,-0.982347722979305),(-0.221500346578932,0.729282973756621,
-0.647366928915985),(-0.187074495323014,-0.933991326968974,-0.304406528094217),
(-0.177100816157351,-0.882406829370717,-0.435882424968383),(-0.12344172849382,
0.00310174171401516,-0.992346975036855),(-0.123300799296516,-0.0125433034605548,
-0.992290067687436),(-0.123433422014167,-0.00309504143226176,-0.992348029195607),
(-0.121289873869697,-0.0235720296222998,-0.992337203734778),(-0.118584444252571,
-0.0364526985856394,-0.992274624459949),(-0.162943517134293,-0.819686854142936,
-0.549147404044819),(-0.114245640051904,-0.0468067492955245,-0.992349264094813),
(-0.123166612049258,0.0124110626057956,-0.992308395208517),(-0.148444570541978,
-0.747734582505514,-0.647191782705802),(-0.109198249866684,-0.058760097623764,
-0.992281710580871),(-0.1213683436039,0.0238508854778441,-0.992320946283393),
(-0.18640725113084,0.934295715320109,-0.303881314101952),(-0.133777552337996,
-0.437517644720266,-0.889202944804439),(-0.11789937842145,-0.144938589829554,
-0.982391236598768),(-0.154619070958237,0.104301940510502,-0.982453076793877),
(-0.198820922003872,0.654806053971915,-0.729177120222007),(-0.134135633958378,
-0.671479877145365,-0.728781453037487),(-0.10238766391167,-0.0692306541724642,
-0.992332546479034),(-0.118616384121936,0.0361200090945309,-0.992282972927001),
(-0.177018939344772,0.882606601856545,-0.43551105780737),(-0.12113437669386,
-0.295033086884122,-0.947777368598035),(-0.118481830677165,-0.223404169879454,
-0.967498130582101),(-0.214647748318994,0.321531221358107,-0.922249433631461),
(-0.202341946565884,0.246135017614069,-0.947879364562839),(-0.214506420990939,
0.403758465517622,-0.889362747632547),(-0.178898896704587,0.178885121240177,
-0.967468499826619),(-0.203233811314985,0.492382408671694,-0.846318841553847),
(-0.119024921366353,-0.596159005323951,-0.793994652667693),(-0.0959479016229574,
-0.07860147627896,-0.992278090104241),(-0.114109452860373,0.0470243612046312,
-0.992354645387022),(-0.163266468510977,0.819642922042404,-0.549117055467907),
(-0.11359987973928,-0.368772289654088,-0.922551931170545),(-0.10429946024858,
-0.154620113287712,-0.982453176064259),(-0.144939011216679,0.117899713105332,
-0.982391134262322),(-0.176728501703717,0.581765200493812,-0.793924611143876),
(-0.1044363007743,-0.522648445907355,-0.846127449661814),(-0.0874196141905317,
-0.0873565847006685,-0.992333934804314),(-0.109383285338427,0.0586749035726123,
-0.99226637178699),(-0.147749855315379,0.747203524656518,-0.64796363554999),
(-0.0975139745352147,-0.233119909515279,-0.967546449819301),(-0.177498334545604,
0.264772734149275,-0.947834236818155),(-0.181133605157669,0.341522295405787,
-0.922254378587246),(-0.159924010406257,0.195679209719329,-0.967540158225589),
(-0.174871130821875,0.422294792392072,-0.889430826946995),(-0.0934564467607052,
-0.304577585301347,-0.947891548169338),(-0.0889732128497219,-0.164549269281,
-0.982347853549997),(-0.131873645505086,0.132070648153092,-0.982428972250727),
(-0.154988268738663,0.510043637841173,-0.846069810388678),(-0.0891375912250405,
-0.449188296614155,-0.88897939459555),(-0.0784872691469299,-0.0959293958925899,
-0.992288919410844),(-0.102293807637659,0.0692356807954932,-0.992341875274733),
(-0.134325663329293,0.672030682058267,-0.728238545082204),(-0.091374622822106,
-0.949211988126388,-0.301076867097538),(-0.0879067011869177,-0.895492289972548,
-0.436309489337737),(-0.0817172711615404,-0.830811687519002,-0.550521777476368),
(-0.0744160233261108,-0.759020020924007,-0.646800481840302),(-0.0926372815978801,
0.948836654769105,-0.301873047198204),(-0.0668508349497812,-0.682053656960667,
-0.728240190385767),(-0.0875150465535984,0.895909358540191,-0.435531328272519),
(-0.075459551066871,-0.37921116649512,-0.922228142792334),(-0.0692332204712041,
-0.102295723410716,-0.992341849442552),(-0.0959280051149905,0.0784877190447541,
-0.992289018277342),(-0.119164884302919,0.595956065536534,-0.794125996488773),
(-0.0587155389065334,-0.60493389620277,-0.794107969180421),(-0.0806583369688861,
0.830579784516432,-0.551027634724476),(-0.0735407422759531,-0.242448320013262,
-0.967373025956507),(-0.0707689046811553,-0.173528138016027,-0.982282926374535),
(-0.149114082560251,0.281532168079582,-0.947894840538034),(-0.139587611694862,
0.210259789983999,-0.967629122844703),(-0.147877944695233,0.357146409969403,
-0.922268158031427),(-0.118070772615399,0.144693896118475,-0.982406722839405),
(-0.134105895181224,0.437723524291902,-0.889052149853494),(-0.0522543233572373,
-0.530493072956729,-0.84607717451507),(-0.0747537267876165,0.759129460855523,
-0.646633081424516),(-0.0635007857734282,-0.311801746151665,-0.94802284851312),
(-0.0586766561423831,-0.109381607372114,-0.992266453122669),(-0.0873575290827785,
0.0874187807059311,-0.992333925093988),(-0.104245641922299,0.522859813605394,
-0.846020367046054),(-0.0448167294059498,-0.45553458743296,-0.889089253347288),
(-0.0676203110506668,0.682308426662381,-0.727930425548292),(-0.0544830285726463,
-0.178606995738638,-0.982410881795784),(-0.118336610126851,0.223178256100782,
-0.967568040350393),(-0.120739613378105,0.294550094071588,-0.947977946918453),
(-0.103992573496494,0.155046220429409,-0.982418553462897),(-0.112795182847509,
0.369038255355008,-0.92254431482229),(-0.0492626170223094,-0.247976696196317,
-0.967512662815155),(-0.0470270432620993,-0.114108442829964,-0.992354634431132),
(-0.0786019463097377,0.0959475977035876,-0.992278082258815),(-0.0893138899591008,
0.44888290434964,-0.889115947018726),(-0.0378763432103443,-0.384395130138313,
-0.922391330483414),(-0.0584950531665158,0.604385808094009,-0.794541455010119),
(-0.0223001021960409,-0.952757365457623,-0.302912706911242),(-0.0207863408163555,
-0.900144809318817,-0.435094530294116),(-0.0198708206786606,-0.834996062822239,
-0.549897013591559),(-0.0189631367873372,-0.762264768324638,-0.646987497880887),
(-0.0217849364271604,0.952544911145235,-0.303617537036617),(-0.0165835835817317,
-0.683826238353003,-0.729456414390586),(-0.0211523945719625,0.900129292397657,
-0.435108989991663),(-0.0298140256633712,-0.317320022210155,-0.947849738818496),
(-0.0521547920719496,0.530846041459458,-0.845861902399414),(-0.013862780992134,
-0.607209039772223,-0.794421176279975),(-0.0203423384041982,0.834947010731057,
-0.549954251315071),(-0.0364102561951911,-0.183539819719004,-0.982337736128118),
(-0.036119566386192,-0.118616010290131,-0.99228303372925),(-0.0978246446576006,
0.233764968365264,-0.967359436023033),(-0.0895765423415259,0.164716568151161,
-0.982264982190977),(-0.0938145340489132,0.30465271177356,-0.947832030694364),
(-0.0692289844816222,0.10238912950494,-0.992332511745365),(-0.076067558729095,
0.379022787885006,-0.922255633093598),(-0.0127568190792141,-0.533013094233933,
-0.846010818454557),(-0.0189939381622311,0.762609337543277,-0.646580411553655),
(-0.0243183483705305,-0.251517723089058,-0.967547132136014),(-0.0445466872590719,
0.455438613740758,-0.889151990251464),(-0.0108490583344353,-0.457516010069412,
-0.889135196954559),(-0.0160669201665025,0.68377743353069,-0.729513725347609),
(-0.0100462710282546,-0.385551337728936,-0.922631691637489),(-0.013869978070358,
0.606813808346931,-0.794722986774525),(-0.0238505967628815,-0.121367843489908,
-0.992321014390335),(-0.0706977568726407,0.17311452388297,-0.982361027725525),
(-0.0738085195851315,0.242176998466704,-0.967420593046431),(-0.0587557828033282,
0.109199679296708,-0.992281808776451),(-0.0631714294354482,0.312334681340291,
-0.947869409431036),(-0.0177777376397081,-0.186057403809621,-0.982378030359005),
(-0.0377350351814466,0.384700275014965,-0.922269898415461),(-0.00705229571857121,
-0.317483397339038,-0.948237606056183),(-0.0129599242812499,0.533351936368564,
-0.845794154824049),(0.0217825740338298,-0.95254216646046,-0.303626317343002),
(0.0203402025295058,-0.834947534713158,-0.549953534798604),(0.0211501427855519,
-0.900128754872952,-0.435110211453397),(0.018992193461679,-0.76261178322113,
-0.646577578237757),(0.020788553762928,0.900145349534797,-0.43509330693924),
(0.0222998121806111,0.952759467728778,-0.302906115867415),(0.0198729087121665,
0.834995542898067,-0.549897727618218),(-0.00499516613974177,-0.252452639506568,
-0.967596358571798),(-0.0109611630913156,0.457163190278589,-0.889315281752196),
(-0.0124113213624088,-0.123166130096017,-0.992308451792692),(-0.0541175102663807,
0.17868302593722,-0.98241725927657),(-0.0468060937947696,0.11424490762712,
-0.992349379334187),(-0.0489623399397814,0.247695417267739,-0.967599953251436),
(-0.0304448429936271,0.316867501187937,-0.947981064276078),(0.0138699686643532,
-0.606813545769744,-0.794723187430442),(0.016066210550368,-0.683779351648158,
-0.729511943108662),(0.0129600825911572,-0.533351208446667,-0.845794611420356),
(0.0189650805617442,0.762262151826209,-0.646990523587915),(0.0165847717307406,
0.68382433411949,-0.729458172490154),(-0.00458811036643831,-0.186481625864594,
-0.9824477352298),(-0.0100666896340378,0.386162988369175,-0.922375632903212),
(0.0100666019145382,-0.386161365690242,-0.922376313211772),(0.0109620300547806,
-0.457163205515829,-0.889315263233219),(0.012756829033652,0.533013653219938,
-0.846010466125651),(0.0138630347945681,0.607209490053801,-0.794420827681958),
(-0.0364541765391979,0.118583750752647,-0.992274653042334),(-0.036829250268385,
0.183583665823383,-0.982313923329766),(-0.0243237075249643,0.251718361158366,
-0.967494818543224),(-0.00310157620357574,-0.123441710468772,-0.992346977796374),
(-0.00663324759040657,0.317157994627782,-0.948349517040046),(0.00504133783891202,
-0.252225277969132,-0.967655410808097),(0.00662957204866544,-0.317157687320661,
-0.948349645514702),(0.0100455373944914,0.38555394368871,-0.922630610637073),
(0.010848417863355,0.457516172438226,-0.889135121220244),(-0.0235730271309811,
0.121289748167021,-0.99233719540359),(-0.0174190279651203,0.185899211174784,
-0.98241440377742),(-0.00503731358482753,0.252224200565461,-0.967655712596666),
(0.00705595669975236,0.317481210635562,-0.948238310957973),(0.0926357400430023,
-0.948837065809218,-0.301872228290776),(-0.0125451791331807,0.123300477994273,
-0.992290083900318),(-0.00309671743442022,0.123433747660233,-0.992347983461286),
(0.0875122937128879,-0.895908823838387,-0.435532981320161),(0.0806576598595686,
-0.830580192625776,-0.551027118682654),(0.0747541625468661,-0.759131186443202,
-0.646631005250485),(0.0913786813907805,0.949210450152936,-0.301080484103075),
(0.087910446544097,0.895492608902709,-0.436308080132647),(0.0676225099762623,
-0.682308643887648,-0.727930017667021),(0.0817189978233031,0.830811356952683,
-0.550522020043883),(0.00309520118297095,-0.123433733204512,-0.992347989989819),
(0.00475314657263155,-0.186685773694092,-0.982408178659918),(0.0584984503569797,
-0.604385627658337,-0.794541342150219),(0.0521550106470175,-0.530844515174533,
-0.84586284678636),(0.0744159828224557,0.759018094752098,-0.646802746855224),
(-0.00475618540824534,0.18668743987069,-0.982407847329656),(0.0445484704922095,
-0.455438714473187,-0.889151849312487),(0.0668489817492031,0.682053270473736,
-0.728240722477929),(0.0587117089435693,0.604935537945392,-0.794107001709244),
(0.0522530366548425,0.530493283225334,-0.846077122142629),(0.00499194722809219,
0.252454114313616,-0.967595990395268),(0.0377344329133287,-0.384700206035181,
-0.922269951830373),(0.0304406237749842,-0.316868277496762,-0.947980940283308),
(0.0448147142335788,0.455535647333616,-0.889088811872305),(0.0378773126105104,
0.384395234430007,-0.922391247213949),(0.00459018621245122,0.186482065610424,
-0.982447642063537),(0.0243225083110536,-0.251717174817154,-0.967495157347844),
(0.0174170040404785,-0.185899670348973,-0.982414352773002),(0.0298178809119707,
0.317317778932695,-0.947850368545131),(0.00310315661135353,0.123441805038246,
-0.992346961091707),(0.0125435348441614,-0.123300919406468,-0.992290049837815),
(0.0243182602254701,0.251520239418598,-0.967546480218091),(0.0177811513019854,
0.186056212021282,-0.982378194295185),(0.0124128009857084,0.123165985425588,
-0.992308451241766),(0.186406191620184,-0.93429675001713,-0.303878782795191),
(0.177017201123636,-0.882605418544239,-0.435514162413467),(0.163262202356145,
-0.819641656668722,-0.549120212644894),(0.147750219314618,-0.74720338630003,
-0.647963712096789),(0.134328092995706,-0.672029342205459,-0.728239333356167),
(0.11916673311245,-0.595956081016797,-0.794125707440835),(0.104246256399707,
-0.522860688185765,-0.846019750819421),(0.089312214107786,-0.448883152840409,
-0.88911598990639),(0.0760666613075219,-0.379022855356358,-0.922255679383456),
(0.0631759544285601,-0.312336297704448,-0.947868575235153),(0.048959596032018,
-0.247694661295718,-0.967600285614872),(0.036827235625983,-0.18358402363078,
-0.982313931991032),(0.0235716924381557,-0.121289760784134,-0.992337225566253),
(0.0238521475392224,0.121367665310866,-0.992320998908497),(0.123433435147988,
0.00309511410399004,-0.992348027335295),(0.123300838027489,0.0125436278741638,
-0.992290058773882),(0.036120685850832,0.118615465557731,-0.992283058095919),
(0.0470234040661925,0.114109748736941,-0.992354656719673),(0.058673611588557,
0.109384042289079,-0.992266364740666),(0.0692342266243899,0.102295107458477,
-0.992341842740586),(0.0784877911938135,0.0959283812966254,-0.992288976203669),
(0.087420180060937,0.0873558330443411,-0.992333951122928),(0.0959472825787096,
0.078601725953961,-0.992278130184688),(0.102388213666626,0.0692305687998793,
-0.992332495711897),(0.109199250709321,0.0587572115225667,-0.992281771342503),
(0.114245010860927,0.0468074402468093,-0.992349303940366),(0.118584366289648,
0.0364535778602951,-0.99227460147525),(0.121289781838381,0.0235714745797498,
-0.992337228167791),(0.0492648693814176,0.247976080287901,-0.967512705988857),
(0.0364113508120287,0.183539848416783,-0.982337690193748),(0.0634978971125165,
0.311802345522608,-0.948022844866562),(0.0754619090433848,0.3792093702887,
-0.922228688432959),(0.0891388841278301,0.449187944800392,-0.888979442722072),
(0.104436398691108,0.522647361366108,-0.846128107490513),(0.119022882648859,
0.596158995453496,-0.793994965693004),(0.134132557678838,0.671482431264544,
-0.728779665930376),(0.148445184357282,0.747734573284915,-0.647191652569436),
(0.162944982898415,0.819687292263067,-0.549146315157151),(0.17710039498071,
0.882409513316364,-0.435877162634674),(0.187076565729932,0.933989800063251,
-0.304409940594098),(0.922745164299209,0.0914342204248831,0.374407725745236),
(0.909347963712641,0.180466224540358,0.374857603219971),(0.927241175144068,
-0.0226751824590473,0.373777526368154),(0.927197766817046,0.0229677973725044,
0.37386733140693),(0.887624470792217,0.267887018219315,0.374645624984999),
(0.847243411311578,0.0834081451923618,0.524615748243122),(0.835696247225432,
0.165844856987823,0.523552543479657),(0.850181223225967,0.0209538206549772,
0.526073022568119),(0.922528086068374,-0.0916118604757338,0.374898916289708),
(0.849841994562269,-0.0212421021792689,0.526609302399256),(0.814709204896567,
0.247012445446603,0.524627261254401),(0.856533920858896,0.353624846546109,
0.375897739183582),(0.78486904259851,0.324828674476267,0.527699647724432),
(0.761971644414911,-0.0182643570119047,0.647352783550499),(0.759276340675083,
0.0740180128921214,0.646545259249928),(0.761527059993414,0.0179403778156166,
0.647884773506539),(0.847006457285417,-0.0835252591080284,0.524979611421),
(0.909124334510057,-0.180753124035912,0.37526157883922),(0.748522281752265,
0.148783388574894,0.64620267486645),(0.729223223418666,0.222387655347096,
0.647129987851059),(0.702953798614431,0.29222139654074,0.648430884842264),
(0.836122276615739,-0.165138760424307,0.523095333904286),(0.888120804428445,
-0.267429348492529,0.373795372237583),(0.759872118336445,-0.0737247887369298,
0.645878486482233),(0.817033211978034,0.437960860648536,0.375029352271059),
(0.672268673947751,0.0658921406987478,0.737369009263793),(0.661378625971658,
0.131376283465168,0.738456894646344),(0.674596060770579,-0.0161838884060629,
0.738009645295289),(0.674988297755822,0.0161467586422468,0.737651733596584),
(0.644863368598286,0.197075093016131,0.738452871585421),(0.748683935810235,
0.400123508954333,0.528557983424494),(0.671266512831863,0.358675131937943,
0.648655084370614),(0.622707630963639,0.259427892639545,0.738195350066808),
(0.814768421000519,-0.246596717104294,0.524730863637451),(0.748384775890018,
-0.148528028386993,0.646420646328318),(0.85659724881288,-0.354156860816675,
0.375252010337964),(0.671961752776823,-0.0655159702243423,0.737682221861597),
(0.595806001452312,0.317414621878777,0.737741937570964),(0.729112709003365,
-0.222155951150055,0.647334064404453),(0.784557706500327,-0.325354218220101,
0.527838837011198),(0.66167813297415,-0.131649637810674,0.73813983851853),
(0.81710906850089,-0.437275298916507,0.375663523822964),(0.7699005165938,
0.514879504477234,0.377030887883046),(0.706404145033594,0.472647360164066,
0.526875371230518),(0.588935600164688,-0.013651858920615,0.808064654348073),
(0.578422600163106,0.116100118971707,0.8074330052675),(0.586802595432211,
0.0574373588838907,0.807690326671345),(0.564229138885413,0.171673273369377,
0.807572762073653),(0.588490564567194,0.013528183720184,0.80839089780911),
(0.633885621769429,0.423106627500006,0.647433240017498),(0.545809924740235,
0.22665634127695,0.806671202544138),(0.586980040805109,-0.05727007708928,
0.807573259814006),(0.561894503234393,0.375388838814563,0.737128066843495),
(0.521262337707871,0.2774065947174,0.807050900807763),(0.702764412446991,
-0.292452536992035,0.648531953110221),(0.644637110886413,-0.197125204513792,
0.738637021150046),(0.748516173588032,-0.400646386502581,0.528399480374039),
(0.57776707877583,-0.115916548915662,0.807928558952044),(0.769280501029377,
-0.515572837080904,0.377348857690518),(0.716748231872408,0.587644353270312,
0.375427870805156),(0.65728806563072,0.538943371374556,0.526794496204026),
(0.509336338611367,0.0122154892437885,0.860480839991514),(0.508968118362723,
-0.0121060515545007,0.860700237019875),(0.50023274441321,0.0995306334567794,
0.860151646176719),(0.507220103852897,0.0493309651729721,0.860403522844113),
(0.488241488419075,0.148124938591365,0.860046075250408),(0.588893557865649,
0.484160519112121,0.647142155354926),(0.471396877048029,0.195560861792624,
0.859965658409853),(0.506882907876792,-0.0496882792412851,0.860581659465508),
(0.491144138826865,0.327902240323358,0.807005300903867),(0.622174553166938,
-0.259441224558591,0.738640018135397),(0.670789446702414,-0.359147907591467,
0.648886969098117),(0.563798240354982,-0.172296868182992,0.807740882577426),
(0.706407870449141,-0.4724197669654,0.527074458068181),(0.521561020286943,
0.427883764594161,0.738166367503946),(0.450068194340619,0.241231715044876,
0.859794091686773),(0.5006045223469,-0.0994737963019118,0.859941902720828),
(0.716883368100462,-0.587623263819289,0.375202793645389),(0.456489469611708,
0.374736276282873,0.806963498165355),(0.424021845352839,0.282345758351784,
0.860515163959549),(0.595827468630613,-0.317563529732153,0.737660512844013),
(0.546582095366998,-0.226105415544935,0.806302892271554),(0.634386784082794,
-0.422808499482903,0.647137065038085),(0.489064141596123,-0.148082225109967,
0.859585900309753),(0.658122931083628,-0.538561119861614,0.526142687638343),
(0.655584183367019,0.656022042123505,0.373957830198948),(0.600737337653246,
0.599863032576213,0.528468535768932),(0.440454992848684,-0.0102147490684465,
0.89771658009426),(0.438470348425787,0.042100894736613,0.897759025693279),
(0.440066597285832,0.0102305902430501,0.897906857628645),(0.432397466515128,
0.0860683000624611,0.897565974553212),(0.421248964559035,0.128876535308261,
0.897741693642932),(0.538246613640285,0.537320376580245,0.649289916613857),
(0.406162989440654,0.168303208945969,0.898167944132455),(0.438898002339823,
-0.0422975357143459,0.897540785710937),(0.477729252912277,0.479024039062666,
0.736417497695409),(0.388449646169637,0.206698336240701,0.897988123633052),
(0.43251309001972,-0.0857310527501167,0.897542541362776),(0.656020229501967,
-0.655583373187674,0.373962430310931),(0.39425824031198,0.323769778118834,
0.860077653891195),(0.52194924170431,-0.277689932829269,0.806509324366167),
(0.562651313399745,-0.374652833510236,0.736925202359299),(0.471341466452904,
-0.195567756914346,0.859994461876073),(0.588992307420884,-0.483417386988587,
0.647607668080104),(0.417879770682265,0.417925914726574,0.806668722000856),
(0.36632982769271,0.245362930442684,0.897551942623494),(0.420847693099811,
-0.128630476709651,0.897965155044457),(0.599861858400296,-0.600736129773777,
0.528471241621497),(0.587623177375586,0.716887902787923,0.375194264678119),
(0.538561250602836,0.658125089292183,0.52613985421489),(0.369127587374667,
0.035856210192825,0.928686791350865),(0.363626633121162,0.0723708343540209,
0.928729311489559),(0.370529936294219,-0.00916712136788345,0.928775285090871),
(0.370864152096173,0.00935919104389219,0.928639965881821),(0.354577315229375,
0.108598862783936,0.928698667236453),(0.483416671260143,0.588986365206009,
0.6476136066739),(0.342865000064105,0.141660650464523,0.928641939522984),
(0.368867588504989,-0.0360145446082673,0.928783965584663),(0.429015037739983,
0.520454411004167,0.738290798709605),(0.327631672076994,0.174930923869309,
0.928470063774952),(0.363489162471581,-0.0723524829831717,0.928784553581657),
(0.587642563793386,-0.716749373705573,0.375428491874292),(0.360377803006063,
0.359882432746129,0.860588446181594),(0.339744670360969,0.279023950575602,
0.898175480608606),(0.490406775260916,-0.328008838787572,0.807410302420905),
(0.449025021004538,-0.240642193585875,0.860504424845132),(0.52045483821331,
-0.429014456673745,0.738290835203369),(0.405622480804667,-0.16890316293235,
0.898299573982597),(0.537322940468189,-0.538248711270057,0.649286055958961),
(0.374628141703525,0.456780903024229,0.80684878513643),(0.308040220544798,
0.205618679603544,0.928887604139924),(0.354438466633663,-0.108656331564322,
0.928744946140415),(0.538944110471913,-0.657288635443137,0.526793029096757),
(0.310905622180789,0.311101946150796,0.898083110406584),(0.424385214434173,
-0.282975644595913,0.860129045164264),(0.456782470792463,-0.374624886391985,
0.806849409042682),(0.389372252738471,-0.206785678241457,0.897568343955818),
(0.479023362989228,-0.477731640516764,0.736416388573511),(0.515572248968252,
0.769279790402316,0.377351109939254),(0.472419107065675,0.706415850711965,
0.527064353890643),(0.3085605274338,0.00760622664486378,0.951174298552059),
(0.308868554303898,-0.00752998545403836,0.951074926323517),(0.303245485550909,
0.0601643197331656,0.951011267085747),(0.307543156153514,0.0298842791207095,
0.951064738577017),(0.295849261568832,0.090133082426271,0.950972787140366),
(0.422807420938823,0.634388064985686,0.647136514039177),(0.285900147115752,
0.118427127794037,0.950913309025405),(0.307553540471327,-0.0300792462515466,
0.951055234299507),(0.32340841867595,0.394792530018307,0.859968518593132),
(0.286408738607772,0.236211364337975,0.928533373555683),(0.343101154647349,
-0.141772582907222,0.928537631125131),(0.484159706527669,-0.588892599364252,
0.647143635516147),(0.374653564082286,0.562649262990866,0.736926396444228),
(0.272795429318473,0.14532245221064,0.951033142759197),(0.303341340683696,
-0.0600466151902723,0.950988136117591),(0.514881293978179,-0.769900617453469,
0.377028238141553),(0.328009529928376,0.490408018976937,0.80740926623323),
(0.256974216165585,0.172706680123389,0.950861007122934),(0.295986341253159,
-0.0903081092662382,0.950913524560633),(0.472651547656293,-0.706404143864165,
0.526871616268752),(0.279356316123116,0.339330803340425,0.898228620422698),
(0.262271400126495,0.261975776787696,0.928753145379423),(0.394793936104932,
-0.323408921389789,0.859967684032527),(0.366273933104057,-0.244695081877123,
0.897757051118861),(0.417928627727977,-0.417879507419847,0.806667452798212),
(0.327628869995074,-0.17437579073175,0.928575471974372),(0.427883298961555,
-0.521563719928164,0.738164729938022),(0.28297450112201,0.42438060079155,
0.860131697698993),(0.239228921364434,0.195753046587042,0.95102590287263),
(0.286092226795808,-0.118124705142153,0.950893154777179),(0.42310825987648,
-0.633882342692495,0.647435383684713),(0.437276676726743,0.81711001216329,
0.375659867451027),(0.400648945512444,0.748517345640069,0.528395879748993),
(0.252470567160718,-0.00695207810570595,0.967579599478801),(0.251398285976388,
0.0242415857230792,0.96758009866355),(0.252727896768853,0.00718646287026017,
0.967510705339329),(0.247960567812039,0.0492958633697065,0.967515103068147),
(0.24139010213903,0.0736082323136391,0.967632495695019),(0.359147015139464,
0.670791538957878,0.648885300171713),(0.233315378835675,0.0970739308557003,
0.967543583487063),(0.251397941913488,-0.0246725497859295,0.967569294721946),
(0.317563220919513,0.59582745499106,0.737660656805079),(0.222506216350375,
0.118920376864426,0.967651242779062),(0.248143940959271,-0.0488623059115269,
0.967490082443335),(0.437965662355779,-0.817033074743946,0.375024043724821),
(0.23560905018041,0.286541203554959,0.92864552663455),(0.339330528563414,
-0.279358056365446,0.898228182996166),(0.35988205896527,-0.360376735918565,
0.860589049339811),(0.307873048610416,-0.206320141192672,0.928787481223538),
(0.374737333727889,-0.456492036463223,0.806961555067013),(0.244696342386824,
0.366271923243091,0.897757527546451),(0.21885192450097,0.219348934677289,
0.950783824009517),(0.272671275321658,-0.145746799670576,0.951003809666526),
(0.375392016625357,-0.561893989405257,0.737126840187083),(0.277689728700743,
0.52194929100126,0.806509362746267),(0.209965884899426,0.139813503607036,
0.967660328517981),(0.241325773166691,-0.0739702648048767,0.96762093359445),
(0.400127123561086,-0.748683590916101,0.528555735645451),(0.240640601494129,
0.44902516595413,0.860504794438945),(0.195191652959703,0.160515312340156,
0.967540724269114),(0.23322862654663,-0.0967279225826046,0.967599150863634),
(0.35867581502212,-0.671265421343348,0.648655836192781),(0.206323452573228,
0.307873137520197,0.928786716158092),(0.19636180352505,0.239142589809331,
0.950922112402312),(0.311102437483641,-0.310906446858846,0.898082654711327),
(0.286541376206287,-0.235608177630625,0.928645694737978),(0.323769808129975,
-0.394257109433739,0.860078160985635),(0.256827892889656,-0.172145621834274,
0.951002270405886),(0.327904137431318,-0.49114587170453,0.807003475434289),
(0.354158267674993,0.856596789477248,0.375251731101562),(0.325354123659357,
0.784558724801228,0.527837381734302),(0.197307282590665,0.0194711218604858,
0.980148311047967),(0.194411858684265,0.0387779416432866,0.980153202537664),
(0.197704405649946,0.00543037062826139,0.980246641953668),(0.197519146637875,
-0.00558285477054563,0.980283131775742),(0.189484231085721,0.0584586604698662,
0.980141985217408),(0.292452069741321,0.702764437798749,0.648532136342853),
(0.18327026863944,0.0755245372773407,0.980157157246669),(0.19716374489921,
-0.0191936138339247,0.980182668121261),(0.206787409929422,0.389371861444183,
0.897568114746827),(0.178599666827994,0.178376075903628,0.967617762628484),
(0.222333714264732,-0.119073692203051,0.967672039136391),(0.31741668840623,
-0.595804955429243,0.737741893216848),(0.259441117391749,0.622175988971591,
0.738638846361159),(0.174913760000665,0.0939155484702755,0.980094406839442),
(0.194261163509581,-0.0388973951290159,0.980178347549098),(0.353626116823103,
-0.856537246023091,0.375888967217437),(0.226105583365096,0.546582842291774,
0.80630233888001),(0.164799559934368,0.110182684476156,0.980153498737349),
(0.189249098398337,-0.0583040478900881,0.980196621477062),(0.324821089365635,
-0.784868417353011,0.527705246652999),(0.17214681318947,0.2568261679772,
0.951002520580706),(0.261972901185061,-0.26227315883538,0.928753459858532),
(0.279021725295754,-0.339744040761576,0.898176410055384),(0.239143513092744,
-0.196361151114206,0.950922014930123),(0.282346222314673,-0.424021040605405,
0.860515408269104),(0.174376777313697,0.327630736042445,0.928574628306188),
(0.160183763900532,0.195225332014048,0.967588875257805),(0.210263745659715,
-0.140077123103294,0.967557521207009),(0.277403931439833,-0.521262397850655,
0.807051777402608),(0.195569667387182,0.471338088283092,0.859995878903909),
(0.153171795809888,0.125444352869104,0.98020513939768),(0.183261345373455,
-0.0757480411922556,0.980141578317871),(0.292220524847705,-0.702954760435046,
0.648430234982484),(0.168905577754225,0.40562157611302,0.898299528439763),
(0.140064001885372,0.13997618494078,0.980198318211819),(0.175098341060543,
-0.093583095688727,0.980093248195885),(0.259427853532534,-0.622706873343743,
0.738196002902997),(0.267426511316797,0.888121303640633,0.373796215958094),
(0.246596414050034,0.814767962630142,0.524731717784613),(0.148004421838768,
-0.00295542107237684,0.988982283260148),(0.147795822389699,0.0138356887021372,
0.988921113437412),(0.147658465052636,0.00280213916504789,0.989034441116385),
(0.145649161811224,0.028851652705015,0.988915519040872),(0.142238018420856,
0.0428863181761657,0.988902983021591),(0.222155067593508,0.729114005134874,
0.647332907752036),(0.137570871361113,0.0564939385146732,0.988879512511026),
(0.148043028083721,-0.0136294786504352,0.988887000191387),(0.145746489990473,
0.272669647801514,0.951004323766856),(0.140076992832007,0.210264699317644,
0.96755733282323),(0.236208669520995,-0.28640955258052,0.928533808018721),
(0.219348230449695,-0.218853092598884,0.950783717602743),(0.245361870277495,
-0.366327408158768,0.897553219951669),(0.195224758467977,-0.160183396587582,
0.967589051787372),(0.241228959898181,-0.450069499510487,0.859794181485791),
(0.197124159367748,0.644637417283466,0.73863703267008),(0.131156817360428,
0.0703472685457163,0.988862554184372),(0.145629285278945,-0.0290329140462792,
0.988913141368404),(0.267881661667658,-0.887624595589349,0.374649159410532),
(0.172292679816301,0.563802674511613,0.80773868094531),(0.123416358158289,
0.0832423815433965,0.988857476309872),(0.142449957287147,-0.0428842961268591,
0.988872563485606),(0.247011318481214,-0.814711451316703,0.524624303321532),
(0.141772734983307,0.343101168312016,0.928537602856386),(0.12553500854983,
0.15342830580688,0.980153414831385),(0.164609596693533,-0.110336849312575,
0.980168077607186),(0.226653260331104,-0.545806886589815,0.806674123876807),
(0.148081079624837,0.489066401450512,0.859584811888501),(0.114642338818691,
0.0950561430771253,0.988848554538804),(0.137723149355354,-0.0564435971716281,
0.988861190698659),(0.222392343972655,-0.729227943842844,0.647123057278202),
(0.119073271329178,0.222331785518847,0.967672534074916),(0.195753738534695,
-0.239230238114268,0.951025429219156),(0.205623002344894,-0.308038441601736,
0.928887237183419),(0.178374235655982,-0.178599506479347,0.967618131464824),
(0.206697380513138,-0.388450670264572,0.897987900620054),(0.118122463156088,
0.286093188337702,0.950893143988696),(0.110336007321855,0.164611493277181,
0.980167853874697),(0.153427968663964,-0.125534419745238,0.98015354301807),
(0.195560199335095,-0.47139664511679,0.859965936190877),(0.128630834049412,
0.420848067124909,0.897964928562904),(0.105086611208994,0.105018851774104,
0.988902343468079),(0.131049712092674,-0.0704072520044557,0.988872485119092),
(0.197073573229294,-0.644861430623178,0.738454969533868),(0.180752800368236,
0.909123792182327,0.37526304860333),(0.16513854357609,0.836126144762913,
0.523089219416226),(0.0961121467908897,0.00931722927334388,0.995326903322679),
(0.0947481266142685,0.0186168168899036,0.995327185719336),(0.096234070204236,
-0.00251151832163241,0.995355562604463),(0.096365362846001,0.00261316851008254,
0.995342598402126),(0.0923624303757088,0.0277831604301106,0.995337770534007),
(0.148527095509264,0.748384183192159,0.646421546861943),(0.0891222273932976,
0.0371902922003707,0.995326132858225),(0.0959575570487284,-0.00946586707913018,
0.995340416443379),(0.131647564097471,0.661676549440537,0.738141627865322),
(0.0850385887556198,0.0451257051883229,0.995355267808288),(0.092410617717253,
-0.0278407966095749,0.995331687316977),(0.0948208384968017,-0.0185245832279682,
0.995321982276586),(0.18046941985778,-0.909345137013491,0.37486292199431),
(0.108656823472388,0.354437803407253,0.928745141698589),(0.0949161777984928,
0.114419649458546,0.988887790909519),(0.123375494079488,-0.0830452991872761,
0.988879146176891),(0.171674584397778,-0.56422800742239,0.807573273896561),
(0.115915971685665,0.577765836759742,0.80792952996006),(0.0803728274766208,
0.0536985048784017,0.995317376105349),(0.0890409023075179,-0.0370876966855554,
0.995337239567988),(0.165848476051256,-0.835699248197603,0.523546606858871),
(0.0967292892569366,0.233226273812331,0.967599581336962),(0.093579737731868,
0.175101833473994,0.98009294487823),(0.172708524568662,-0.256973585019838,
0.950860842680657),(0.160517277144084,-0.195190879885661,0.967540554265149),
(0.174932191886822,-0.327632793443465,0.928469429169375),(0.139978002906494,
-0.140062482905548,0.980198275648679),(0.168303397317317,-0.406164016163533,
0.898167444536574),(0.0994714534620482,0.500608492253556,0.859939862682135),
(0.0745766042740577,0.0611932636031146,0.995335980754514),(0.148779341825303,
-0.74852340473326,0.646202305793285),(0.0903104095951697,0.295983826291787,
0.950914088912572),(0.0830453463586186,0.123374357465742,0.988879284022116),
(0.114419805224533,-0.0949170376821596,0.988887690352157),(0.148126442148078,
-0.488241507862834,0.860045805254801),(0.0857281978881698,0.43251358030563,
0.897542577785618),(0.0683890255836625,0.0685908220412264,0.995298066064345),
(0.0849622629549801,-0.0453109524777132,0.995353370145061),(0.131373513002308,
-0.661377605705555,0.73845830129576),(0.075748680831057,0.183261379655745,
0.980141522474702),(0.139813964667872,-0.209965911081875,0.967660256219821),
(0.145321779019148,-0.272795034998568,0.951033358732931),(0.125445868420501,
-0.15317083145818,0.980205096133782),(0.141658617932978,-0.34286588751217,
0.928641921919213),(0.0739700159907092,0.241325424654082,0.967621039534518),
(0.0704066351061281,0.131050021551569,0.988872488030871),(0.105019302504015,
-0.105085869867045,0.988902374380736),(0.128877248711726,-0.421248120827543,
0.897741987134254),(0.0723493608710637,0.363490783585375,0.928784162348841),
(0.0614044683880111,0.0745069120736311,0.995328192766204),(0.0805666230717925,
-0.0535726873639494,0.995308488065591),(0.116098004296205,-0.578421713137579,
0.8074339447716),(0.0916175664469486,0.922526428250283,0.374901601354427),
(0.0835268978138325,0.847007224872296,0.524978112263483),(0.073726938918599,
0.759869519099625,0.64588129901786),(0.0655191479020646,0.671959440983214,
0.737684045463716),(0.0572714389462592,0.586982276209249,0.80757153843931),
(0.0600458513483394,0.303341516366098,0.950988128308955),(0.0535731069713207,
0.080566248256362,0.995308495819931),(0.0745058198418478,-0.0614059718472119,
0.995328181772823),(0.0995275300580953,-0.500233144865109,0.86015177238607),
(0.0496894337427793,0.506883846705993,0.860581039834633),(0.0583042415239313,
0.189249840355253,0.980196466707481),(0.0564452683124367,0.137722833256689,
0.988861139333975),(0.118919024580612,-0.222506355434605,0.96765137698657),
(0.110181524689183,-0.164800026583252,0.980153550651798),(0.118426187324229,
-0.285900445608123,0.950913336407122),(0.0950559005704112,-0.114641990500999,
0.988848618232699),(0.108598545718418,-0.354577132920764,0.928698773918398),
(0.0422977632612288,0.438898074175244,0.897540739859957),(0.0488624914623265,
0.248142222147322,0.967490513915192),(0.0453115367173466,0.0849617134542484,
0.995353390453476),(0.0685883263670491,-0.0683901279815186,0.995298162301548),
(0.0860675470598928,-0.432398281545256,0.897565654122194),(0.0360143286714615,
0.368867001873985,0.92878420693875),(0.0428869686586648,0.14244998087839,
0.988872444184293),(0.0939134617370531,-0.174914451296805,0.98009448342091),
(0.0970742495686566,-0.233314744999094,0.967543704354842),(0.0832411568825135,
-0.123416125329449,0.988857608460149),(0.090132547992097,-0.295849751418064,
0.950972685400754),(0.0388978309278696,0.194261038779128,0.980178354975033),
(0.037087999230624,0.0890408846418787,0.995337229875011),(0.0611936543289653,
-0.0745758977535287,0.995336009669158),(0.0723708921187855,-0.363625614044217,
0.928729705988183),(0.0300755040573472,0.307555504892775,0.951054717387936),
(0.0226766955560874,0.927244257307459,0.373769788464765),(0.0212437977426379,
0.849838143641639,0.526615448566791),(0.0182645453689015,0.76197551092432,
0.647348227103534),(0.0161890747901661,0.674595435335925,0.738010103238006),
(0.0136541941817177,0.588933238737955,0.808066335947038),(0.0246741064213655,
0.251396232588927,0.967569699149576),(0.012106154083048,0.508968136342988,
0.860700224945284),(0.0290305037490746,0.145631141092437,0.988912938835461),
(0.0755239516549791,-0.183270610931645,0.98015713836872),(0.0703494141117046,
-0.131156055192747,0.988862502636447),(0.073610668928911,-0.241389634311056,
0.967632427043975),(0.0536989469758887,-0.0803729864199406,0.995317339418751),
(0.0601638622682703,-0.303246474921915,0.951010980548804),(0.0102147688034875,
0.440455009969169,0.897716571469721),(0.0191932472678189,0.197163938983017,
0.980182636259191),(0.00916707555543402,0.370528109838273,0.9287760141958),
(0.00752783642606943,0.308870208998388,0.951074405959931),(0.0278398746023251,
0.0924102922657886,0.995331743322536),(0.0564954896748864,-0.137571134527371,
0.988879387282012),(0.0584602828505294,-0.189483798414681,0.980141972097604),
(0.0451263931557053,-0.0850376730509882,0.99535531485135),(0.0492941821038806,
-0.24796123157211,0.967515018616224),(0.0136276937954788,0.148043686520849,
0.988886926217115),(0.00695380857895253,0.252470494491438,0.967579606005364),
(-0.0229710996675044,0.927202440766888,0.373855536826714),(-0.0209536133434776,
0.850176607842934,0.526080489625432),(-0.0161525190744413,0.674990796299506,
0.73764932118081),(-0.0179429893445328,0.761529493226572,0.647881841140391),
(-0.0135281350934824,0.588486556368583,0.808393816486952),(0.00558109283001592,
0.197518383318229,0.980283295611108),(-0.0122156196100121,0.509336375006416,
0.860480816597829),(0.0185240094880753,0.0948200320911629,0.995322069777776),
(0.00946596149706166,0.0959572230846004,0.995340447741791),(0.0428859886436806,
-0.142238453942576,0.988902934669566),(0.037191502933713,-0.0891219390809067,
0.99532611343418),(0.0387779932587399,-0.194412188195976,0.980153135137402),
(-0.0102305902429774,0.44006659728581,0.897906857628657),(0.00295518843452051,
0.148004996556062,0.988982197946837),(-0.00935862461963453,0.370862892502202,
0.92864047462413),(0.0277823202074653,-0.0923620640663359,0.99533782797867),
(0.0288491697338904,-0.145649443274473,0.988915550024117),(-0.00718877783685298,
0.252729789756504,0.967510193663532),(-0.00760425741038895,0.308560539041065,
0.951174310531946),(0.00251165218657947,0.0962344344453525,0.99535552705065),
(-0.00542786350476951,0.19770238347598,0.980247063686339),(0.0186162198713525,
-0.0947485132290089,0.995327160082851),(0.0138348989343524,-0.147795541872625,
0.988921166410171),(-0.00280224877813447,0.147659408726563,0.989034299919021),
(-0.0914384329422479,0.922746237279261,0.374404052552895),(-0.0834105244218089,
0.847242323691167,0.524617126447537),(-0.00261339603327057,0.0963653837352632,
0.995342595782341),(0.00931821068564244,-0.096111935120757,0.995326914574785),
(-0.0740154222496345,0.759273171126762,0.646549277995359),(-0.0658962577964283,
0.672267817401396,0.737369422267285),(-0.0574424535900158,0.586804760754766,
0.807688391201149),(-0.0493305487176845,0.507219893120856,0.860403670950839),
(-0.0421015369883792,0.438470547530283,0.897758898330565),(-0.0358561864687585,
0.369128167965073,0.928686561497832),(-0.0298799034442322,0.307542498954363,
0.951065088575471),(-0.0242432982950467,0.251398585173554,0.967579978017586),
(-0.0194711312799979,0.197307368320762,0.980148293603071),(-0.0138321972050192,
0.147795892277014,0.988921151834929),(-0.00931713151822538,0.0961120054761193,
0.995326917883582),(-0.165848370558794,0.835699657200863,0.52354598741405),
(-0.180467420917607,0.909347108387811,0.374859102135822),(-0.14878317741784,
0.748522094149287,0.646202940791681),(-0.131372323246373,0.661376099958777,
0.738459861528145),(-0.116098106791842,0.57842339383557,0.80743272602929),
(-0.0995282690088975,0.500235354577121,0.860150401789823),(-0.0860643836363821,
0.432397762068607,0.897566207712473),(-0.0723686770126618,0.363627600690382,
0.928729100762754),(-0.0601643409605759,0.303246263958881,0.951011017534371),
(-0.0492940110200196,0.247959293486917,0.967515524036192),(-0.0387782365375103,
0.194412507401767,0.980153062198348),(-0.0288498406696486,0.145650338101292,
0.98891539865871),(-0.0186159358656986,0.0947475488334154,0.995327257198307),
(-0.0959575436502243,0.00946601227224401,0.995340416354263),(-0.0963653315887638,
-0.00261303833335088,0.995342601770092),(-0.0962340645250073,0.00251163140924565,
0.995355562868195),(-0.094820916149561,0.0185249419644683,0.995321968202134),
(-0.0277823208232737,0.0923619902466074,0.995337834811557),(-0.0371917525600271,
0.0891216643954503,0.995326128701994),(-0.0451273642231698,0.0850374833193587,
0.995355287035227),(-0.0536993455468248,0.0803720433077999,0.995317394072048),
(-0.0611915967576681,0.0745774311054172,0.995336021279228),(-0.0685879524292119,
0.0683911953095818,0.995298114730303),(-0.0745058277049134,0.0614058974539714,
0.995328185773857),(-0.0805674029403308,0.0535725449546324,0.995308432602947),
(-0.0849633419521667,0.0453095114369703,0.995353343641173),(-0.0924105667035343,
0.0278405164700351,0.995331699889144),(-0.0890412416343814,0.0370869376184428,
0.995337237496063),(0.123441711295995,-0.00310166582146247,-0.992346977413368),
(0.121368415317279,-0.0238513472161342,-0.992320926414105),(0.123166635767645,
-0.0124108181928548,-0.992308395321467),(0.0364527273417462,-0.118583905901322,
-0.992274687740514),(0.0468100741743472,-0.114243929305902,-0.99234930421326),
(0.058759257646689,-0.109198163068535,-0.992281769873491),(0.0692279272681606,
-0.102389918710938,-0.992332504069337),(0.0786011334533688,-0.0959482093700485,
-0.992278087502958),(0.0873568088813504,-0.0874194037267792,-0.992333933610114),
(0.0959288468879682,-0.0784872779687549,-0.992288971787856),(0.102292845065097,
-0.0692360256966669,-0.992341950435543),(0.109381911026535,-0.0586773629390103,
-0.992266377853602),(0.11411019544571,-0.0470236439545407,-0.992354593985728),
(0.118616651508412,-0.0361192820535592,-0.992282967428579),(-0.00946718965948888,
-0.0959570138769406,0.995340456229813),(-0.018524250576395,-0.0948213576676995,
0.995321939007996),(-0.0278397691063837,-0.092410276820918,0.995331747707258),
(-0.04531057353578,-0.0849621424413215,0.99535339768227),(-0.0370878882160605,
-0.0890408099065533,0.995337240697271),(-0.0535723656304199,-0.0805677669263662,
0.995308412791362),(-0.0614065710667301,-0.0745047959957815,0.99532822144429),
(-0.0683893105814956,-0.0685896205149182,0.995298129283788),(-0.0745764852018052,
-0.0611933652679152,0.995335983425764),(-0.0803721880263532,-0.0536985690620022,
0.995317424278581),(-0.0850377542807195,-0.0451272141293106,0.995355270690731),
(-0.0891218790889176,-0.0371911609407746,0.995326131584787),(-0.0923624295424533,
-0.0277833782315993,0.995337764531747),(-0.0947480874590136,-0.0186164735383389,
0.995327195868703),(-0.0961122262076937,-0.00931714354022272,0.995326896456462),
(-0.0136297117734348,-0.148042888291361,0.988887017906153),(-0.0290309045249259,
-0.145629804964396,0.988913123832673),(-0.0191934196549507,-0.197163468044991,
0.980182727612776),(-0.0388975478606763,-0.194260536348867,0.980178465784612),
(-0.0488605269904787,-0.248144821893356,0.967489946340388),(-0.0600450807357252,
-0.303342938701361,0.950987723274839),(-0.0723536076422411,-0.363486905707232,
0.928785349174143),(-0.0857309047305468,-0.43251379435749,0.897542216090457),
(-0.0994716697527106,-0.500606357079824,0.859941080637433),(-0.115913478048473,
-0.57776583714975,0.807929887446525),(-0.131647669869251,-0.661676168369771,
0.738141950595883),(-0.148526418346735,-0.748386779989434,0.646418696040065),
(-0.165137689122777,-0.836125632146585,0.523090308549742),(-0.180754860327983,
-0.909121820982374,0.375266831843028),(-0.267881529153439,0.88762442317565,
0.374649662645663),(-0.247010751774103,0.814711549094315,0.524624418303546),
(-0.222387493536765,0.729224238050241,0.647128900110697),(-0.197074624679831,
0.644863987146563,0.738452456417297),(-0.171670756227043,0.564230755685837,
0.807572167545802),(-0.148127090849203,0.488244475668816,0.860044008720155),
(-0.128876936313642,0.421249070394591,0.897741586414544),(-0.108597429226529,
0.354576707406725,0.928699066937183),(-0.0901338788761788,0.295848462470625,
0.950972960253077),(-0.073609067802715,0.241389260126849,0.967632642190531),
(-0.0584596427602997,0.189484408917215,0.980141892251133),(-0.042889234382601,
0.142238453445915,0.988902793976935),(-0.14804295444878,0.0136301696297577,
0.988887001691265),(-0.145629044824536,0.0290330799005073,0.988913171908932),
(-0.147658484329823,-0.00280217826535354,0.989034438127606),(-0.148004432831251,
0.00295538545516098,0.988982281721524),(-0.0564954576109598,0.137570922370976,
0.988879418628645),(-0.07034773002505,0.131157182305645,0.988862472950595),
(-0.083242753015741,0.123415230587198,0.988857585767268),(-0.0950554730457888,
0.114641683053203,0.988848694973488),(-0.105018902353484,0.105086486320908,
0.988902351368018),(-0.1144204826498,0.0949165485144066,0.988887658922033),
(-0.12337619126255,0.0830448422320505,0.988879097568656),(-0.131049933780453,
0.0704066369798627,0.9888724995293),(-0.142450076925461,0.0428839702712388,
0.988872560382634),(-0.13772277127899,0.0564439027648746,0.988861225911859),
(-0.0428834423150603,-0.142450977467245,0.988872453551942),(-0.0704085721060555,
-0.131048332274908,0.988872573986129),(-0.0830439510172636,-0.12337579965545,
0.988879221269625),(-0.0564449585008961,-0.137722971094794,0.988861137821006),
(-0.0949164401156402,-0.114420547806143,0.988887661787483),(-0.10508708801175,
-0.105017772211448,0.988902407446233),(-0.114641658899903,-0.0950567772131642,
0.988848572406577),(-0.123415877765577,-0.0832427133990933,0.98885750833035),
(-0.131156514923333,-0.0703479919478454,0.988862542834984),(-0.137571005865129,
-0.0564937045289609,0.988879507166496),(-0.142237941037662,-0.0428864291029875,
0.988902989341301),(-0.145649324312419,-0.0288516307683465,0.988915495747409),
(-0.147795761241233,-0.0138349173293065,0.988921133367882),(-0.0583054575659343,
-0.189248519521716,0.980196649390756),(-0.073972512552432,-0.241324263987435,
0.967621138151499),(-0.0903087093732243,-0.295986873451587,0.950913301913322),
(-0.108656034727512,-0.354438561330148,0.928744944728911),(-0.128632352698828,
-0.420845990854276,0.897965684099925),(-0.148082698054838,-0.4890646655359,
0.859585520737209),(-0.172296053960213,-0.563796535081374,0.807742246524209),
(-0.197125013290885,-0.644637418768175,0.738636803482586),(-0.222156320722534,
-0.729116512447126,0.647329653607778),(-0.246595074690735,-0.81476975917028,
0.524729557657918),(-0.267427469941668,-0.888121515569721,0.373795026589091),
(-0.0757471559209561,-0.18326274221593,0.980141385558932),(-0.0967289141213045,
-0.233226939480686,0.967599458388328),(-0.118124459246631,-0.286092345109616,
0.950893149726809),(-0.0755242552306072,0.183269953389204,0.980157237924906),
(-0.110336319512041,-0.164610628389114,0.980167963982642),(-0.0935817856393042,
-0.17510005849261,0.980093066454632),(-0.125534951078119,-0.153428051675846,
0.980153461972547),(-0.14177165886296,-0.34310164193921,0.928537592153308),
(-0.0970752874332835,0.233314525740899,0.967543653096874),(-0.0939120460075297,
0.174915421168605,0.980094445985737),(-0.140063309807899,-0.139976798090791,
0.98019832954454),(-0.168902790653412,-0.405623109144749,0.8982993602565),
(-0.118424191617452,0.285899665148422,0.950913819600795),(-0.110180614368734,
0.164800554982643,0.980153564139182),(-0.153170662065471,-0.125444561075977,
0.980205289915781),(-0.19556788936499,-0.471340760516834,0.859994818661564),
(-0.119073385097715,-0.22233343459578,0.96767214118327),(-0.145746775184961,
-0.272670132764709,0.951004141011626),(-0.141659908963022,0.342865841320376,
0.928641742034171),(-0.125446036238994,0.153170925806203,0.980205059913279),
(-0.164799012432752,-0.110182282163017,0.980153636017609),(-0.226105116494771,
-0.546578809867277,0.806305203318791),(-0.168305517526989,0.406163463014284,
0.898167297379623),(-0.139978697121166,0.140062291295015,0.980198203890137),
(-0.174913579708632,-0.0939152816323389,0.980094464584629),(-0.259441433664021,
-0.6221746308558,0.738639879249561),(-0.140077083283715,-0.21026388020407,
0.967557497733471),(-0.160183087710073,-0.195225495546516,0.967588954205392),
(-0.174375746375558,-0.327629090802778,0.928575402396441),(-0.19555979953781,
0.471394919530386,0.859966972997029),(-0.153429015597951,0.125533867605891,
0.980153449851884),(-0.183270251049838,-0.0755249878152356,0.980157125819956),
(-0.292452286552517,-0.702763232356189,0.648533344816198),(-0.226655236789598,
0.54581024667186,0.806671295053849),(-0.164610106166261,0.110337144149454,
0.980167958856478),(-0.189484192639248,-0.0584589977132797,0.980141972535719),
(-0.325352436119081,-0.784557424894914,0.527840354040539),(-0.172145949947084,
-0.256828121980878,0.951002149144044),(-0.259426682897462,0.622707845248675,
0.738195594450801),(-0.175098643496042,0.0935833146071103,0.98009317326109),
(-0.194412034989549,-0.0387778431556351,0.980153171464246),(-0.354155223994706,
-0.85660045881516,0.375246227529228),(-0.292221578977736,0.702954876685005,
0.648429633903733),(-0.189249272837186,0.0583035621811387,0.980196616688502),
(-0.183261560994098,0.0757479233190897,0.980141547111871),(-0.194261024764045,
0.038897659264404,0.980178364565028),(-0.197307384894584,-0.0194708920230139,
0.980148295019631),(-0.118917918771852,0.222505743870105,0.967651653509558),
(-0.178598880187729,-0.178375503330323,0.967618013374773),(-0.206784992304058,
-0.389372314664368,0.897568475120825),(-0.324826754368256,0.78486949374927,
0.527700158639686),(-0.197704383313932,-0.00543030825237382,0.980246646804131),
(-0.353624838664827,0.856534043313744,0.375897467567798),(-0.1971637027197,
0.0191938194954501,0.98018267257845),(-0.197519124641584,0.00558290514923683,
0.980283135920902),(-0.145321282156862,0.272794598695197,0.951033559804812),
(-0.139814626513823,0.209965862684015,0.967660171093219),(-0.19519050459056,
-0.160517851646772,0.967540534665286),(-0.240639490399301,-0.44902687734925,
0.860504212121211),(-0.196360984745634,-0.23914414493834,0.950921890383976),
(-0.206322380661637,-0.30787117504465,0.92878760479172),(-0.174933239355955,
0.327633816537177,0.92846887079197),(-0.160517349028396,0.195191044707047,
0.967540509088414),(-0.209965700398332,-0.139813783822619,0.967660328064264),
(-0.277688081357802,-0.521950277525962,0.806509291491669),(-0.218852100585645,
-0.21934843122798,0.950783899625501),(-0.244695515259587,-0.36627111994802,
0.897758080723236),(-0.206700325384972,0.388450547553311,0.897987275851545),
(-0.178375798116258,0.178599445250067,0.96761785473541),(-0.222506312206057,
-0.118919142706959,0.967651372409662),(-0.317564158913874,-0.595824710176456,
0.737662470047423),(-0.235607584797758,-0.286542294350857,0.92864556184473),
(-0.241231967072342,0.450067148307044,0.859794568532026),(-0.195226304784888,
0.160181964801509,0.967588976824543),(-0.233315494910716,-0.0970732026118753,
0.967543628561132),(-0.35914807926479,-0.670789562311696,0.648886754568235),
(-0.172710329040835,0.256972194567698,0.950860890699406),(-0.23922958948301,
-0.195753312561975,0.951025680061693),(-0.282974637723677,-0.42438385965792,
0.860130044857753),(-0.277404852350426,0.521262338189766,0.807051499396027),
(-0.210263568199098,0.140076910461189,0.967557590556671),(-0.241390391870588,
-0.0736084265181956,0.967632408643944),(-0.400647847390648,-0.748518524181919,
0.528395042877734),(-0.317416847728093,0.595806243294378,0.737740784578026),
(-0.222333369277252,0.119074406371446,0.967672030521247),(-0.247960934138787,
-0.0492953953528149,0.967515033029477),(-0.437277464362134,-0.817108487555169,
0.375662266838615),(-0.358675067219997,0.671267276493767,0.648654329873293),
(-0.233228430877928,0.0967285751389021,0.967599132793027),(-0.241325569262153,
0.0739701178614437,0.967620995681606),(-0.251398323372031,-0.0242412365125303,
0.967580097696348),(-0.262270927242303,-0.261976091594182,0.928753190119151),
(-0.279356493121518,-0.339329099444212,0.898229209067055),(-0.205624388590506,
0.308039574568448,0.928886554599899),(-0.195753736097793,0.239229285717601,
0.95102566929542),(-0.256974103599957,-0.172708296850077,0.950860743893734),
(-0.328009157425471,-0.49040918223153,0.807408711018177),(-0.400123205981405,
0.748684382659228,0.5285575798315),(-0.248143417749194,0.0488629357027107,
0.967490184829935),(-0.252727924417519,-0.00718652382836049,0.967510697664309),
(-0.437969085718671,0.817033069363683,0.375020057491476),(-0.252470579012273,
0.00695201693731887,0.967579596825869),(-0.251397820864231,0.0246727949906394,
0.967569319920835),(-0.245362783555362,0.366328250807666,0.897552626371379),
(-0.219348934201151,0.218852536490413,0.950783683251102),(-0.272795662957068,
-0.1453227187879,0.951033035007674),(-0.374654635637495,-0.562651297072944,
0.736924298620605),(-0.286408756791953,-0.236209613019353,0.928533813466228),
(-0.323408602166646,-0.39479056300883,0.859969352595653),(-0.310905530933319,
-0.311103571314906,0.898082579026106),(-0.282343626551885,0.424019066838121,
0.860517232542881),(-0.239141741406414,0.196361170697095,0.950922456438786),
(-0.285900596962886,-0.118425973253985,0.950913317561128),(-0.422809827442574,
-0.634384972524337,0.647137973274075),(-0.327904647642288,0.4911452578157,
0.807003641738831),(-0.256828105979487,0.172144042810905,0.95100249868426),
(-0.295849491515,-0.090132574774863,0.950972763718693),(-0.472421159471824,
-0.706407532550731,0.527073662820374),(-0.236210472321358,0.286409452819164,
0.928533380176259),(-0.30803952795466,-0.205620009830824,0.928887539358044),
(-0.374626919946068,-0.456783932846714,0.806847637131578),(-0.375390414767505,
0.561892863524984,0.737128514182143),(-0.272671321718576,0.145746591403043,
0.9510038282818),(-0.303245662329297,-0.0601637639088838,0.951011245880291),
(-0.515574288039333,-0.769280908284564,0.377346044979421),(-0.339745184106484,
-0.279024290683828,0.898175180621708),(-0.360378103723459,-0.359880458926086,
0.860589145666987),(-0.423105979632257,0.63388450793684,0.647434753930539),
(-0.286091748928725,0.118125699930588,0.950893174973305),(-0.307543187873813,
-0.0298844242781579,0.951064723758576),(-0.27902145527683,0.339744810444734,
0.89817620279713),(-0.261972848771036,0.262273098308221,0.928753491735344),
(-0.327632667981591,-0.174932344564927,0.928469444675635),(-0.429015382869893,
-0.52045695048057,0.738288807958962),(-0.472654115406892,0.706409007454013,
0.526862791793808),(-0.295985860021917,0.0903086766266718,0.950913620468771),
(-0.30856051420655,-0.00760623749810213,0.951174302756184),(-0.514877341617131,
0.769901690514183,0.377031444355347),(-0.303341194094682,0.0600471675869701,
0.950988147996596),(-0.307553658194507,0.0300790635436506,0.951055202008544),
(-0.308868554303898,0.00752998545403916,0.951074926323516),(-0.323770004553428,
0.394257179204432,0.86007805506084),(-0.286541477561025,0.235609309484065,
0.92864537629904),(-0.342865877347077,-0.141659647075194,0.928641768682386),
(-0.483416920440288,-0.588989212542158,0.647610831086848),(-0.366329780159048,
-0.245362107880911,0.897552186886568),(-0.417881265572439,-0.417925263870221,
0.806668284800253),(-0.394259317314552,-0.323770635964259,0.860076837263952),
(-0.374740058486886,0.456490497715454,0.80696116019344),(-0.307875021558398,
0.206318806109377,0.928787123805029),(-0.354577760378333,-0.108598662963598,
0.928698520644673),(-0.538560848553358,-0.658123695603013,0.526142009053944),
(-0.3111024942104,0.310905874415664,0.898082833234162),(-0.388450219725191,
-0.206696879975205,0.897988210726603),(-0.477731563061681,-0.479024918565506,
0.736415426948644),(-0.427881666464068,0.521560245213165,0.738168131333991),
(-0.32762767035123,0.174375635242217,0.928575924442422),(-0.36362676734866,
-0.072370538293242,0.928729282005639),(-0.587624307806158,-0.716886633025304,
0.375194920361373),(-0.42402236059591,-0.28234743328858,0.860514360501917),
(-0.45649112077103,-0.374734103919754,0.806963572918052),(-0.484160565007502,
0.58889119448012,0.647144271670077),(-0.343100155322211,0.14177313935065,
0.928537915422163),(-0.36912754280973,-0.0358562439158512,0.928686807762175),
(-0.35988225400055,0.360377883451298,0.860588487242681),(-0.339330270123168,
0.27935777595622,0.898228367839122),(-0.406163423458531,-0.168303365878854,
0.898167718457023),(-0.538248752458457,-0.537323042980145,0.649285936979596),
(-0.538941222162211,0.657291124778832,0.526792878028244),(-0.354438061464138,
0.108656629004043,0.928745065967525),(-0.370864152096173,-0.00935919104389429,
0.928639965881821),(-0.587641202592278,0.716750465511688,0.375428538079726),
(-0.363489023470065,0.0723527089523919,0.928784590378215),(-0.36886754602393,
0.0360144883534526,0.928783984637398),(-0.37052993629422,0.00916712136788304,
0.92877528509087),(-0.417926457550929,0.417880244455694,0.806668195339683),
(-0.366272621510527,0.244695037728176,0.897757598265263),(-0.421248614694025,
-0.128875877858095,0.897741952191536),(-0.600737334529199,-0.59985982050402,
0.52847218531124),(-0.450068988382534,-0.241231571352724,0.859793716352369),
(-0.521562562791512,-0.427881897814969,0.738166359716162),(-0.491144502095853,
-0.327904337314683,0.807004227765403),(-0.479020533397231,0.477731184356736,
0.736418525077244),(-0.389371194435102,0.206786721697482,0.897568562659026),
(-0.432397354568548,-0.0860677592151633,0.897566080344953),(-0.655582187131725,
-0.656021243273285,0.373962731150788),(-0.394792571906428,0.323409153814442,
0.859968222899274),(-0.471396936213859,-0.195560471098974,0.859965714823408),
(-0.58889429074688,-0.48416157471291,0.647140698687112),(-0.537320362025873,
0.538247302622386,0.649289357507199),(-0.405622219793989,0.168903482087833,
0.898299631831162),(-0.4384704990517,-0.0421011738969271,0.897758939035337),
(-0.521262206975943,-0.277405419187156,0.807051389308121),(-0.561893896136894,
-0.375389349883524,0.737128269352171),(-0.599862509573085,0.600737832599483,
0.528468566796887),(-0.420847880507483,0.128630796499179,0.897965021403588),
(-0.440066597285828,-0.0102305902430539,0.897906857628647),(-0.456781035703466,
0.374625943474946,0.806849730679248),(-0.424385731532161,0.282974493434225,
0.860129168751738),(-0.488241380057104,-0.148126031016729,0.860045948618541),
(-0.657288165234479,-0.538944166700852,0.526793558257707),(-0.656022310243635,
0.655583911516897,0.373957836423852),(-0.432513432429469,0.0857314657566279,
0.8975423369108),(-0.438898024508523,0.0422974420174269,0.897540779285988),
(-0.440454975728337,0.010214729333429,0.897716588718731),(-0.520453313598578,
0.42901561521473,0.738291236752941),(-0.449024448426022,0.240642584128393,
0.86050461440931),(-0.500231934069495,-0.0995297267648721,0.860152222357881),
(-0.716748223406134,-0.587638757664697,0.375436645433611),(-0.545809878157599,
-0.22665561780216,0.806671437342558),(-0.633884080245289,-0.423105609587211,
0.647435414498943),(-0.595805593455468,-0.317416995208268,0.737741245939341),
(-0.588991140180336,0.483416754241468,0.647609201994314),(-0.471341390962531,
0.195567821390689,0.859994488588157),(-0.507219686315011,-0.0493303492600209,
0.860403804301437),(-0.490404968679077,0.328007609948253,0.807411898915856),
(-0.564229709767181,-0.171674272596538,0.807572150797991),(-0.706403858241515,
-0.472651777340789,0.526871793169928),(-0.658124330530018,0.538560937490449,
0.526141123819288),(-0.489064309725126,0.148081667540993,0.859585900705313),
(-0.509336356808733,-0.0122155544265109,0.860480828294774),(-0.716884160917328,
0.587626022389541,0.375196958458494),(-0.500604863895884,0.09947422442208,
0.8599416543693),(-0.622706340129289,-0.259426172276226,0.738197043546567),
(-0.67126650451592,-0.358675930770828,0.648654651259558),(-0.506883150571453,
0.0496888270633413,0.860581484887879),(-0.508968171343636,0.0121060414636493,
0.86070020583197),(-0.56265279751357,0.374652222422405,0.736924379895323),
(-0.52194902397216,0.277690216721425,0.806509367528808),(-0.57842298492034,
-0.116101276584176,0.807432563184919),(-0.769899986013118,-0.514881503424043,
0.377029241530147),(-0.634388773813267,0.422807448536901,0.647135801143327),
(-0.546582736332371,0.226105701000957,0.806302377720842),(-0.586802111641059,
-0.0574370844824952,0.8076906976682),(-0.644862311746552,-0.197073864821624,
0.738454122267024),(-0.74868239112259,-0.40012195763737,0.528561345767357),
(-0.702954769788225,-0.292223265565099,0.648428989708552),(-0.706407007489804,
0.47241788930615,0.527077297588144),(-0.56379787156628,0.172296470224092,
0.80774122487691),(-0.588490511284624,-0.0135280782557273,0.808390938362541),
(-0.769280531026757,0.515572553604876,0.377349183850366),(-0.577767014300096,
0.115915845659799,0.807928705958469),(-0.588935624634754,0.0136520488167961,
0.808064633305515),(-0.595828218466729,0.317562464107717,0.73766036593313),
(-0.661378903667732,-0.131376729704119,0.738456566546415),(-0.817032864322283,
-0.437964787198515,0.375025524186668),(-0.58698047209875,0.0572698751195176,
0.807572960653416),(-0.729223561720194,-0.222387630119817,0.647129615302689),
(-0.784868697122627,-0.324826598277964,0.527701439573738),(-0.670789173915011,
0.359147659694256,0.648887388299816),(-0.622175172104421,0.259442029846815,
0.738639213937223),(-0.672269381093107,-0.0658931808557097,0.737368271599346),
(-0.748517574698713,0.40064582667163,0.528397920073274),(-0.644637962864038,
0.197125857448213,0.7386361033417),(-0.674988275026056,-0.0161464943329404,
0.737651760180985),(-0.748522050424846,-0.148783110372087,0.646203006876161),
(-0.856534432887177,-0.353624163253859,0.375897215261899),(-0.814710619807449,
-0.247013211420288,0.524624703342111),(-0.817110200946346,0.437272371848727,
0.375664467746434),(-0.66167821877985,0.131649397704151,0.73813980442492),
(-0.6719613648587,0.0655153591948383,0.737682629486966),(-0.674595983719028,
0.0161840426941422,0.738009712342752),(-0.702764302654825,0.292451510396929,
0.648532535020899),(-0.759276036645819,-0.0740169165104525,0.646545741804632),
(-0.835696272786668,-0.16584520979502,0.523552390920446),(-0.887624679201044,
-0.267885250661879,0.374646395086174),(-0.784558207484915,0.325355326300469,
0.527837409356302),(-0.729112345920795,0.222155807880238,0.647334522523675),
(-0.761527132060536,-0.0179403618613707,0.647884689240252),(-0.856596440186438,
0.354157346456869,0.375253397866764),(-0.748384262590894,0.148528236998591,
0.646421192660308),(-0.761971721427057,0.0182644037784198,0.647352691583272),
(-0.847243058343273,-0.0834088758054371,0.524616202119235),(-0.759872002909808,
0.0737257006817322,0.645878518184979),(-0.909347732114129,-0.180467901979346,
0.374857357476232),(-0.814766891037779,0.24659767246014,0.524732790290328),
(-0.850181157500121,-0.0209536111810663,0.526073137130406),(-0.922745075325762,
-0.0914342390188139,0.37440794048351),(-0.888120241371552,0.267430748961192,
0.373795708076207),(-0.836122560247852,0.165138145132134,0.523095074787457),
(-0.847007086710974,0.0835241965285368,0.524978764956879),(-0.84984197453801,
0.0212423997459357,0.52660932271122),(-0.927197784856073,-0.022967518189236,
0.373867303820779),(-0.909124644869363,0.180751554396689,0.375261582998226),
(-0.927241183997571,0.0226754611177798,0.373777487500089),(-0.922528044874083,
0.091611799569823,0.37489903254127),(0.276599416393294,-0.911529677404722,
-0.304313013296066),(0.261356497849996,-0.861346884944053,-0.435630950264971),
(0.24431784104349,-0.800135982491337,-0.547805806897363),(0.221104333987717,
-0.729748803667056,-0.646977246151941),(0.197293225606132,-0.654883587164434,
-0.72952235770576),(0.176728611498073,-0.581766703931769,-0.793923485025055),
(0.154988796459514,-0.510044614205821,-0.846069125126113),(0.134106845096802,
-0.437725303807121,-0.889051130422287),(0.112790141911882,-0.369037581285999,
-0.922545200782096),(0.0938141336919581,-0.304652345421974,-0.947832188073668),
(0.0738119935277073,-0.242176653901463,-0.967420414254608),(0.0541179329275452,
-0.178683408874615,-0.982417166344622),(0.186481393899944,-0.00459021006243664,
-0.982447769451749),(0.186056282738237,-0.0177810029100869,-0.982378183587736),
(0.186686707290444,0.00475605177378903,-0.982407987188916),(0.0707020713619852,
-0.173113621715668,-0.982360876196527),(0.0895763436925266,-0.164716132294088,
-0.982265073395545),(0.103990000374648,-0.155047297198493,-0.982418655896519),
(0.118071845613719,-0.144693057109953,-0.98240671745339),(0.131873081762977,
-0.132070544099131,-0.982429061911187),(0.144939192036401,-0.117899458437742,
-0.982391138148102),(0.15461913411869,-0.104302096005386,-0.982453050345547),
(0.164551002998963,-0.0889725259642831,-0.982347625352436),(0.173531104386572,
-0.070762848995717,-0.982282838602195),(0.178606042373932,-0.0544837499973552,
-0.982411015112181),(0.183539772795701,-0.0364131806924896,-0.982337636494682),
(0.0544829033383991,0.178606265011699,-0.982411021590449),(0.0707650777578235,
0.173529101230833,-0.982283031918982),(0.0889731820138992,0.164549809607002,
-0.982347765834799),(0.10430139958365,0.154619089101807,-0.982453131365675),
(0.117899130868105,0.144939246136599,-0.982391169478787),(0.132071313502452,
0.131873511690959,-0.982428900767904),(0.144693452129431,0.118071637896964,
-0.982406684237845),(0.155046000200849,0.103992579391897,-0.982418587595501),
(0.164717443849483,0.0895752855447601,-0.982264949955595),(0.173115458609609,
0.0706968112033778,-0.982360931061521),(0.178683280656144,0.0541182206409,
-0.982417173816002),(0.183584247627385,0.0368309272074212,-0.982313751723007),
(0.185898969514363,0.0174187327389148,-0.982414454740599),(0.0735390507325868,
0.242449032374476,-0.967372976011854),(0.0934564214105865,0.304578341658201,
-0.947891307634935),(0.113601527195818,0.368772336033372,-0.922551709767679),
(0.133777300857484,0.437516718948045,-0.889203438149124),(0.154672773249638,
0.510564121744705,-0.845813579225543),(0.176878556189801,0.581619994648637,
-0.793997580717429),(0.199160071132106,0.654532150177322,-0.72933046724438),
(0.221546338794113,0.729740633280611,-0.646835240154815),(0.243397095280832,
0.799746830641819,-0.548783072704706),(0.260736047506807,0.86195849979377,
-0.43479220113038),(0.276999329864847,0.911337925335115,-0.304523491869369),
(0.0975118754613554,0.233122385994678,-0.967546064687443),(0.118483954431975,
0.223404438369001,-0.967497808503561),(0.12113693564242,0.29503277091259,
-0.947777139896718),(0.140055183485677,0.210447277641674,-0.967520795079879),
(0.147427611067212,0.35725906059951,-0.922296624256302),(0.0978263952998735,
-0.233763449383484,-0.967359626051743),(0.159879247666841,0.195924771763524,
-0.967497860449777),(0.175225321249654,0.421807083051582,-0.889592531151465),
(0.149073042286233,0.281629090885888,-0.947872503678799),(0.120736457613391,
-0.294549360910682,-0.947978576651434),(0.1183332205147,-0.223177479501347,
-0.967568634033806),(0.178887217624194,0.178895983653883,-0.967468650863264),
(0.204050117512399,0.492498106289288,-0.846055060173179),(0.147878298284347,
-0.357147556158621,-0.922267657476098),(0.13958649400735,-0.210259972476538,
-0.967629244424176),(0.195678734850796,0.159924570438197,-0.967540161697358),
(0.232553225222182,0.561653826960459,-0.794017616995638),(0.177249209789549,
0.26443721927033,-0.947974511626529),(0.181307350409959,0.341403304135849,
-0.922264294338909),(0.174876547465248,-0.42229580056633,-0.889429283288265),
(0.1599231295955,-0.195678251564676,-0.967540497594272),(0.21025933618889,
0.139590181300922,-0.967628850763444),(0.261472931324831,0.63299036024677,
-0.728666665917321),(0.20323560400898,-0.492381321351259,-0.846319043651679),
(0.178899129491262,-0.178884823427125,-0.967468511846621),(0.223179237555108,
0.118333588925401,-0.967568183466341),(0.291987059597117,0.704202237232451,
-0.647180628653732),(0.202592253581795,0.245914991651358,-0.94788300737473),
(0.214971024205616,0.404138608665614,-0.889077861459732),(0.232506759966248,
-0.561104038158551,-0.794419829140842),(0.195925220137823,-0.159878350399609,
-0.967497917924088),(0.233765061288131,0.0978235917655206,-0.967359520041566),
(0.318950951027367,0.772044969280573,-0.54974253632705),(0.261213330386187,
-0.632487463321161,-0.729196273146071),(0.210446152429877,-0.140056850384074,
-0.967520798529909),(0.242176905603246,0.0738090554652747,-0.967420575408524),
(0.343480804908055,0.831396568048266,-0.436807375506961),(0.214795146975776,
0.321993489926802,-0.922053814742075),(0.29350072851862,-0.70566163070846,
-0.644902306791437),(0.223405147056645,-0.118483167079081,-0.967497741282898),
(0.247694913078146,0.0489625778866082,-0.967600070277957),(0.363197778599116,
0.881166556431657,-0.302709222599912),(0.318633261996298,-0.771898059190358,
-0.550132920818012),(0.233122127164896,-0.0975107512525552,-0.967546240350442),
(0.251718852585207,0.0243261691207163,-0.967494628795993),(0.149114324685277,
-0.281530753635242,-0.947895222549004),(0.225457351349351,0.225885775498076,
-0.947704911430857),(0.251837998726377,0.469916891541644,-0.846023485159444),
(0.342448281080244,-0.831736561576996,-0.436970784974535),(0.242448806738219,
-0.0735391786578073,-0.96737302283739),(0.252225335202161,0.00503872089266455,
-0.967655409520312),(0.36338232016893,-0.880975975954234,-0.303042272925955),
(0.247975806561327,-0.0492656668786399,-0.967512735537503),(0.252454526939376,
-0.00499302168340525,-0.96759587719372),(0.251519598267134,-0.024319968675718,
-0.967546603947919),(0.181139605364714,-0.341522658889897,-0.922253065504849),
(0.177498651620033,-0.264773516299621,-0.947833958950303),(0.246135062488182,
0.202339915166149,-0.947879786547057),(0.28659718331103,0.535339335586301,
-0.794527438350748),(0.246266085368345,0.298249964739025,-0.922171336428606),
(0.255037856818379,0.380807257347103,-0.888786545994743),(0.214506593867314,
-0.40375916971722,-0.889362386238987),(0.20234328311034,-0.246134830789204,
-0.94787912776498),(0.264772477866194,0.177498889057668,-0.947834204567386),
(0.322630522509713,0.604473970453982,-0.72836856397617),(0.273538901031589,
0.273460132823181,-0.922169195635355),(0.296851326030062,0.442548745274849,
-0.846185498747083),(0.252836302061571,-0.470277297292294,-0.845525320739293),
(0.225887271778142,-0.225455259542007,-0.947705052425845),(0.281532590526837,
0.149115563123315,-0.947894482158043),(0.360074305867874,0.672133934802029,
-0.646979495765754),(0.291073075837336,0.353572901177272,-0.888967191788133),
(0.286312436125918,-0.534880259816489,-0.794939177911296),(0.245913841950079,
-0.202591256158311,-0.947883518827893),(0.294549960016035,0.120737336388893,
-0.947978278578295),(0.393851731064908,0.735898400766343,-0.550757984678129),
(0.214647342559482,-0.321532150226725,-0.922249204229926),(0.298422835454758,
0.246493076070366,-0.922054756903575),(0.337530273789177,0.504832113916138,
-0.794492196962794),(0.324011504475222,-0.603804998020051,-0.728310420997606),
(0.264436809318384,-0.177248765862104,-0.947974708986413),(0.304652003718155,
0.0938145258046343,-0.947832259093646),(0.423916794837595,0.793919763419524,
-0.43587378942362),(0.359754587010675,-0.672541974224424,-0.646733275803166),
(0.281629129608709,-0.149073319561279,-0.947872448566168),(0.312334410118544,
0.0631731871213769,-0.947869381658058),(0.449114295118314,0.840719718157316,
-0.302467693186997),(0.392009043239149,-0.736457721330007,-0.551324708962097),
(0.29503368940822,-0.121135887947959,-0.947776987885459),(0.316867149092516,
0.0304430311287862,-0.947981240152817),(0.323738641468332,0.323479236103322,
-0.889131304043587),(0.337934024328887,0.412241773972829,-0.846083515376951),
(0.255761249535089,-0.380651667438945,-0.88864531243472),(0.246491661346356,
-0.298424547522956,-0.922054580988801),(0.321531424161068,0.214644931850647,
-0.922250018437401),(0.381198024986886,0.568979751338053,-0.728663233814761),
(0.424551153618838,-0.793927276162913,-0.43524222925338),(0.304577421840261,
-0.0934573472640546,-0.947891511908143),(0.317158773370731,0.00663197131996209,
-0.948349265529522),(0.449578907761819,-0.840455121357176,-0.302512800853427),
(0.311802120950193,-0.0634992610694473,-0.948022827369993),(0.317318436613133,
-0.0298165846672141,-0.947850189146038),(0.317482362562858,-0.00705418484097572,
-0.94823793846151),(0.296751015153311,-0.442864140283519,-0.846055664986896),
(0.273460133873273,-0.273540047370986,-0.922168855289686),(0.341522116411341,
0.181133322515817,-0.922254500382784),(0.42437135885137,0.634810499088248,
-0.645696972297355),(0.353717952757815,0.291114733275572,-0.888895844273508),
(0.385367999808601,0.469050267120829,-0.794659267634498),(0.376753328175802,
0.376740295627616,-0.846240910946093),(0.337341572624102,-0.504467920566037,
-0.794803611277199),(0.298249500848565,-0.246265331368258,-0.922171687816137),
(0.35714675432314,0.147880143380503,-0.922267672137654),(0.464410056582863,
0.693509018356633,-0.550789016595938),(0.381372680291457,-0.56928921053164,
-0.728330058077773),(0.321994178084556,-0.214792443424242,-0.922054204224185),
(0.369037920230139,0.112794420869968,-0.922544542042725),(0.499981440597818,
0.747424573918169,-0.437464358960789),(0.291115224166051,-0.353715440861901,
-0.888896683059747),(0.380652414463137,0.25576555634312,-0.888643752890819),
(0.434723742136969,0.52919655001313,-0.728674330189167),(0.423392033652342,
-0.633524500860866,-0.647600102415623),(0.341403300768266,-0.181306277988154,
-0.922264506411591),(0.379022873536785,0.076067678709728,-0.922255587996967),
(0.529760136856496,0.791769447960175,-0.304064694883551),(0.411939658286833,
0.337663096605401,-0.846338792163858),(0.429471054517633,0.429869133185002,
-0.794208500122158),(0.465333441314687,-0.693768380923356,-0.54968192805041),
(0.357259041690987,-0.147427781550857,-0.922296604329123),(0.384701344480847,
0.0377347370131409,-0.922269464515213),(0.337662428163622,-0.411936863820757,
-0.846340418999451),(0.323475511804651,-0.323739853838188,-0.889132217557967),
(0.403758657286985,0.214504315790945,-0.88936316832488),(0.483421032921779,
0.590426779475332,-0.646297395172863),(0.500080049924933,-0.748069395097757,
-0.436247777971594),(0.368772414774172,-0.113601745172091,-0.922551651451278),
(0.386162264707526,0.0100641745258438,-0.922375963318141),(0.52925883150304,
-0.792260571324182,-0.303658157145692),(0.379209356688859,-0.0754618474552824,
-0.922228699064531),(0.384396081124182,-0.0378757767784322,-0.922390957430634),
(0.385553976762251,-0.0100437613945955,-0.922630616151373),(0.385195441703466,
-0.469282637234299,-0.794605737508415),(0.353573232879253,-0.291074949480958,
-0.888966446372399),(0.422294815871013,0.174870103307658,-0.889431017818491),
(0.528391980372339,0.645762517171326,-0.551173916740216),(0.44286395059071,
0.296754396281479,-0.846054578354614),(0.484108975317482,0.483667773273231,
-0.729180351568782),(0.469279681860422,0.385195394151805,-0.794607505953233),
(0.435186480583956,-0.529264307387058,-0.728348831291056),(0.380809738602251,
-0.255036899484776,-0.888785757585526),(0.437724512725223,0.134107556625669,
-0.889051412582737),(0.569992492175225,0.695638115575761,-0.437259843825247),
(0.376741061759912,-0.376750351742501,-0.846241894995701),(0.470278731111661,
0.252843016213886,-0.845522515499067),(0.539204285737007,0.538295533972402,
-0.647685615363048),(0.484053226142108,-0.589512944767077,-0.646658304062869),
(0.404140275007867,-0.214969226618121,-0.889077538645406),(0.448883408611636,
0.0893123894212902,-0.889115843166153),(0.604078477186174,0.73706501407056,
-0.303025342889994),(0.504463978361756,0.337338853688501,-0.794807267409879),
(0.529261768136002,0.435189866479303,-0.728348653395666),(0.528396676087129,
-0.645555296484356,-0.551412107122313),(0.421806391203553,-0.175224813834152,
-0.8895929591429),(0.455438948434044,0.0445459038452651,-0.889151858064696),
(0.429872428491615,-0.429468614951137,-0.794208035715248),(0.412245374997318,
-0.337932495969629,-0.846082371262431),(0.492382005322053,0.203232509389542,
-0.846319388861122),(0.590093653628776,0.590958213386278,-0.550052606555355),
(0.570031880604548,-0.695784441361738,-0.436975589997173),(0.437516682762497,
-0.133778060040076,-0.889203341737093),(0.457163352051742,0.0109614153879599,
-0.889315195481055),(0.604512865533549,-0.736760568121701,-0.302899423349412),
(0.449189022829469,-0.0891380885102796,-0.888978977786449),(0.457515517661926,
-0.0108488875038405,-0.889135452413449),(0.455536162745277,-0.0448138422032912,
-0.889088591749038),(0.483671144158913,-0.484108910743847,-0.729178158508889),
(0.44254827064875,-0.296852325885039,-0.846185396211991),(0.510042145709555,
0.154987357302856,-0.846070876863322),(0.636066662050499,0.636519859548883,
-0.436189946958669),(0.534878031251979,0.286314839136518,-0.794939811919265),
(0.589511056628181,0.484051672131926,-0.646661188582872),(0.569287621183963,
0.381373162697357,-0.728331047766687),(0.538301000813276,-0.539202021597043,
-0.647682956722722),(0.469914977679559,-0.251838196038137,-0.84602448946155),
(0.522858802142535,0.10424468932433,-0.846021109529631),(0.673900785758721,
0.673589925347235,-0.303536395551645),(0.469050273047847,-0.385365824159907,
-0.794660319207708),(0.561102217650863,0.232509093445894,-0.794420432020886),
(0.645553114596111,0.528396463632705,-0.55141486510223),(0.590957521950049,
-0.590092589108716,-0.550054491418468),(0.492497971086602,-0.204049116133203,
-0.846055380386438),(0.530845941291433,0.0521546328749174,-0.845861975078733),
(0.603804172508963,0.324010259565877,-0.728311659220707),(0.63352320276344,
0.423394327677207,-0.647599872491586),(0.636517151484396,-0.636069138450063,
-0.436190287578236),(0.510564351966736,-0.154671309890154,-0.845813707856317),
(0.53335175161831,0.0129600270094957,-0.845794269752162),(0.529199442110959,
-0.434723594273664,-0.728672318021782),(0.504830506608808,-0.337531434777919,
-0.794492725035197),(0.581763648701476,0.176729975993041,-0.793925420071083),
(0.695781813336021,0.570032491956245,-0.43697897700575),(0.673586821465365,
-0.673903509286925,-0.303537236791392),(0.522645444911783,-0.104436158945112,
-0.846129320859262),(0.530492277322482,-0.0522526466014936,-0.846077776935635),
(0.533013652770648,-0.0127566602114642,-0.846010468954339),(0.590424681962562,
-0.483422513164889,-0.646298204155597),(0.535338258986251,-0.286597448637289,
-0.794528068037981),(0.595954154622658,0.119163139484374,-0.794127692362016),
(0.736760288345098,0.604515348107823,-0.302895149217886),(0.632487118780993,
0.261216033024389,-0.729195603845168),(0.693766627865124,0.465332352153636,
-0.549685062649349),(0.672544332871196,0.359752792826991,-0.646731821063429),
(0.644702444498798,-0.52924279541946,-0.551598424176385),(0.560375568040883,
-0.232569957047402,-0.794915365194199),(0.604383994926782,0.0584919005956442,
-0.794543066322432),(0.568977167124626,-0.381199741589276,-0.728664353665736),
(0.65488430134473,0.197293712982465,-0.729521584786782),(0.748069234176097,
0.50008014013435,-0.436247950507961),(0.695465338606934,-0.570547709881008,
-0.436810340474994),(0.5814045616363,-0.176293740187763,-0.794285372444383),
(0.606813046319021,0.0138699417540762,-0.794723569257115),(0.737064582041896,
-0.604079937584477,-0.303023482435505),(0.596157991752362,-0.119021424957048,
-0.793995937817685),(0.705665576037875,0.293503353816601,-0.644896794916474),
(0.736459690610988,0.392002353176871,-0.551326835197565),(0.604934430969502,
-0.058709397168289,-0.794108015896919),(0.607208487662691,-0.0138625547427548,
-0.79442160222793),(0.633466566014763,-0.424174128512165,-0.647144820300997),
(0.603473691446975,-0.323738313453766,-0.728706393641138),(0.672032760965041,
0.134325842123778,-0.728236593647588),(0.792263479910191,0.529257779873721,
-0.303652401346894),(0.69389190223269,-0.464285184780308,-0.550411932292001),
(0.633411557090276,-0.261358980302547,-0.728341460277859),(0.682309513254293,
0.0676186909998889,-0.727929557546712),(0.729753616466456,0.221107070412366,
-0.646970882395637),(0.79392958961739,0.424545782140094,-0.43524324876673),
(0.771899544194227,0.318633134756794,-0.550130910881949),(0.748463877490688,
-0.500043584837237,-0.435612485306297),(0.655248217058761,-0.197992563202947,
-0.729005294190407),(0.683776537333486,0.0160660753637232,-0.729514583962949),
(0.791770553106815,-0.529760285623172,-0.304061557927641),(0.671483933023518,
-0.134131623240475,-0.728778454221955),(0.683824223049107,-0.0165843416792154,
-0.729458286389532),(0.672160846248724,-0.360004450504529,-0.646990411356406),
(0.747206360947752,0.147748148426346,-0.647960754055216),(0.840457908735269,
0.449577894826613,-0.302506562123219),(0.682054541849032,-0.066848006854428,
-0.728239621225526),(0.800136143074654,0.244318136524278,-0.547805440563455),
(0.831735939655732,0.34244482677345,-0.43697467581211),(0.736742061922207,
-0.392854319921304,-0.550342273057218),(0.705374170322869,-0.291945272237442,
-0.645922006018939),(0.759130675789092,0.0747541133062538,-0.646631610439663),
(0.793920457984335,-0.423914698274205,-0.435874563356286),(0.729741980770946,
-0.221546545616061,-0.646833649113964),(0.762608975584201,0.0189951013459978,
-0.646580804295388),(0.81964417287079,0.163266871367883,-0.549115068626514),
(0.880975940670028,0.363377830707521,-0.303047758795303),(0.861346449671934,
0.261357596780873,-0.435631151597864),(0.840721200935921,-0.449113534928558,
-0.302464700487242),(0.747737963317842,-0.148442945827208,-0.647188249311919),
(0.759019743087959,-0.0744163797593645,-0.646800766871993),(0.762261311628066,
-0.0189669264571143,-0.646991459368538),(0.772044797400066,-0.318949480548372,
-0.549743630854796),(0.83057828970044,0.0806588145745856,-0.551029817986027),
(0.882604241211284,0.177017371169757,-0.435516479251936),(0.911529038060493,
0.276600161637257,-0.304314250988604),(0.831396935351763,-0.343479476819171,
-0.436807720732734),(0.799747010340209,-0.243395897483609,-0.548783342075948),
(0.834947953890248,0.0203444824828441,-0.549952740084994),(0.881168352882599,
-0.363196426077748,-0.302705616007563),(0.819687825466564,-0.162943477517027,
-0.549145965947628),(0.834995808593913,-0.0198736134108433,-0.549897298702761),
(0.895909072624299,0.0875162441088427,-0.435531675778639),(0.830809007229567,
-0.0817218212653238,-0.550525146959974),(0.934295220994656,0.186407081959569,
-0.303882937694544),(0.861959491971638,-0.260735159459077,-0.434790766716412),
(0.900130795143234,0.0211513340181731,-0.435105932738294),(0.948837232767676,
0.092635364275336,-0.30187181882275),(0.911337069768851,-0.277001337849296,
-0.304524225792998),(0.882406897192953,-0.177101662018436,-0.435881943990127),
(0.895491663165848,-0.0879108710630578,-0.436309935652853),(0.900147420618794,
-0.0207861986030082,-0.435089134662047),(0.952544382204955,0.0217825580376291,
-0.303619367127853),(0.933988570264107,-0.187078279998915,-0.304412660329127),
(0.949212157490974,-0.0913744433109427,-0.301076387617736),(0.952759213320451,
-0.0222985115967103,-0.302907011826346)),$,(4,4,4,3,3,2,2,1,755,755,30,
30,906,906,808,808,816,816,829,829,842,842,862,862,882,882,146,146,5,5,
145,6,6,147,7,7,149,148,8,8,150,9,9,10,10,151,11,11,153,152,12,12,13,13,
154,14,14,155,15,15,157,156,27,16,16,158,17,17,18,18,160,159,19,19,20,20,
161,21,21,163,162,22,22,23,23,164,24,24,165,25,25,167,166,26,26,26,28,28,
168,168,806,806,34,34,910,910,812,812,819,819,827,827,846,846,866,866,886,
886,38,38,37,29,41,41,42,33,50,50,54,54,53,64,64,49,68,68,84,84,83,63,88,
88,87,67,104,104,936,936,103,108,108,940,940,128,128,132,132,131,107,184,
184,183,127,188,188,320,320,324,324,224,224,228,228,187,274,274,223,278,
278,227,340,340,339,273,344,344,343,277,480,480,479,319,484,484,483,323,
394,394,968,968,393,972,972,398,398,397,462,462,466,466,465,534,534,533,
461,538,538,537,674,674,678,678,614,614,618,618,714,714,613,747,747,746,
617,757,757,757,756,756,673,804,804,804,803,803,677,1004,1004,1044,1044,
1092,1092,1144,1144,1200,1200,1268,1268,1347,1347,1482,1482,1482,1481,1481,
713,1008,1008,1048,1048,1096,1096,1148,1148,1204,1204,1272,1272,1381,1381,
1500,1500,1500,1499,1499,754,807,758,758,759,759,661,760,760,761,761,627,
762,762,763,763,750,764,764,765,765,697,766,766,767,767,748,768,768,698,
769,769,770,770,751,771,771,772,772,628,773,773,774,774,662,775,775,776,
776,675,777,777,778,778,676,805,779,779,663,780,780,781,781,629,782,782,
783,783,595,784,784,752,785,785,786,786,787,787,699,788,788,789,789,603,
790,790,749,791,791,792,792,604,793,793,700,794,794,795,795,753,796,796,
797,797,798,798,596,799,799,630,800,800,801,801,664,802,802,811,828,815,
832,820,841,865,845,881,861,885,909,935,905,967,971,939,1007,1043,1003,
1095,1047,1143,1091,1147,1203,1267,1199,1380,1271,1484,1484,1484,1483,1483,
1348,1498,1498,1498,1497,1497,1388,1388,1385,1385,1386,1386,1390,1390,1387,
1387,730,1389,1389,1364,1392,1392,1391,1391,1393,1393,1394,1394,1395,1395,
711,1396,1396,1398,1398,1397,1397,1399,1399,1400,1400,1401,1401,1402,1402,
1404,1404,1403,1403,1382,1406,1406,1405,1405,1407,1407,1408,1408,1410,1410,
1409,1409,1384,1412,1412,1411,1411,1413,1413,1414,1414,1415,1415,1416,1416,
1418,1418,1417,1417,1420,1420,1419,1419,1421,1421,1422,1422,1423,1423,1424,
1424,1426,1426,1425,1425,1522,1522,1427,1427,1428,1428,1429,1429,1529,1529,
1430,1430,1432,1432,1431,1431,1433,1433,1535,1535,1434,1434,1436,1436,1435,
1435,1437,1437,1540,1540,1438,1438,1439,1439,1440,1440,1641,1442,1442,1441,
1441,1547,1547,1569,1569,1443,1443,1734,1444,1444,1446,1446,1554,1554,1445,
1445,1448,1448,1447,1447,1450,1450,1449,1449,1561,1561,1451,1451,1452,1452,
1454,1454,1453,1453,1568,1568,1456,1456,1455,1455,1458,1458,1457,1457,1573,
1573,1574,1574,1459,1459,1460,1460,1462,1462,1461,1461,1579,1579,1580,1580,
1463,1463,1464,1464,1465,1465,1466,1466,1735,1585,1585,1589,1589,1597,1597,
1601,1601,1467,1467,1468,1468,1470,1470,1469,1469,1472,1472,1471,1471,1474,
1474,1473,1473,1475,1475,1476,1476,1477,1477,1478,1478,1480,1480,1479,1479,
1486,1486,1485,1485,1487,1487,1488,1488,1490,1490,1489,1489,1492,1492,1491,
1491,1493,1493,1494,1494,1496,1496,1495,1495,1506,1506,1505,1505,1501,1501,
1502,1502,1504,1504,1503,1503,1507,1507,1510,1510,1526,1526,1527,1527,1508,
1508,1379,1509,1509,1378,1534,1534,1521,1521,1514,1514,1511,1511,1512,1512,
1516,1516,1513,1513,1515,1515,1383,1518,1518,1517,1517,1519,1519,712,1520,
1520,1523,1523,1525,1525,1524,1524,1528,1528,1377,1530,1530,1532,1532,1531,
1531,1545,1545,1546,1546,1533,1533,1376,1536,1536,1537,1537,1538,1538,1552,
1552,1539,1539,1541,1541,1543,1543,1542,1542,1544,1544,1375,1548,1548,1550,
1550,1549,1549,1551,1551,1374,1560,1560,1559,1559,1555,1555,1556,1556,1557,
1557,1565,1565,1553,1553,1558,1558,1373,1562,1562,1564,1564,1563,1563,1566,
1566,1372,1642,1642,1667,1643,1643,1666,1570,1570,1571,1571,1578,1578,1567,
1567,1572,1572,1371,1576,1576,1575,1575,1639,1577,1577,1370,1582,1582,1581,
1581,1594,1594,1583,1583,1584,1584,1586,1586,1587,1587,1588,1369,1591,1591,
1592,1592,1590,1590,1596,1596,1599,1599,1598,1598,1610,1610,1593,1600,1600,
1603,1603,1602,1602,1777,1777,1605,1605,1606,1606,1607,1607,1608,1608,1612,
1612,1613,1613,1914,1914,1902,1902,1904,1904,1906,1906,1910,1910,1615,1615,
1614,1614,1640,1640,1609,1595,1604,1616,1616,1918,1918,1617,1617,1618,1618,
1770,1770,1619,1619,1621,1621,1620,1620,1922,1922,1623,1623,1622,1622,1624,
1624,1757,1757,1763,1763,1768,1768,1775,1775,1780,1780,1787,1787,1625,1625,
1627,1627,1626,1626,1759,1759,1765,1765,1630,1630,1629,1629,1631,1631,1632,
1632,1634,1634,1633,1633,1749,1749,1753,1753,1635,1635,1748,1748,1755,1755,
1636,1636,1637,1637,1638,1638,1745,1745,1679,1679,1736,1678,1628,1611,1645,
1645,1644,1644,1646,1646,1647,1647,1649,1649,1648,1648,1651,1651,1650,1650,
1652,1652,1653,1653,1654,1654,1655,1655,1657,1657,1656,1656,1659,1659,1658,
1658,1660,1660,1672,1672,1674,1674,1676,1676,1661,1661,1664,1664,1662,1662,
1673,1673,1663,1663,1663,1669,1669,1669,1668,1668,1665,1665,1665,1671,1671,
1671,1670,1670,1675,1675,1677,1677,1681,1681,1680,1680,1687,1687,1686,1682,
1685,1683,1683,1684,1684,1688,1688,1689,1689,1695,1695,1694,1690,1693,1692,
1692,1691,1691,1698,1698,1697,1697,1699,1699,1700,1700,1696,1701,1701,1705,
1705,1704,1704,1702,1703,1703,1706,1706,1707,1707,1708,1708,1709,1820,1820,
1711,1711,1710,1710,1712,1712,1713,1713,1714,1714,1715,1715,1879,1879,1878,
1878,1737,1804,1804,1716,1716,1717,1717,1718,1718,1719,1719,1738,1792,1792,
1720,1720,1721,1721,1722,1722,1723,1723,1739,1784,1784,1724,1724,1725,1725,
1727,1727,1762,1762,1740,1772,1772,1726,1726,1728,1728,1729,1729,1752,1752,
1730,1730,1731,1731,1743,1743,1732,1732,1732,1742,1742,1742,1733,1733,1733,
1744,1744,1744,1741,1741,1751,1751,1747,1747,1746,1746,1750,1750,1754,1754,
1756,1756,1761,1761,1758,1758,1760,1760,1764,1764,1766,1766,1767,1767,1774,
1774,1769,1769,1771,1771,1776,1776,1778,1778,1773,1773,1786,1786,1779,1779,
1781,1781,1782,1782,1783,1783,1790,1790,1789,1789,1788,1788,1785,1785,1798,
1798,1791,1791,1793,1793,1794,1794,1931,1931,1795,1795,1796,1796,1797,1797,
1800,1800,1801,1801,1803,1803,1802,1802,1810,1810,1799,1799,1806,1806,1805,
1805,1807,1807,1808,1808,1809,1809,1813,1813,1812,1812,1814,1814,2653,1815,
1815,1876,1826,1826,1811,1811,1816,1816,1926,1926,1817,1817,1819,1819,1818,
1818,1822,1822,1821,1821,1930,1930,1823,1823,1824,1824,1825,1825,1828,1828,
1934,1934,1829,1829,1935,1935,1831,1831,1830,1830,1998,1838,1838,1827,1827,
1832,1834,1834,1833,1833,1938,1938,1939,1939,1836,1836,1835,1835,1839,1839,
1943,1943,1840,1840,1940,1940,1841,1841,1842,1842,1863,1863,1837,1844,1844,
1946,1946,1845,1845,1947,1947,1847,1847,1846,1846,1849,1849,1848,1848,2652,
1950,1950,1954,1954,1958,1958,1951,1951,1850,1850,1851,1851,1853,1853,1854,
1854,1955,1955,1856,1856,1855,1855,1858,1858,1857,1857,1860,1860,1859,1859,
1865,1865,1864,1864,1866,1866,1867,1867,2056,1877,1877,1862,1843,1852,1870,
1870,1869,1869,1872,1872,1871,1871,1874,1874,1873,1873,1999,1999,2654,1875,
1868,1881,1881,1880,1880,2650,2039,1882,1882,1883,1883,1885,1885,1884,1884,
1886,1886,1887,1887,1888,1888,1889,1889,1891,1891,1890,1890,1893,1893,1892,
1892,1894,1894,1895,1895,1897,1897,1896,1896,1900,1900,1898,1898,1899,1899,
1899,2618,2618,1901,1901,1901,2038,2038,1905,1905,1903,1903,1907,1907,1909,
1909,1908,1908,1911,1911,1912,1912,1913,1913,1915,1915,1917,1917,1916,1916,
1919,1919,1920,1920,1921,1921,1923,1923,1925,1925,1924,1924,1927,1927,1929,
1929,1928,1928,1932,1932,1933,1933,1937,1937,1936,1936,1941,1941,1942,1942,
1944,1944,1945,1945,2055,1949,1949,1948,1948,2651,1952,1952,1953,1953,1957,
1957,1956,1956,1959,1959,1961,1961,1960,1960,1962,1962,1963,1963,1964,1964,
1965,1965,1967,1967,1966,1966,1969,1969,1968,1968,1970,1970,1971,1971,1972,
1972,1973,1973,1974,1974,1975,1975,1977,1977,1976,1976,1979,1979,1978,1978,
1981,1981,1980,1980,1982,1982,1983,1983,1984,1984,1985,1985,1986,1986,1987,
1987,1988,1988,1989,1989,1991,1991,1990,1990,1993,1993,1992,1992,1995,1995,
1994,1994,1996,1996,1997,1997,2003,2003,2002,2000,2001,2007,2007,2006,2004,
2005,2010,2010,2009,2009,2008,2011,2011,2062,2061,2012,2012,2013,2013,2014,
2014,2015,2015,2063,2064,2016,2016,2017,2017,2018,2018,2019,2019,2065,2066,
2020,2020,2021,2021,2022,2022,2023,2023,2067,2068,2024,2024,2025,2025,2026,
2026,2027,2027,2069,2070,2028,2028,2029,2029,2031,2031,2071,2030,2030,2072,
2033,2033,2032,2032,2036,2036,2034,2034,2035,2035,2035,2073,2073,2037,2037,
2037,2649,2649,2153,2153,2221,2221,2149,2149,2217,2217,2148,2152,2273,2273,
2272,2216,2277,2277,2276,2220,2325,2325,2324,2329,2329,2372,2372,2377,2377,
2376,2328,2413,2413,2412,2373,2417,2417,2416,2452,2452,2453,2453,2954,2954,
2481,2481,2480,2730,2730,2798,2798,2854,2854,2906,2906,2448,2485,2485,2958,
2958,2484,2734,2734,2802,2802,2857,2857,2910,2910,2451,3136,3136,2510,2510,
2994,2994,3030,3030,3062,3062,3092,3092,3116,3116,2511,2511,3140,3140,2998,
2998,3034,3034,3066,3066,3096,3096,3120,3120,2535,2535,3196,3196,2512,3156,
3156,3170,3170,3182,3182,3190,3190,2538,2538,3198,3198,2539,3160,3160,3174,
3174,3186,3186,3194,3194,2515,2555,2555,2554,2534,2559,2559,2575,2575,2574,
2579,2579,2578,2558,2589,2589,2588,2593,2593,2592,2601,2601,2605,2605,2609,
2609,2608,2600,2613,2613,2604,2615,2615,2617,2617,2616,2612,2614,2797,2729,
2801,2733,2858,2905,2853,2953,2909,2957,3029,2993,3033,2997,3065,3091,3061,
3095,3135,3115,3139,3119,3155,3173,3159,3169,3189,3181,3193,3185,3195,3197,
31,35,311,307,291,269,261,241,219,207,181,321,182,322,209,313,221,243,263,
271,293,309,208,312,220,308,242,262,270,292,32,210,222,244,264,272,294,
310,314,43,55,36,46,58,89,109,69,72,92,133,112,136,189,229,192,279,232,
345,399,282,348,471,474,467,470,402,539,619,542,715,622,745,813,809,821,
593,449,601,543,602,594,544,472,450,481,473,482,810,451,441,545,409,499,
518,429,500,430,546,442,410,452,814,847,833,824,836,867,850,870,887,911,
890,914,941,973,1009,944,976,1012,1049,1097,1052,1100,1149,1205,1208,1152,
1273,1349,1276,615,616,1269,1270,729,624,620,632,640,644,650,654,666,670,
684,688,694,702,706,709,1363,1274,1278,1282,1290,1294,1300,1304,1312,1316,
1324,1328,1334,1338,1342,1345,2054,2633,1280,1284,1365,1275,1279,1283,1291,
1295,1301,1305,1313,1317,1325,1329,1335,1339,1343,1346,731,621,625,633,
641,645,651,655,667,671,685,689,695,703,707,710,1292,1296,1302,1306,1314,
1318,2619,2040,1326,1330,1368,1336,1366,1367,2648,1861,2732,2634,2656,2659,
2727,2723,2663,2667,2673,2677,2685,2689,2696,2701,2707,2711,2719,2731,2150,
2057,2151,2075,2078,2146,2082,2086,2092,2096,2104,2108,2116,2120,2126,2130,
2138,2142,2725,2144,2074,2077,2145,2081,2141,2085,2091,2095,2103,2107,2115,
2119,2125,2129,2137,2655,2658,2726,2662,2722,2666,2672,2676,2684,2688,2695,
2700,2706,2710,2718,2058,2060,2059,2097,2105,2093,2109,2117,2121,2127,2131,
2139,2143,2147,2212,2320,2268,2215,2271,2368,2323,2371,2408,2444,2411,2476,
2506,2447,2479,2530,2509,2533,2550,2570,2584,2553,2573,2596,2599,2587,2606,
2610,2607,2611,2793,2849,2728,2796,2852,2949,2901,2989,2904,2952,3025,3057,
2992,3028,3060,3087,3111,3090,3131,3151,3114,3134,3165,3168,3154,3177,3187,
3191,3180,3188,3192,44,40,39,47,56,60,52,45,51,59,73,439,407,375,335,295,
249,250,337,297,377,296,336,376,408,440,298,338,378,75,79,57,66,48,76,70,
80,65,97,61,62,71,93,99,85,86,94,90,100,117,118,74,77,78,91,125,81,82,95,
96,113,105,110,106,114,122,121,137,138,111,173,174,98,101,102,115,116,141,
169,134,142,130,129,170,177,178,135,197,119,120,123,124,199,200,143,144,
215,216,126,139,140,171,172,193,203,190,194,185,186,204,211,212,191,233,
234,195,196,251,175,176,179,180,253,254,205,206,237,245,226,230,225,238,
246,257,258,231,265,266,239,240,283,284,198,201,202,213,214,303,304,247,
248,325,217,218,235,236,287,299,280,288,275,276,300,315,316,281,327,328,
259,260,331,332,289,290,497,427,365,428,498,366,353,354,301,302,361,362,
252,255,256,267,268,371,372,317,318,349,357,342,346,341,350,358,367,368,
347,379,380,351,352,383,285,286,305,306,385,386,333,334,389,390,359,360,
415,416,369,370,423,424,326,329,330,355,356,403,411,400,404,396,395,412,
419,420,401,435,436,381,382,431,432,405,406,517,443,444,413,414,447,363,
364,373,374,453,454,391,392,457,458,421,422,489,490,433,434,475,485,463,
464,476,468,486,493,494,469,501,502,384,387,388,417,418,505,506,477,478,
513,514,487,488,509,510,445,446,519,520,495,496,523,425,426,437,438,525,
526,459,460,529,530,507,508,547,551,536,540,535,548,552,563,564,541,567,
568,549,550,555,556,515,516,571,572,553,554,559,560,448,455,456,491,492,
579,580,565,566,575,576,521,522,585,586,569,570,583,503,504,511,512,589,
590,531,532,597,598,573,574,623,631,639,643,626,649,634,609,610,581,582,
653,642,605,606,524,527,528,557,558,665,646,635,636,587,588,669,652,647,
561,562,577,578,657,658,599,600,683,656,716,717,718,719,744,720,743,687,
668,721,742,679,680,584,591,592,611,612,722,741,693,672,723,740,724,739,
691,607,608,637,638,701,686,725,738,2620,2622,2621,2623,2646,2647,2645,
726,737,705,648,659,660,690,2625,2624,2626,2644,2643,727,736,2628,2627,
2641,2642,681,682,696,728,735,2630,2629,2639,2640,692,704,734,2638,2721,
708,732,2717,2709,2705,2724,2720,2699,2712,2632,2631,2697,2687,2708,733,
2683,2702,2698,2690,2637,2675,2671,2686,2678,2636,2665,2661,2674,2635,2657,
2668,2664,2660,2789,2785,2773,2769,2765,2757,2751,2743,2735,2713,2691,2679,
2669,2670,2800,2795,2681,2693,2715,2737,2745,2753,2759,2767,2771,2775,2787,
2791,2694,2682,2716,2738,2746,2754,2760,2768,2772,2776,2788,2792,822,825,
818,817,837,834,838,830,823,831,851,853,857,844,848,843,835,826,854,858,
875,839,840,849,871,868,872,864,863,878,877,895,896,852,855,856,869,903,
859,860,873,874,891,899,884,892,888,900,883,915,916,889,927,928,876,879,
880,893,894,919,923,907,908,920,912,924,931,932,913,949,897,898,901,902,
951,952,921,922,963,964,904,917,918,925,926,945,955,938,942,937,946,956,
959,960,943,977,978,947,948,989,929,930,933,934,991,992,957,958,981,985,
974,982,970,969,986,995,996,975,999,1000,983,984,1013,1014,950,953,954,
961,962,1025,1026,987,988,1033,965,966,979,980,1017,1021,1005,1006,1018,
1010,1022,1029,1030,1011,1035,1036,997,998,1039,1040,1019,1020,1057,1058,
1023,1024,1065,1066,990,993,994,1001,1002,1073,1074,1031,1032,1053,1061,
1046,1050,1045,1054,1062,1069,1070,1051,1077,1078,1055,1056,1081,1015,1016,
1027,1028,1083,1084,1041,1042,1087,1088,1063,1064,1109,1110,1071,1072,1117,
1118,1034,1037,1038,1059,1060,1101,1105,1098,1102,1093,1094,1106,1113,1114,
1099,1125,1126,1079,1080,1121,1122,1103,1104,1129,1130,1107,1108,1133,1067,
1068,1075,1076,1135,1136,1089,1090,1139,1140,1115,1116,1161,1162,1123,1124,
1153,1157,1146,1150,1145,1154,1158,1165,1166,1151,1169,1170,1082,1085,1086,
1111,1112,1173,1174,1155,1156,1181,1182,1159,1160,1177,1178,1131,1132,1185,
1186,1167,1168,1189,1119,1120,1127,1128,1191,1192,1141,1142,1195,1196,1175,
1176,1209,1213,1206,1210,1202,1201,1214,1221,1224,1207,1229,1230,1215,1211,
1212,1217,1218,1183,1184,1233,1234,1225,1216,1222,1223,1134,1137,1138,1163,
1164,1241,1242,1228,1237,1238,1187,1188,1247,1248,1231,1232,1245,1171,1172,
1179,1180,1251,1252,1197,1198,1255,1256,1235,1236,1277,1281,1289,1293,1299,
1263,1264,1243,1244,1303,1259,1260,1190,1193,1194,1219,1220,1311,1285,1286,
1249,1250,1315,1297,1226,1227,1239,1240,1307,1308,1257,1258,1323,1350,1351,
1352,1353,1354,1327,1355,1319,1246,1253,1254,1265,1266,1356,1333,1357,1358,
1320,1261,1262,1287,1288,1337,1359,2041,2042,2044,2043,2045,1360,2046,1331,
1341,1298,1309,1310,2047,1361,2048,1321,1322,2050,2049,1362,2051,1332,1340,
2052,2140,2136,2053,1344,2128,2124,2118,2114,2106,2102,2094,2090,2084,2080,
2076,2204,2208,2192,2188,2184,2176,2170,2162,2154,2132,2110,2098,2088,2213,
2219,2218,2209,2099,2111,2133,2155,2163,2171,2177,2185,2189,2205,2195,2799,
2790,2794,2680,2692,2714,2736,2744,2752,2758,2766,2770,2774,2786,2079,2089,
2100,2134,2112,2156,2164,2172,2178,2186,2190,2196,2206,2210,2214,2083,2101,
2087,2113,2135,2157,2165,2173,2179,2187,2191,2199,2207,2211,2264,2260,2252,
2244,2236,2232,2222,2200,2180,2166,2158,2122,2269,2265,2275,2274,2159,2167,
2181,2201,2223,2233,2237,2245,2261,2253,2123,2168,2182,2160,2202,2224,2234,
2238,2246,2254,2262,2266,2270,2161,2169,2183,2203,2225,2235,2239,2247,2255,
2263,2267,2175,2198,2229,2174,2228,2197,2242,2243,2193,2194,2258,2259,2226,
2227,2280,2281,2231,2251,2240,2241,2290,2291,2256,2257,2298,2299,2250,2284,
2285,2278,2279,2306,2307,2288,2289,2314,2315,2287,2296,2297,2318,2319,2304,
2313,2305,2317,2322,2230,2294,2295,2312,2327,2316,2321,2326,2248,2249,2310,
2311,2302,2303,2282,2283,2332,2333,2336,2337,2292,2293,2342,2343,2339,2308,
2309,2350,2351,2286,2346,2347,2330,2331,2358,2359,2340,2341,2366,2367,2348,
2349,2357,2370,2354,2355,2300,2301,2362,2363,2356,2365,2375,2364,2374,2369,
2334,2335,2380,2381,2384,2385,2387,2344,2345,2390,2391,2360,2361,2398,2399,
2338,2394,2395,2378,2379,2402,2403,2406,2407,2388,2389,2410,2352,2353,2420,
2421,2396,2397,2415,2400,2401,2409,2414,2382,2383,2424,2425,2428,2429,2431,
2392,2393,2434,2435,2386,2442,2443,2418,2419,2438,2439,2456,2457,2422,2423,
2446,2404,2405,2460,2461,2432,2433,2450,2436,2437,2445,2449,2426,2427,2464,
2465,2468,2469,2471,2440,2441,2474,2475,2430,2488,2489,2458,2459,2478,2492,
2493,2462,2463,2483,2454,2455,2496,2497,2472,2473,2477,2482,2466,2467,2500,
2501,2504,2505,2517,2486,2487,2508,2470,2520,2521,2494,2495,2514,2498,2499,
2524,2525,2507,2513,2490,2491,2528,2529,2502,2503,2532,2542,2543,2545,2518,
2519,2537,2526,2527,2536,2516,2548,2549,2531,2562,2563,2522,2523,2552,2540,
2541,2557,2566,2567,2569,2546,2547,2551,2556,2544,2572,2582,2583,2560,2561,
2577,2564,2565,2576,2586,2571,2595,2568,2591,2598,2580,2581,2585,2590,2603,
2594,2602,2597,2845,2841,2833,2825,2817,2813,2803,2781,2761,2747,2739,2703,
2855,2850,2856,2740,2748,2762,2782,2804,2814,2818,2826,2834,2842,2846,2704,
2741,2749,2763,2783,2805,2815,2819,2827,2835,2843,2847,2851,2742,2750,2764,
2784,2806,2816,2820,2828,2836,2844,2848,2756,2779,2780,2809,2810,2755,2823,
2824,2812,2777,2778,2839,2840,2807,2808,2861,2862,2831,2832,2821,2822,2871,
2872,2837,2838,2879,2880,2865,2866,2859,2860,2887,2888,2869,2870,2895,2896,
2868,2877,2878,2899,2900,2885,2886,2903,2811,2875,2876,2893,2894,2908,2897,
2898,2907,2902,2829,2830,2891,2892,2883,2884,2863,2864,2913,2914,2917,2918,
2873,2874,2923,2924,2920,2889,2890,2931,2932,2867,2927,2928,2911,2912,2939,
2940,2921,2922,2947,2948,2929,2930,2951,2935,2936,2881,2882,2943,2944,2937,
2938,2956,2945,2946,2950,2955,2915,2916,2961,2962,2965,2966,2968,2925,2926,
2971,2972,2941,2942,2979,2980,2919,2975,2976,2959,2960,2983,2984,2987,2988,
2969,2970,2991,2933,2934,3001,3002,2977,2978,2996,2981,2982,2990,2995,2963,
2964,3005,3006,3009,3010,3012,2973,2974,3015,3016,2967,3023,3024,2999,3000,
3019,3020,3037,3038,3003,3004,3027,2985,2986,3041,3042,3013,3014,3032,3017,
3018,3031,3026,3007,3008,3045,3046,3049,3050,3052,3021,3022,3055,3056,3011,
3069,3070,3039,3040,3059,3073,3074,3043,3044,3064,3035,3036,3077,3078,3053,
3054,3058,3063,3047,3048,3081,3082,3085,3086,3098,3067,3068,3089,3051,3101,
3102,3075,3076,3094,3079,3080,3105,3106,3088,3093,3071,3072,3109,3110,3083,
3084,3113,3123,3124,3126,3099,3100,3118,3107,3108,3117,3097,3129,3130,3112,
3143,3144,3103,3104,3133,3121,3122,3138,3147,3148,3150,3127,3128,3132,3137,
3125,3153,3163,3164,3141,3142,3158,3145,3146,3157,3167,3152,3176,3149,3172,
3179,3161,3162,3166,3171,3184,3175,3178,3183),((1,4,6),(8,6,4),(7,9,2),
(11,13,7),(8,12,6),(9,7,15),(15,7,17),(17,7,19),(19,7,21),(21,7,23),(23,
7,25),(25,7,13),(3,27,5),(4,29,8),(31,30,5),(5,27,31),(2,9,28),(29,32,8),
(30,34,33),(31,34,30),(32,35,8),(33,37,36),(38,33,34),(33,38,37),(35,39,
8),(40,36,41),(37,41,36),(39,42,8),(40,41,43),(42,44,8),(43,46,45),(46,
43,41),(44,47,8),(45,49,48),(45,46,50),(50,49,45),(51,8,47),(49,52,48),
(51,53,8),(52,55,54),(52,49,55),(53,56,8),(54,58,57),(58,54,55),(56,59,
8),(57,61,60),(62,57,58),(57,62,61),(63,59,64),(66,65,60),(63,8,59),(61,
66,60),(63,64,67),(66,68,65),(69,63,67),(70,68,71),(68,66,72),(72,71,68),
(63,69,73),(70,71,74),(73,75,63),(76,74,77),(74,71,77),(78,63,75),(80,79,
76),(77,81,76),(76,81,80),(78,82,63),(83,79,80),(82,84,63),(83,86,85),(80,
86,83),(84,87,63),(88,85,89),(89,85,86),(87,90,63),(92,91,88),(89,93,88),
(88,93,92),(90,94,98),(95,91,99),(98,63,90),(91,92,99),(96,101,97),(100,
101,96),(103,97,105),(63,98,104),(101,107,97),(107,109,97),(109,111,97),
(111,113,97),(113,115,97),(115,117,97),(117,105,97),(119,13,11),(121,120,
12),(8,122,12),(122,121,12),(123,103,105),(125,104,124),(126,63,104),(126,
104,125),(127,13,119),(128,120,121),(129,123,105),(130,131,124),(125,124,
131),(132,13,127),(134,133,128),(128,121,134),(135,129,105),(131,130,136),
(137,13,132),(139,138,133),(134,140,133),(140,139,133),(141,135,105),(143,
136,142),(144,131,136),(136,143,144),(137,145,147),(146,138,149),(13,137,
147),(139,149,138),(150,141,152),(143,142,151),(105,152,141),(154,147,145),
(149,155,146),(150,152,156),(158,151,157),(159,143,151),(151,158,159),(154,
160,147),(161,155,162),(149,163,155),(163,162,155),(156,152,164),(157,165,
158),(28,9,166),(27,167,31),(100,168,101),(92,169,99),(160,170,147),(161,
162,171),(164,152,172),(165,173,174),(174,158,165),(170,175,147),(176,171,
177),(177,171,162),(172,152,178),(179,180,173),(174,173,180),(175,181,147),
(183,182,176),(176,177,184),(184,183,176),(178,152,185),(187,179,186),(188,
180,179),(179,187,188),(166,9,189),(190,191,167),(192,31,167),(192,167,
191),(193,101,168),(195,194,169),(92,196,169),(169,196,195),(181,197,199),
(198,182,201),(199,147,181),(183,201,182),(185,202,204),(205,206,186),(202,
185,152),(187,186,206),(197,207,199),(208,198,201),(204,202,209),(211,205,
210),(211,206,205),(207,212,199),(214,213,208),(215,208,201),(208,215,214),
(209,202,216),(217,218,210),(211,210,218),(189,9,219),(190,220,191),(193,
221,101),(222,194,195),(212,223,199),(213,214,224),(216,202,225),(217,226,
218),(223,227,199),(228,224,229),(229,224,214),(225,202,230),(231,232,226),
(233,218,226),(232,233,226),(234,219,9),(237,220,236),(237,239,220),(220,
239,191),(240,222,243),(222,245,243),(242,101,221),(222,195,245),(246,199,
227),(246,227,248),(250,248,227),(252,250,227),(252,227,254),(227,256,254),
(258,256,227),(227,260,258),(261,228,263),(228,265,263),(265,228,229),(266,
230,202),(268,230,266),(270,230,268),(272,230,270),(274,230,272),(276,230,
274),(278,230,276),(230,278,280),(282,283,231),(231,283,232),(235,10,238),
(10,285,238),(10,16,286),(10,286,285),(287,239,237),(288,238,285),(289,
288,285),(290,291,287),(239,287,291),(289,285,292),(290,293,291),(292,285,
294),(295,296,293),(291,293,296),(294,285,297),(295,298,296),(297,285,299),
(300,301,298),(298,301,296),(299,285,302),(303,301,300),(302,285,304),(305,
306,303),(301,303,306),(304,285,307),(305,308,306),(307,285,309),(310,311,
308),(308,311,306),(312,309,285),(313,314,310),(311,310,314),(312,285,315),
(316,314,313),(315,285,317),(318,319,316),(316,319,314),(317,285,320),(321,
319,318),(322,320,285),(323,324,321),(319,321,324),(325,322,285),(326,324,
323),(327,325,285),(328,329,326),(326,329,324),(327,285,330),(331,329,328),
(330,285,332),(333,334,331),(331,334,329),(332,285,335),(333,336,334),(337,
339,336),(335,340,338),(340,335,285),(334,336,339),(341,338,340),(343,337,
342),(343,339,337),(344,341,340),(345,343,342),(344,340,346),(348,345,347),
(345,348,343),(346,340,349),(347,350,348),(349,340,351),(352,353,350),(353,
348,350),(354,351,340),(356,352,355),(356,353,352),(357,354,340),(355,358,
356),(357,340,359),(360,356,358),(361,359,340),(363,360,362),(360,363,356),
(364,361,340),(365,363,362),(366,364,340),(365,367,368),(365,368,363),(340,
369,366),(370,371,367),(368,367,371),(340,372,369),(373,371,370),(374,372,
340),(375,376,373),(371,373,376),(374,340,377),(378,379,375),(376,375,379),
(380,377,340),(381,379,378),(382,380,340),(383,384,381),(379,381,384),(340,
385,382),(386,384,383),(340,387,385),(384,386,388),(387,340,389),(390,391,
388),(388,391,384),(392,389,340),(393,394,390),(391,390,394),(392,340,395),
(394,393,396),(397,395,340),(399,396,398),(399,394,396),(397,340,400),(401,
399,398),(243,245,401),(244,400,340),(399,401,245),(241,244,102),(340,102,
244),(402,108,102),(402,102,340),(16,18,286),(402,110,108),(403,18,20),
(404,286,18),(18,403,404),(112,110,405),(402,406,110),(406,405,110),(22,
407,20),(403,20,407),(405,114,112),(22,24,407),(116,114,408),(405,409,114),
(409,408,114),(26,410,24),(411,407,24),(411,24,410),(412,118,116),(116,
408,412),(26,14,410),(106,118,413),(412,413,118),(148,414,14),(415,410,
14),(415,14,414),(153,106,413),(200,416,148),(416,414,148),(417,203,153),
(153,413,418),(153,418,417),(200,247,416),(267,203,419),(417,419,203),(249,
420,247),(247,421,416),(421,247,420),(267,419,269),(249,251,420),(271,269,
422),(423,269,419),(423,422,269),(253,424,251),(425,420,251),(425,251,424),
(426,273,271),(422,426,271),(255,424,253),(275,273,427),(426,427,273),(257,
428,255),(255,429,424),(255,428,429),(275,427,277),(257,259,428),(279,277,
430),(431,277,427),(431,430,277),(432,258,260),(434,435,259),(437,259,435),
(437,428,259),(438,279,441),(430,441,279),(440,280,278),(443,445,447),(447,
445,450),(443,451,445),(446,452,453),(454,450,445),(455,446,453),(448,456,
444),(448,449,456),(451,443,457),(457,459,451),(452,460,453),(444,456,458),
(462,450,454),(455,453,461),(462,463,450),(449,464,456),(459,457,465),(466,
467,460),(453,460,467),(457,468,465),(458,456,469),(463,462,471),(472,471,
462),(473,461,453),(464,470,456),(465,468,475),(474,467,466),(476,475,468),
(469,456,477),(478,471,472),(473,453,479),(478,480,471),(470,481,456),(475,
476,483),(475,483,484),(485,467,474),(482,477,486),(456,486,477),(480,478,
487),(489,487,478),(479,453,490),(481,488,456),(484,483,492),(491,467,485),
(493,492,483),(494,482,486),(496,487,489),(497,496,489),(490,453,498),(488,
495,499),(499,456,488),(501,492,493),(501,502,492),(503,467,491),(500,494,
486),(496,497,505),(498,453,504),(505,506,496),(495,507,499),(508,502,501),
(503,509,467),(510,508,501),(511,500,486),(513,506,505),(514,513,505),(504,
453,515),(507,512,499),(508,510,516),(516,518,508),(509,519,467),(511,486,
517),(521,513,514),(515,453,520),(521,522,513),(512,523,499),(524,518,516),
(525,467,519),(526,524,516),(517,486,527),(529,522,521),(530,529,521),(531,
520,532),(520,453,532),(523,528,499),(524,526,534),(535,467,525),(536,534,
526),(527,486,537),(538,529,530),(539,531,540),(532,540,531),(538,542,529),
(543,499,528),(545,534,536),(546,534,545),(547,467,535),(537,486,544),(542,
538,549),(548,539,550),(540,550,539),(542,549,552),(499,543,553),(546,545,
555),(546,555,556),(547,557,467),(544,486,554),(559,552,549),(558,548,560),
(550,560,548),(559,562,552),(563,499,553),(556,555,564),(557,565,467),(566,
564,555),(567,554,568),(568,554,486),(562,559,569),(571,569,559),(572,558,
573),(560,573,558),(563,570,575),(499,563,575),(566,577,564),(578,579,565),
(467,565,579),(580,577,566),(567,568,581),(569,571,582),(583,572,584),(573,
584,572),(586,569,582),(570,587,575),(589,577,580),(589,590,577),(591,579,
578),(581,568,588),(586,582,592),(594,592,582),(595,583,596),(584,596,583),
(587,593,575),(598,590,589),(591,599,579),(600,598,589),(588,568,601),(592,
594,603),(604,603,594),(605,595,606),(596,606,595),(593,602,575),(598,600,
608),(608,610,598),(599,611,579),(601,568,609),(612,603,604),(614,612,604),
(615,605,616),(606,616,605),(602,613,619),(619,575,602),(620,610,608),(611,
621,579),(622,620,608),(623,609,568),(612,614,625),(626,625,614),(627,615,
628),(616,628,615),(613,624,631),(631,619,613),(620,622,632),(633,579,621),
(634,632,622),(623,568,635),(625,626,636),(627,628,637),(625,636,638),(639,
640,624),(641,631,624),(643,641,624),(645,643,624),(647,645,624),(640,647,
624),(632,634,649),(633,650,579),(651,649,634),(635,568,652),(638,636,654),
(654,636,655),(637,628,656),(653,640,639),(657,649,651),(657,659,649),(579,
650,660),(658,652,568),(654,655,661),(655,663,661),(656,628,664),(662,640,
653),(666,659,657),(579,660,665),(667,666,657),(658,568,668),(661,663,669),
(670,664,579),(579,664,628),(669,671,661),(662,672,640),(674,666,667),(674,
675,666),(579,665,676),(673,668,640),(568,640,668),(671,669,674),(669,675,
674),(579,676,670),(672,673,640),(262,264,436),(436,264,677),(679,677,264),
(680,263,265),(433,262,436),(435,678,437),(677,679,682),(681,680,265),(677,
682,683),(678,684,437),(683,682,686),(687,686,682),(688,681,265),(684,685,
437),(687,689,686),(691,689,687),(265,692,688),(690,437,685),(694,689,691),
(692,265,693),(694,695,689),(690,696,437),(695,694,698),(699,698,694),(693,
265,700),(696,697,437),(698,699,701),(703,701,699),(700,265,704),(697,702,
437),(439,442,281),(284,281,442),(706,284,442),(705,441,430),(706,707,284),
(708,232,283),(707,706,710),(711,710,706),(705,430,712),(708,709,232),(710,
711,713),(714,712,430),(710,713,715),(709,716,232),(717,701,703),(718,704,
265),(717,719,701),(720,437,702),(721,715,713),(722,714,723),(430,723,714),
(724,715,721),(725,722,726),(723,726,722),(715,724,727),(729,727,724),(730,
725,726),(728,232,716),(731,733,735),(735,733,738),(731,739,733),(734,740,
453),(742,738,733),(741,734,453),(732,736,499),(736,737,743),(743,499,736),
(739,731,744),(744,746,739),(740,747,453),(745,732,499),(749,738,742),(748,
741,750),(453,750,741),(749,751,738),(737,752,743),(746,744,533),(747,532,
453),(744,754,533),(753,745,499),(751,749,755),(757,755,749),(758,748,750),
(752,756,743),(729,759,727),(760,730,761),(726,761,730),(533,754,541),(762,
541,754),(763,753,499),(765,755,757),(766,765,757),(767,758,750),(764,743,
756),(719,717,768),(265,769,718),(719,768,770),(771,437,720),(772,727,759),
(760,774,773),(760,761,774),(541,762,775),(775,551,541),(776,763,499),(766,
777,765),(778,767,750),(779,765,777),(743,764,780),(727,772,781),(783,781,
772),(784,773,774),(728,782,232),(551,775,561),(775,785,561),(776,499,786),
(779,777,788),(789,788,777),(750,790,778),(743,780,787),(783,791,781),(792,
784,793),(774,793,784),(561,785,574),(794,574,785),(786,499,795),(797,788,
789),(798,797,789),(790,750,799),(787,796,743),(800,781,791),(792,802,801),
(792,793,802),(770,768,803),(803,768,805),(265,806,769),(804,437,771),(807,
574,794),(807,585,574),(795,499,808),(809,797,798),(810,799,750),(809,811,
797),(812,743,796),(781,800,813),(815,813,800),(816,801,802),(782,814,232),
(815,817,813),(818,816,819),(802,819,816),(585,807,597),(820,597,807),(808,
499,821),(823,811,809),(824,823,809),(810,750,825),(812,822,743),(826,813,
817),(827,818,828),(819,828,818),(805,829,803),(830,806,831),(265,831,806),
(832,803,829),(833,834,804),(437,804,834),(576,597,820),(576,607,597),(821,
499,575),(823,824,835),(836,825,750),(835,837,823),(838,743,822),(813,826,
839),(841,839,826),(842,827,828),(840,232,814),(841,843,839),(844,842,845),
(842,828,845),(607,576,618),(618,617,607),(846,837,835),(848,846,835),(836,
750,849),(847,850,838),(743,838,850),(851,839,843),(852,844,853),(845,853,
844),(618,629,617),(629,618,630),(854,846,848),(854,848,856),(857,849,750),
(855,850,847),(839,851,858),(860,858,851),(861,852,853),(840,859,232),(629,
630,642),(629,642,862),(863,579,628),(865,854,856),(750,864,857),(865,866,
854),(867,850,855),(860,868,858),(853,869,861),(868,861,869),(870,862,642),
(863,871,579),(644,870,642),(866,865,873),(750,872,864),(873,874,866),(875,
850,867),(870,644,646),(646,876,870),(579,871,877),(874,873,878),(880,878,
873),(750,881,872),(879,850,875),(232,859,882),(858,884,883),(884,858,868),
(876,646,885),(886,579,877),(648,885,646),(887,878,880),(889,887,880),(890,
881,891),(750,891,881),(888,850,879),(893,885,648),(886,894,579),(895,893,
648),(647,640,896),(887,889,897),(898,890,891),(897,899,887),(888,900,850),
(902,893,895),(902,903,893),(904,905,894),(907,909,894),(907,894,911),(579,
894,909),(911,894,913),(913,894,905),(896,640,901),(899,897,915),(917,915,
897),(918,898,891),(900,916,850),(232,882,919),(883,921,920),(922,883,884),
(921,883,923),(922,923,883),(924,903,902),(925,926,904),(905,904,926),(928,
924,902),(901,640,929),(915,917,930),(918,932,931),(932,918,891),(915,930,
934),(916,935,850),(937,924,928),(937,938,924),(939,940,925),(926,925,940),
(929,640,936),(934,930,942),(944,942,930),(931,932,945),(943,640,935),(640,
850,935),(937,947,938),(939,946,948),(948,950,939),(952,939,950),(952,954,
939),(954,956,939),(956,958,939),(939,958,940),(960,947,937),(961,936,640),
(942,944,963),(964,963,944),(945,966,965),(966,945,968),(968,945,932),(962,
640,943),(970,947,960),(970,972,947),(946,973,948),(961,640,971),(963,964,
975),(965,966,974),(963,975,976),(977,640,962),(972,970,979),(979,980,972),
(981,982,973),(984,973,982),(984,948,973),(978,971,640),(976,975,986),(974,
988,987),(988,974,990),(990,974,966),(976,986,992),(993,640,977),(994,980,
979),(995,982,981),(996,994,979),(978,640,997),(992,986,996),(994,996,986),
(987,988,995),(997,640,993),(982,995,998),(998,995,988),(1000,1002,919),
(1003,1001,920),(232,919,1002),(1003,920,850),(850,920,1004),(1005,920,
921),(1004,920,1005),(1006,832,829),(1008,1006,829),(830,831,1009),(833,
1007,834),(1006,1008,1011),(1009,831,1010),(1011,1012,1006),(1013,834,1007),
(1012,1011,1015),(1016,1015,1011),(1017,1010,831),(834,1013,1014),(1018,
1015,1016),(1020,1018,1016),(1021,1017,831),(1014,1019,834),(1023,1018,
1020),(1021,831,1022),(1023,1024,1018),(1025,834,1019),(1026,1024,1023),
(1027,1022,831),(1026,1028,1024),(1029,834,1025),(1028,1026,1031),(1032,
1031,1026),(1033,1027,831),(1030,834,1029),(1031,1032,1034),(1036,1034,
1032),(1037,1033,831),(1035,834,1030),(1039,1034,1036),(1038,1037,1040),
(1042,1040,1037),(1044,1042,1037),(831,1044,1037),(1039,1046,1034),(1047,
834,1035),(1046,1039,1049),(1049,1039,1050),(1051,1038,1040),(1047,1048,
1052),(834,1047,1052),(1050,1054,1049),(1055,1051,1057),(1057,1051,1060),
(1060,1051,1040),(1062,1049,1054),(1056,1065,1063),(1056,1058,1065),(1064,
1068,1048),(1068,1052,1048),(1064,1066,1068),(1059,1061,1069),(1069,1061,
1053),(1041,1053,1061),(1067,1059,1069),(1043,1053,1041),(1043,1070,1053),
(1052,1071,834),(1045,1070,1043),(1045,1073,1070),(1071,1072,834),(1073,
1045,1074),(1076,1074,1045),(1077,1044,831),(1072,1075,834),(1078,1002,
1000),(1079,1001,1080),(1003,1081,1001),(1080,1001,1082),(1082,1001,1081),
(1083,1074,1076),(1077,831,1084),(1083,1085,1074),(1086,834,1075),(1085,
1083,1087),(1084,831,1088),(1085,1087,1089),(1086,1090,834),(1078,1091,
1002),(1092,1079,1093),(1080,1094,1079),(1095,1093,1079),(1094,1095,1079),
(1089,1087,1096),(1098,1096,1087),(1088,831,1099),(1090,1097,834),(1096,
1098,1100),(1102,1100,1098),(1099,831,1103),(1097,1101,834),(1092,1104,
1106),(1104,1092,1108),(1106,1109,1092),(1110,1002,1091),(1093,1108,1092),
(1100,1102,1112),(1113,1112,1102),(1114,1103,831),(1111,834,1101),(1115,
1107,1105),(1115,1105,1108),(1106,1116,1109),(1115,1117,1107),(1118,1109,
1116),(1118,1120,1109),(1122,1109,1120),(1123,1002,1110),(1124,1119,1117),
(1117,1115,1125),(1125,1124,1117),(1127,1112,1113),(1127,1113,1129),(1114,
831,1130),(1111,1128,834),(1124,1121,1119),(1120,1131,1122),(1124,1132,
1121),(1133,1122,1131),(1133,1135,1122),(1137,1122,1135),(1123,1138,1002),
(1127,1129,1140),(1141,1140,1129),(1142,1130,831),(1128,1139,834),(1134,
1132,1143),(1144,1132,1124),(1144,1143,1132),(1134,1143,1136),(1135,1146,
1137),(1147,1136,1143),(1148,1137,1146),(1148,1150,1137),(1152,1137,1150),
(1153,1002,1138),(1154,1149,1147),(1155,1147,1143),(1155,1154,1147),(1154,
1151,1149),(1150,1157,1152),(1154,1158,1151),(1159,1152,1157),(1159,1161,
1152),(1163,1152,1161),(1002,1153,1164),(1160,1158,1165),(1166,1158,1154),
(1166,1165,1158),(1160,1165,1162),(1168,1163,1161),(1162,1165,1169),(1170,
1163,1168),(1163,1170,1172),(1164,1173,1174),(1164,1174,1002),(1171,1169,
1176),(1177,1169,1165),(1177,1176,1169),(1179,1172,1170),(1171,1176,1180),
(1182,1172,1179),(1181,1180,1176),(1182,1183,1172),(1184,1185,1173),(1185,
1174,1173),(1183,1182,1187),(1189,1187,1182),(1190,1181,1176),(1188,1191,
1184),(1185,1184,1191),(1193,1187,1189),(1194,1190,1196),(1176,1196,1190),
(1187,1193,1199),(1200,1195,1202),(1195,1197,1202),(1201,1203,1188),(1203,
1191,1188),(1205,1192,1198),(1206,1196,1176),(1205,1208,1192),(1206,1176,
1207),(1204,1198,1192),(1186,1192,1208),(1209,999,1212),(1212,999,1213),
(1209,983,999),(989,1213,999),(640,1210,1211),(1211,1214,640),(983,1209,
1216),(983,1216,985),(1210,640,1215),(991,1213,989),(991,1217,1213),(1218,
850,1214),(640,1214,850),(1186,1208,1175),(1208,1219,1175),(1207,1176,1220),
(985,1216,1221),(985,1221,949),(1215,640,1222),(1217,991,1224),(967,1224,
991),(1218,1223,850),(949,1221,951),(1225,951,1221),(1222,640,1226),(969,
1224,967),(969,1228,1224),(1223,1227,850),(1219,1229,1175),(1230,1220,1176),
(1231,1175,1229),(1174,1232,1002),(951,1225,1233),(951,1233,953),(1226,
640,1234),(1228,969,1236),(969,933,1236),(1227,1235,850),(1229,1178,1231),
(1230,1176,1177),(953,1233,955),(1237,955,1233),(1234,640,1238),(892,1236,
933),(892,1240,1236),(1235,1239,850),(1241,1231,1178),(1165,1242,1177),
(1231,1241,1243),(1245,1243,1241),(1246,1242,1165),(1244,1002,1232),(1247,
955,1237),(1247,957,955),(1238,640,1248),(1249,1240,892),(891,750,1250),
(1249,1251,1240),(1239,1252,850),(1245,1167,1243),(1165,1166,1246),(957,
1247,1254),(1254,959,957),(1248,640,1253),(1251,1249,1255),(1257,1255,1249),
(1258,1250,750),(1256,1003,1252),(850,1252,1003),(1259,1243,1167),(1154,
1260,1166),(1243,1259,1261),(1263,1261,1259),(1264,1260,1154),(1244,1262,
1002),(1265,959,1254),(958,1266,940),(1267,1265,1254),(1253,1269,1268),
(1269,1253,640),(1271,1255,1257),(1258,750,1272),(1271,1273,1255),(1274,
1003,1256),(1263,1156,1261),(1154,1155,1264),(1275,1261,1156),(1155,1143,
1276),(1265,1267,1277),(1266,1278,940),(1279,1277,1267),(1268,1269,1280),
(1273,1271,1282),(1283,1282,1271),(1272,750,1284),(1281,1003,1274),(1261,
1275,1285),(1275,1287,1285),(1288,1276,1143),(1262,1286,1002),(1287,1145,
1285),(1288,1143,1144),(1289,1277,1279),(1289,1291,1277),(1278,1292,940),
(1280,1269,1290),(1294,1282,1283),(1284,750,1293),(1294,1295,1282),(1296,
1003,1281),(1297,1285,1145),(1144,1124,1298),(1299,1291,1289),(1301,1291,
1299),(1292,1302,940),(1290,1269,1300),(1295,1294,1304),(1303,1293,1305),
(750,1305,1293),(1295,1304,1306),(1307,1308,1296),(1003,1296,1308),(1285,
1297,1309),(1311,1309,1297),(1312,1298,1124),(1310,1002,1286),(1311,1126,
1309),(1312,1124,1125),(1301,1299,1313),(1302,1314,1315),(1315,940,1302),
(1317,1313,1299),(1300,1269,1318),(1306,1304,1320),(1321,1320,1304),(1322,
1303,1305),(1319,1308,1307),(1323,1313,1317),(1323,1325,1313),(1314,1326,
1327),(1327,1315,1314),(1318,1269,1324),(1329,1320,1321),(1305,1330,1322),
(1329,1331,1320),(1332,1308,1319),(1333,1309,1126),(1125,1115,1334),(1325,
1323,1335),(1326,1336,1337),(1327,1326,1337),(1339,1335,1323),(1324,1341,
1340),(1341,1324,1269),(1331,1329,1343),(1345,1343,1329),(1346,1330,1305),
(1344,1347,1332),(1308,1332,1347),(1309,1333,1348),(1350,1348,1333),(1351,
1334,1115),(1310,1349,1002),(1350,1352,1348),(1351,1115,1352),(1353,1335,
1339),(1353,1355,1335),(1336,1356,1357),(1357,1337,1336),(1340,1360,1354),
(1360,1340,1341),(1343,1345,1362),(1363,1362,1345),(1346,1305,1364),(1361,
1347,1344),(1366,1355,1353),(1356,1365,1367),(1367,1357,1356),(1369,1366,
1353),(1354,1372,1370),(1372,1354,1360),(1373,1362,1363),(1374,1364,1305),
(1373,1375,1362),(1361,1376,1347),(1349,1377,1002),(1379,1378,1348),(1379,
1348,1352),(1366,1369,1380),(1365,1381,1382),(1382,1367,1365),(1384,1380,
1369),(1370,1386,1385),(1386,1370,1372),(1375,1373,1388),(1390,1388,1373),
(1305,1391,1374),(1376,1389,1347),(1392,1380,1384),(1392,1394,1380),(1395,
1396,1381),(1397,1382,1381),(1399,1397,1381),(1401,1399,1381),(1396,1401,
1381),(1385,1403,1393),(1403,1385,1386),(1388,1390,1405),(1391,1305,1406),
(1388,1405,1407),(1389,1408,1347),(1394,1392,1409),(1395,1410,1396),(1411,
1409,1392),(1412,1393,1413),(1403,1413,1393),(1407,1405,1415),(1417,1415,
1405),(1406,1305,1418),(1408,1416,1347),(1419,1409,1411),(1409,1419,1421),
(1410,1422,1396),(1420,1412,1413),(1415,1417,1423),(1425,1423,1417),(1426,
1418,1305),(1416,1424,1347),(1427,1421,1419),(1427,1429,1421),(1430,1396,
1422),(1428,1420,1413),(1423,1425,1432),(1426,1305,1431),(1423,1432,1433),
(1434,1435,1424),(1435,1347,1424),(1002,1377,1436),(1378,1438,1437),(1439,
1378,1379),(1438,1378,1440),(1440,1378,1439),(1441,1429,1427),(1441,1443,
1429),(1430,1444,1396),(1442,1428,1413),(1433,1432,1445),(1447,1445,1432),
(1431,1305,1448),(1446,1435,1434),(1443,1441,1449),(1449,1451,1443),(1444,
1452,1396),(1450,1442,1435),(1435,1442,1413),(1445,1447,1449),(1447,1451,
1449),(1452,1448,1396),(1396,1448,1305),(1450,1435,1446),(1453,1437,1308),
(1454,1455,1436),(1002,1436,1455),(1308,1437,1456),(1457,1437,1438),(1456,
1437,1457),(1458,1140,1141),(1460,1458,1141),(1461,1142,1462),(1462,1142,
831),(1459,1463,1139),(1463,834,1139),(1458,1460,1464),(1465,1461,1462),
(1464,1466,1458),(1463,1459,1467),(1469,1466,1464),(1470,1469,1464),(1465,
1462,1471),(1463,1467,1468),(1473,1469,1470),(1472,1471,1462),(1473,1474,
1469),(1463,1468,1475),(1474,1473,1476),(1472,1462,1477),(1476,1478,1474),
(1475,1479,1463),(1481,1478,1476),(1482,1481,1476),(1477,1462,1483),(1480,
1463,1479),(1481,1482,1484),(1486,1484,1482),(1483,1462,1487),(1480,1485,
1463),(1484,1486,1489),(1488,1487,1462),(1489,1490,1484),(1491,1463,1485),
(1493,1490,1489),(1494,1493,1489),(1488,1462,1495),(1492,1463,1491),(1496,
1493,1494),(1496,1494,1498),(1499,1495,1462),(1497,1463,1492),(1498,1501,
1496),(1500,1499,1504),(1462,1504,1499),(1505,1496,1501),(1502,1508,1506),
(1502,1503,1508),(1507,1509,1497),(1463,1497,1509),(1510,908,1513),(1514,
1513,908),(1510,910,908),(912,1514,908),(1511,1512,568),(1512,1515,568),
(910,1510,1517),(1517,1518,910),(909,1519,579),(1516,1511,568),(914,1514,
912),(914,1520,1514),(1515,1521,568),(1518,1517,1522),(1519,1523,579),(1517,
1524,1522),(1516,568,1525),(1527,1520,914),(906,1527,914),(1526,640,1521),
(640,568,1521),(1522,1524,1528),(1522,1528,1530),(1523,1531,579),(1525,
568,1529),(906,927,1527),(927,1532,1527),(1526,1533,640),(1530,1528,1534),
(1535,579,1531),(1528,1536,1534),(1529,568,1537),(1539,1532,927),(941,1539,
927),(1538,640,1533),(1540,1534,1536),(1534,1540,1542),(1543,579,1535),
(1537,568,1541),(1316,1539,941),(1316,1544,1539),(1545,640,1538),(1547,
1542,1540),(1547,1548,1542),(1549,579,1543),(1546,1541,568),(1270,1544,
1316),(1328,1270,1316),(1545,1269,640),(1551,1548,1547),(1549,1550,579),
(1552,1551,1547),(1546,568,1553),(1270,1328,1342),(1338,1342,1328),(1555,
1551,1552),(1555,1556,1551),(1550,1557,579),(1553,568,1554),(1358,1342,
1338),(1358,1359,1342),(1559,1556,1555),(1558,579,1557),(1560,1559,1555),
(1554,568,1561),(1371,1359,1358),(1368,1371,1358),(1559,1560,1562),(1563,
579,1558),(1564,1562,1560),(1565,1561,1566),(568,1566,1561),(1383,1371,
1368),(1383,1387,1371),(1564,1567,1562),(1569,1562,1567),(1570,1571,1563),
(579,1563,1571),(1568,1565,1566),(1387,1383,1404),(1404,1383,1398),(1569,
1567,1572),(1573,1571,1570),(1574,1572,1567),(1575,1568,1566),(1404,1398,
1400),(1400,1414,1404),(1574,1577,1572),(1577,1578,1572),(1579,1571,1573),
(1575,1566,1576),(1400,1402,1414),(1580,1414,1402),(1435,1413,1581),(1583,
1578,1577),(1583,1584,1578),(1585,1571,1579),(1576,1566,1582),(1587,1580,
1402),(1586,1401,1396),(1587,1588,1580),(1581,1589,1435),(1584,1583,1590),
(1591,1571,1585),(1592,1590,1583),(1582,1566,1593),(1595,1588,1587),(1596,
1595,1587),(1396,1597,1586),(1594,1435,1589),(1598,1590,1592),(1598,1600,
1590),(1601,1571,1591),(1593,1566,1599),(1603,1595,1596),(1396,1602,1597),
(1603,1604,1595),(1605,1435,1594),(1600,1598,1606),(1601,1607,1571),(1608,
1606,1598),(1599,1566,1609),(1610,1604,1603),(1602,1396,1611),(1610,1612,
1604),(1605,1613,1435),(1615,1606,1608),(1615,1616,1606),(1607,1617,1571),
(1614,1609,1566),(1612,1610,1618),(1610,1620,1618),(1621,1611,1396),(1619,
1435,1613),(1616,1615,1622),(1622,1624,1616),(1625,1571,1617),(1614,1566,
1623),(1618,1620,1627),(1626,1621,1396),(1618,1627,1628),(1629,1435,1619),
(1630,1624,1622),(1631,1571,1625),(1632,1630,1622),(1623,1566,1633),(1628,
1627,1634),(1635,1626,1396),(1636,1628,1634),(1637,1435,1629),(1630,1632,
1638),(1631,1639,1571),(1640,1638,1632),(1641,1633,1566),(1636,1634,1643),
(1644,1643,1634),(1635,1396,1645),(1637,1642,1435),(1646,1638,1640),(1646,
1648,1638),(1639,1649,1571),(1641,1566,1647),(1643,1644,1650),(1652,1650,
1644),(1653,1645,1396),(1642,1651,1435),(1648,1646,1655),(1654,1396,1649),
(1571,1649,1396),(1656,1655,1646),(1647,1566,1657),(1650,1652,1655),(1654,
1653,1396),(1650,1655,1656),(1657,1566,1651),(1566,1435,1651),(1658,1455,
1454),(1659,1453,1660),(1453,1308,1347),(1347,1661,1453),(1662,1660,1453),
(1662,1453,1661),(1658,1663,1455),(1664,1659,1665),(1660,1666,1659),(1659,
1667,1665),(1667,1659,1666),(1668,1664,1670),(1670,1664,1672),(1673,1664,
1668),(1663,1674,1455),(1665,1672,1664),(1671,1675,1669),(1672,1676,1671),
(1675,1671,1676),(1677,1673,1668),(1678,1669,1675),(1677,1679,1673),(1679,
1681,1673),(1683,1673,1681),(1455,1674,1684),(1678,1685,1680),(1678,1675,
1685),(1686,1682,1680),(1686,1680,1685),(1681,1687,1683),(1686,1688,1682),
(1687,1689,1683),(1689,1691,1683),(1693,1683,1691),(1694,1455,1684),(1688,
1695,1690),(1695,1688,1686),(1696,1692,1690),(1696,1690,1695),(1691,1697,
1693),(1698,1692,1696),(1699,1693,1697),(1699,1701,1693),(1703,1693,1701),
(1704,1455,1694),(1698,1705,1700),(1698,1696,1705),(1706,1702,1700),(1706,
1700,1705),(1701,1707,1703),(1706,1708,1702),(1709,1703,1707),(1709,1711,
1703),(1713,1703,1711),(1704,1714,1455),(1708,1715,1710),(1715,1708,1706),
(1710,1716,1712),(1716,1710,1715),(1711,1717,1713),(1712,1716,1718),(1719,
1713,1717),(1713,1719,1721),(1722,1455,1714),(1720,1718,1723),(1723,1718,
1716),(1724,1721,1719),(1720,1726,1725),(1723,1726,1720),(1721,1724,1727),
(1729,1727,1724),(1725,1726,1730),(1722,1728,1455),(1727,1729,1731),(1733,
1731,1729),(1734,1730,1726),(1728,1732,1455),(1731,1733,1736),(1735,1734,
1739),(1726,1739,1734),(1731,1736,1740),(1737,1738,1741),(1743,1732,1742),
(1743,1455,1732),(1738,1745,1741),(1745,1747,1741),(1741,1747,1744),(1749,
1508,1503),(1509,1750,1463),(1739,1726,1746),(1751,1749,1503),(1752,1753,
1750),(1753,1463,1750),(1746,1754,1748),(1754,1746,1726),(1751,1503,1755),
(1756,1757,1752),(1752,1758,1753),(1758,1752,1757),(1759,1744,1747),(1761,
1760,1748),(1762,1748,1754),(1761,1748,1762),(1755,1503,1763),(1764,1765,
1756),(1756,1765,1757),(1759,1766,1744),(1761,1767,1760),(1763,1503,1768),
(1764,1769,1765),(1766,1770,1744),(1772,1771,1767),(1761,1773,1767),(1773,
1772,1767),(1768,1503,1774),(1775,1776,1769),(1777,1765,1769),(1777,1769,
1776),(1770,1778,1744),(1779,1771,1780),(1772,1780,1771),(1774,1503,1781),
(1775,1782,1776),(1778,1783,1744),(1780,1784,1779),(1781,1785,1787),(1788,
1789,1782),(1790,1781,1503),(1792,1781,1790),(1794,1781,1792),(1796,1781,
1794),(1785,1781,1796),(1782,1798,1776),(1798,1782,1789),(1783,1799,1801),
(1800,1784,1803),(1804,1744,1783),(1806,1804,1783),(1808,1806,1783),(1810,
1808,1783),(1801,1810,1783),(1780,1812,1784),(1812,1803,1784),(1787,1813,
1815),(1788,1816,1789),(1817,1787,1785),(1819,1787,1817),(1821,1787,1819),
(1823,1787,1821),(1825,1787,1823),(1813,1787,1825),(1827,1829,1799),(1800,
1803,1828),(1831,1801,1799),(1833,1831,1799),(1835,1833,1799),(1837,1835,
1799),(1839,1837,1799),(1839,1799,1829),(1841,1815,1843),(1842,1845,1816),
(1846,1815,1813),(1846,1848,1815),(1848,1850,1815),(1850,1852,1815),(1852,
1843,1815),(1845,1789,1816),(1854,1856,1827),(1828,1858,1855),(1859,1829,
1827),(1861,1859,1827),(1861,1827,1863),(1863,1827,1865),(1865,1827,1856),
(1867,1828,1803),(1828,1867,1858),(1841,1843,1868),(1869,1870,1842),(1842,
1871,1845),(1870,1871,1842),(1872,1856,1854),(1858,1873,1855),(1868,1843,
1874),(1876,1869,1875),(1876,1870,1869),(1877,1856,1872),(1879,1878,1873),
(1873,1858,1880),(1873,1880,1879),(1874,1843,1881),(1882,1883,1875),(1876,
1875,1883),(1884,1856,1877),(1878,1886,1885),(1878,1879,1886),(1843,1887,
1881),(1882,1888,1883),(1884,1889,1856),(1885,1886,1890),(1843,1891,1887),
(1892,1893,1888),(1894,1883,1888),(1893,1894,1888),(1889,1895,1856),(1890,
1897,1896),(1897,1890,1886),(1843,1898,1891),(1892,1899,1893),(1895,1900,
1856),(1901,1896,1902),(1903,1896,1897),(1903,1902,1896),(1898,1843,1900),
(1901,1902,1899),(1904,1893,1899),(1902,1904,1899),(1856,1900,1843),(1462,
1791,1504),(1743,1805,1455),(1905,1793,1791),(1462,1906,1791),(1906,1905,
1791),(1807,1907,1805),(1908,1455,1805),(1908,1805,1907),(1905,1795,1793),
(1809,1909,1807),(1807,1909,1907),(1797,1795,1910),(1905,1911,1795),(1911,
1910,1795),(1809,1811,1909),(1786,1797,1912),(1910,1912,1797),(1811,1802,
1913),(1913,1909,1811),(1786,1912,1818),(1802,1832,1914),(1802,1914,1913),
(1915,1820,1818),(1818,1912,1916),(1915,1818,1916),(1834,1917,1832),(1918,
1914,1832),(1918,1832,1917),(1820,1915,1822),(1836,1919,1834),(1917,1834,
1919),(1822,1920,1824),(1822,1915,1921),(1920,1822,1921),(1836,1838,1919),
(1824,1920,1826),(1922,1838,1840),(1838,1922,1919),(1814,1826,1923),(1924,
1826,1920),(1924,1923,1826),(1830,1925,1840),(1926,1922,1840),(1840,1925,
1926),(1927,1847,1814),(1814,1923,1927),(1925,1830,1860),(1847,1927,1849),
(1928,1860,1862),(1929,1925,1860),(1860,1928,1929),(1851,1849,1930),(1930,
1849,1927),(1862,1864,1928),(1853,1851,1931),(1851,1930,1932),(1932,1931,
1851),(1866,1933,1864),(1864,1934,1928),(1934,1864,1933),(1931,1844,1853),
(1866,1857,1933),(1935,1857,1844),(1931,1935,1844),(1936,1933,1857),(1857,
1935,1936),(63,1937,8),(8,1938,122),(8,1937,1938),(31,1939,34),(1939,31,
192),(34,1940,38),(1940,34,1939),(38,1941,37),(1942,41,37),(1941,1942,37),
(1940,1941,38),(1943,46,41),(1942,1943,41),(1944,50,46),(1944,46,1943),
(1945,49,50),(49,1946,55),(1945,1946,49),(1944,1945,50),(1947,58,55),(1947,
55,1946),(1947,62,58),(62,1948,61),(66,61,1949),(1948,1950,61),(1949,61,
1951),(61,1950,1952),(1951,61,1953),(61,1954,1953),(1954,61,1955),(1955,
61,1956),(1956,61,1957),(61,1958,1957),(1958,61,1952),(1959,62,1947),(62,
1960,1948),(1961,62,1959),(1960,62,1962),(62,1961,1963),(1964,62,1963),
(62,1964,1965),(1966,62,1965),(62,1966,1962),(126,1967,63),(1967,1937,63),
(66,1968,72),(1949,1968,66),(72,1969,71),(1970,77,71),(1969,1970,71),(1968,
1969,72),(77,1971,81),(77,1970,1971),(81,1972,80),(80,1973,86),(1973,80,
1972),(1971,1972,81),(86,1974,89),(1973,1974,86),(89,1975,93),(89,1974,
1975),(92,93,196),(93,1975,196),(122,1976,121),(121,1977,134),(1976,1977,
121),(1938,1976,122),(125,1978,126),(131,1979,125),(1979,1978,125),(1978,
1967,126),(131,144,1980),(1980,1979,131),(134,1977,140),(139,140,1981),
(1982,149,139),(1981,1982,139),(1983,140,1977),(1983,1981,140),(143,1984,
144),(159,1985,143),(1985,1984,143),(1984,1980,144),(149,1986,163),(1982,
1986,149),(158,1987,159),(174,1988,158),(1988,1987,158),(1987,1985,159),
(163,1989,162),(162,1990,177),(162,1989,1990),(1986,1989,163),(180,1991,
174),(1991,1988,174),(177,1992,184),(177,1990,1992),(188,1993,180),(1993,
1991,180),(184,1994,183),(183,1995,201),(183,1994,1995),(184,1992,1994),
(187,1996,188),(187,206,1997),(1997,1996,187),(1993,188,1996),(1998,192,
191),(291,191,239),(191,291,1998),(1939,192,1998),(195,196,1975),(195,1999,
245),(195,1975,1999),(215,201,2000),(1995,2000,201),(206,211,2001),(2002,
1997,206),(2001,2002,206),(218,2001,211),(215,2003,214),(214,2004,229),
(214,2003,2004),(2000,2003,215),(233,2005,218),(2005,2001,218),(2006,265,
229),(229,2004,2006),(232,2007,233),(1002,2008,232),(2008,2007,232),(2007,
2005,233),(1999,399,245),(265,2006,831),(286,2009,285),(285,2010,340),(285,
2009,2010),(2011,286,404),(2011,2009,286),(291,296,1998),(301,2012,296),
(296,2013,1998),(2013,296,2012),(306,2012,301),(306,311,2014),(2012,306,
2015),(2014,2015,306),(311,314,2016),(2014,311,2016),(314,319,2017),(2018,
314,2017),(314,2018,2016),(319,324,2017),(2019,324,329),(324,2019,2020),
(324,2020,2017),(2021,329,334),(2021,2019,329),(334,339,2021),(343,2022,
339),(2023,2021,339),(339,2022,2023),(2024,402,340),(2024,340,2010),(2025,
343,348),(2025,2022,343),(2026,348,353),(348,2026,2025),(356,2027,353),
(2026,353,2028),(2028,353,2027),(2027,356,363),(2029,363,368),(2029,2027,
363),(2030,368,371),(368,2031,2029),(2031,368,2030),(2030,371,376),(379,
2032,376),(2033,376,2032),(376,2033,2030),(384,2034,379),(2032,379,2034),
(2034,384,391),(391,394,2035),(2035,2036,391),(2034,391,2036),(2037,394,
399),(2035,394,2037),(1999,2037,399),(402,2038,406),(2024,2038,402),(404,
403,2011),(407,2039,403),(2040,2011,403),(2039,2040,403),(406,2041,405),
(2042,409,405),(2042,405,2041),(2038,2041,406),(2043,407,411),(2043,2039,
407),(409,2044,408),(408,2045,412),(2044,2045,408),(2042,2044,409),(2046,
411,410),(2047,410,415),(2047,2046,410),(411,2046,2043),(412,2048,413),
(2045,2048,412),(2049,418,413),(2048,2049,413),(2050,415,414),(2051,414,
416),(414,2051,2050),(415,2050,2047),(2052,416,421),(416,2052,2051),(418,
2053,417),(2054,419,417),(2053,2054,417),(418,2049,2053),(419,2055,423),
(2054,2055,419),(2056,421,420),(2057,420,425),(420,2057,2056),(421,2056,
2052),(2058,422,423),(422,2059,426),(2058,2059,422),(2055,2058,423),(2060,
425,424),(2061,424,429),(2061,2060,424),(425,2060,2057),(427,426,2062),
(2059,2063,426),(2063,2062,426),(2062,431,427),(2064,429,428),(437,2065,
428),(428,2065,2064),(429,2064,2061),(2066,430,431),(2066,723,430),(2066,
431,2062),(437,834,2065),(467,2067,453),(750,453,2068),(2068,453,2067),
(486,456,2069),(743,456,499),(743,2070,456),(2069,456,2070),(467,579,2071),
(467,2072,2073),(2067,467,2073),(2074,2072,467),(467,2075,2074),(2076,2075,
467),(467,2077,2076),(2077,467,2078),(467,2079,2078),(2079,467,2080),(467,
2081,2080),(467,2082,2081),(467,2083,2082),(467,2084,2083),(467,2085,2084),
(467,2086,2085),(467,2071,2086),(486,2087,568),(2069,2088,486),(2089,486,
2088),(486,2089,2090),(486,2090,2091),(486,2091,2092),(2093,486,2092),(2094,
486,2093),(2095,486,2094),(2096,486,2095),(2097,486,2096),(2098,486,2097),
(2099,486,2098),(2100,486,2099),(2101,486,2100),(2101,2102,486),(2087,486,
2102),(1566,568,2103),(2103,568,2087),(2104,579,1571),(2104,2071,579),(726,
723,2105),(2066,2105,723),(2106,761,726),(2106,726,2105),(1004,743,850),
(1004,2107,743),(743,2108,2070),(2108,743,2109),(2110,2109,743),(2110,743,
2111),(2111,743,2112),(2112,743,2113),(2113,743,2114),(2114,743,2115),(743,
2116,2115),(2116,743,2117),(2117,743,2118),(743,2119,2118),(2120,2119,743),
(2120,743,2121),(2121,743,2122),(2122,743,2107),(750,2123,1305),(750,2068,
2124),(750,2124,2125),(750,2125,2126),(750,2126,2127),(750,2127,2128),(750,
2128,2129),(750,2129,2130),(750,2130,2131),(750,2131,2132),(750,2132,2133),
(750,2133,2134),(750,2134,2135),(750,2135,2136),(750,2136,2137),(750,2137,
2138),(750,2138,2123),(2139,774,761),(2106,2139,761),(2140,793,774),(2140,
774,2139),(802,793,2141),(2141,793,2140),(2142,819,802),(2142,802,2141),
(828,819,2143),(2143,819,2142),(2144,845,828),(2144,828,2143),(1462,831,
2145),(2006,2145,831),(2146,834,1463),(2146,2065,834),(2147,853,845),(2147,
845,2144),(853,2148,869),(2147,2148,853),(868,869,2149),(2149,884,868),
(2150,869,2148),(2150,2149,869),(2149,922,884),(921,923,2151),(1005,921,
2151),(923,922,2152),(2152,2151,923),(2149,2152,922),(1002,1455,2153),(1002,
2153,2008),(1456,1081,1003),(1308,1456,1003),(1004,1005,2107),(2151,2107,
1005),(1082,2154,1080),(1094,1080,2154),(1082,1081,2154),(1081,1456,2154),
(1093,1095,1379),(1108,1093,1352),(1379,1352,1093),(1094,1440,1095),(1094,
2154,1440),(1439,1379,1095),(1439,1095,1440),(1352,1115,1108),(1396,1305,
2155),(2123,2156,1305),(1305,2156,2157),(1305,2157,2158),(1305,2159,2155),
(1305,2160,2159),(1305,2158,2161),(1305,2161,2162),(1305,2162,2163),(2163,
2164,1305),(2165,1305,2164),(1305,2165,2166),(2167,1305,2166),(1305,2167,
2168),(1305,2168,2169),(1305,2169,2170),(1305,2170,2171),(1305,2171,2160),
(1347,1435,1661),(1571,1396,2172),(2172,1396,2155),(1566,2173,1435),(2174,
1661,1435),(2173,2175,1435),(2174,1435,2176),(2177,2176,1435),(2178,1435,
2175),(2179,2177,1435),(1435,2180,2179),(2180,1435,2181),(1435,2182,2181),
(2183,2182,1435),(1435,2184,2183),(1435,2185,2184),(2185,1435,2186),(2186,
1435,2187),(2187,1435,2188),(2188,1435,2189),(2189,1435,2190),(2190,1435,
2178),(1440,2154,1438),(1457,1438,2154),(1908,2153,1455),(2154,1456,1457),
(1462,2191,1906),(1462,2145,2191),(1463,1753,2192),(2192,2146,1463),(2193,
1566,2103),(2194,1566,2193),(1566,2195,2173),(1566,2194,2196),(2195,1566,
2197),(2198,1566,2196),(2199,1566,2198),(2199,2200,1566),(2201,1566,2200),
(1566,2201,2202),(2203,1566,2202),(2204,1566,2203),(2205,1566,2204),(2206,
1566,2205),(2207,1566,2206),(2197,1566,2207),(1571,2208,2104),(1571,2209,
2208),(1571,2172,2210),(1571,2211,2209),(1571,2210,2212),(1571,2213,2211),
(2213,1571,2214),(1571,2215,2214),(1571,2216,2215),(1571,2217,2216),(1571,
2218,2217),(1571,2219,2218),(2219,1571,2220),(1571,2221,2220),(1571,2222,
2221),(1571,2212,2222),(2223,1660,1662),(1666,1660,2223),(1661,2174,1662),
(2223,1662,2174),(1665,1667,2224),(2224,1672,1665),(1666,2225,1667),(1666,
2223,2225),(2224,1667,2225),(1676,1672,2224),(2226,1675,1676),(1675,2227,
1685),(2226,2227,1675),(2224,2228,1676),(1676,2228,2226),(1686,1685,2229),
(1685,2227,2229),(1686,2230,1695),(2229,2230,1686),(1695,2231,1696),(2231,
1695,2230),(1696,2232,1705),(2232,1696,2231),(1705,2233,1706),(1705,2232,
2233),(1706,2234,1715),(1706,2233,2234),(1715,2235,1716),(2235,1715,2234),
(1716,2236,1723),(1716,2235,2236),(1723,1754,1726),(2236,1754,1723),(2237,
1753,1758),(1753,2237,2192),(1754,2236,1762),(1758,1757,2237),(1757,1765,
2238),(2239,2237,1757),(2238,2239,1757),(2240,1761,1762),(2241,1773,1761),
(2240,2241,1761),(2236,2240,1762),(2242,1765,1777),(1765,2242,2238),(1773,
2243,1772),(2244,1780,1772),(2243,2244,1772),(2243,1773,2241),(1776,2245,
1777),(2246,1776,1798),(1776,2246,2245),(2245,2242,1777),(2247,1812,1780),
(2244,2247,1780),(1789,2248,1798),(2249,1789,1845),(1789,2249,2248),(2248,
2246,1798),(2250,1803,1812),(1803,2251,1867),(2250,2251,1803),(2247,2250,
1812),(1871,2252,1845),(2252,2249,1845),(2253,1858,1867),(1880,1858,2254),
(1858,2253,2254),(2251,2253,1867),(2255,1871,1870),(1876,2256,1870),(2256,
2255,1870),(1871,2255,2252),(2257,1876,1883),(1876,2257,2256),(1879,1880,
2258),(1879,2259,1886),(1879,2258,2259),(2258,1880,2254),(1894,2260,1883),
(2257,1883,2260),(1897,1886,2261),(2259,2262,1886),(2262,2261,1886),(1893,
2263,1894),(2264,1893,1904),(1893,2264,2263),(2263,2260,1894),(2261,1903,
1897),(1903,2265,1902),(1902,2264,1904),(2265,2266,1902),(1902,2266,2264),
(1903,2261,2265),(1906,2267,1905),(1905,2268,1911),(1905,2267,2268),(1906,
2191,2267),(1907,2269,1908),(1909,2270,1907),(2270,2269,1907),(2269,2153,
1908),(1909,1913,2271),(2271,2270,1909),(1911,2268,1910),(1910,2272,1912),
(2273,1910,2268),(1910,2273,2272),(1912,2274,1916),(1912,2272,2274),(1914,
2275,1913),(2275,2271,1913),(1914,1918,2276),(2276,2275,1914),(1916,2277,
1915),(1921,1915,2278),(2278,1915,2277),(2274,2277,1916),(1917,2279,1918),
(1919,2280,1917),(2280,2279,1917),(2279,2276,1918),(1922,2281,1919),(2281,
2280,1919),(1921,2282,1920),(1920,2283,1924),(2282,2283,1920),(1921,2278,
2282),(1922,1926,2284),(1922,2284,2281),(1924,2285,1923),(1923,2286,1927),
(1923,2285,2286),(2283,2285,1924),(1925,2287,1926),(1929,2288,1925),(1925,
2288,2287),(1926,2287,2284),(1930,1927,2289),(2286,2289,1927),(1929,1928,
2290),(1934,2290,1928),(1929,2291,2288),(2290,2291,1929),(1930,2292,1932),
(2289,2292,1930),(1932,2293,1931),(2294,1935,1931),(1931,2293,2294),(1932,
2292,2293),(1933,2295,1934),(1936,2296,1933),(1933,2296,2295),(1934,2295,
2290),(1936,1935,2297),(2294,2297,1935),(1936,2297,2296),(1937,2298,1938),
(2299,1937,1967),(2300,2298,1937),(2299,2300,1937),(2298,2301,1938),(2301,
1976,1938),(1978,2299,1967),(2300,2302,2298),(2301,2298,2303),(2303,2298,
2302),(2299,2304,2300),(2305,2299,1978),(2305,2304,2299),(2306,2300,2304),
(2300,2306,2302),(2301,2307,1976),(1977,1976,2307),(2301,2308,2307),(2303,
2308,2301),(1939,2013,1940),(1939,1998,2013),(1940,2309,1941),(2013,2309,
1940),(1941,2310,1942),(2309,2310,1941),(1943,1942,2311),(2311,1942,2310),
(2312,1944,1943),(2312,1943,2311),(1945,1944,2313),(2312,2313,1944),(1945,
2314,1946),(1945,2313,2314),(1947,1946,1959),(2314,1959,1946),(1950,1948,
2021),(2019,1948,1960),(2019,2021,1948),(1951,2315,1949),(1949,2315,1968),
(1952,1950,2023),(2021,2023,1950),(1953,2315,1951),(1953,1954,2316),(1953,
2317,2315),(2317,1953,2316),(2318,1954,1955),(1954,2318,2316),(2028,1955,
1956),(1955,2028,2318),(1956,1957,2026),(2026,2028,1956),(2025,1957,1958),
(1957,2025,2026),(2022,1958,1952),(1958,2022,2025),(2022,1952,2023),(1959,
2314,1961),(2020,1960,1962),(1960,2020,2019),(1961,2319,1963),(2319,1961,
2314),(1963,2320,1964),(2319,2320,1963),(2321,1965,1964),(1964,2320,2321),
(2322,1966,1965),(2322,1965,2321),(1966,2323,1962),(1966,2322,2323),(2323,
2020,1962),(1968,2324,1969),(2315,2324,1968),(2325,1970,1969),(1969,2324,
2325),(1970,2326,1971),(2325,2326,1970),(1971,2036,1972),(2326,2036,1971),
(2035,1973,1972),(1972,2036,2035),(1974,1973,2037),(2035,2037,1973),(1999,
1975,1974),(2037,1999,1974),(1979,2305,1978),(2307,2327,1977),(2327,1983,
1977),(2307,2308,2328),(2307,2328,2327),(2329,2304,2305),(2304,2330,2306),
(2329,2330,2304),(2331,2305,1979),(2331,2329,2305),(2302,2332,2303),(2306,
2333,2302),(2333,2332,2302),(2308,2303,2334),(2332,2334,2303),(2335,2306,
2330),(2306,2335,2333),(1979,1980,2331),(2308,2336,2328),(2308,2334,2336),
(2337,2329,2331),(2338,2331,1980),(2338,2337,2331),(2339,2330,2329),(2337,
2339,2329),(1984,2338,1980),(2340,1983,2327),(2328,2341,2327),(2341,2340,
2327),(1983,2340,1981),(2342,2335,2330),(2339,2343,2330),(2342,2330,2343),
(2333,2344,2332),(2333,2335,2345),(2345,2344,2333),(2332,2346,2334),(2332,
2344,2346),(2335,2342,2345),(2336,2347,2328),(2341,2328,2347),(2348,2336,
2334),(2346,2348,2334),(2349,2337,2338),(2350,2339,2337),(2349,2350,2337),
(2351,2338,1984),(2351,2349,2338),(2350,2352,2339),(2352,2343,2339),(1985,
2351,1984),(2353,2347,2336),(2348,2353,2336),(2354,2350,2349),(2349,2351,
2355),(2354,2349,2355),(2356,2352,2350),(2354,2356,2350),(2357,2351,1985),
(2357,2355,2351),(2340,2358,1981),(1981,2358,1982),(2342,2343,2359),(2360,
2345,2342),(2360,2342,2359),(2352,2361,2343),(2361,2359,2343),(2345,2362,
2344),(2360,2362,2345),(2344,2363,2346),(2362,2363,2344),(2341,2364,2340),
(2340,2364,2358),(2365,2341,2347),(2365,2364,2341),(2346,2366,2348),(2363,
2366,2346),(2367,2352,2356),(2367,2361,2352),(1987,2357,1985),(2353,2368,
2347),(2365,2347,2368),(2348,2369,2353),(2366,2369,2348),(2370,2354,2355),
(2371,2356,2354),(2370,2371,2354),(2355,2357,2372),(2370,2355,2372),(2373,
2367,2356),(2371,2373,2356),(2357,1987,2374),(2372,2357,2374),(2358,2375,
1982),(1982,2375,1986),(2364,2376,2358),(2358,2376,2375),(2377,2360,2359),
(2362,2360,2378),(2377,2378,2360),(2361,2379,2359),(2359,2380,2377),(2380,
2359,2379),(2362,2381,2363),(2378,2381,2362),(2367,2379,2361),(2365,2382,
2364),(2364,2382,2376),(2366,2363,2383),(2383,2363,2381),(2373,2384,2367),
(2384,2379,2367),(1988,2374,1987),(2353,2385,2368),(2369,2385,2353),(2386,
2371,2370),(2387,2370,2372),(2387,2386,2370),(2388,2373,2371),(2386,2388,
2371),(2374,2389,2372),(2372,2389,2387),(2368,2390,2365),(2365,2390,2382),
(2391,2369,2366),(2383,2391,2366),(2388,2392,2373),(2392,2384,2373),(2374,
2393,2389),(2393,2374,1988),(2368,2385,2394),(2394,2390,2368),(2395,2385,
2369),(2369,2391,2395),(2396,2386,2387),(2397,2388,2386),(2386,2396,2397),
(2398,2387,2389),(2398,2396,2387),(2388,2399,2392),(2399,2388,2397),(2400,
2389,2393),(2398,2389,2400),(2375,2401,1986),(1986,2401,1989),(2376,2402,
2375),(2375,2402,2401),(2380,2403,2377),(2378,2377,2404),(2403,2404,2377),
(2380,2379,2405),(2384,2406,2379),(2406,2405,2379),(2380,2405,2403),(2378,
2407,2381),(2404,2407,2378),(2382,2408,2376),(2376,2408,2402),(2409,2383,
2381),(2381,2407,2409),(2392,2410,2384),(2410,2406,2384),(1991,2393,1988),
(2390,2411,2382),(2382,2411,2408),(2391,2383,2412),(2412,2383,2409),(2413,
2392,2399),(2413,2410,2392),(2393,2414,2400),(2414,2393,1991),(2385,2415,
2394),(2415,2385,2395),(2416,2397,2396),(2417,2396,2398),(2417,2416,2396),
(2418,2399,2397),(2416,2418,2397),(2419,2398,2400),(2419,2417,2398),(2394,
2420,2390),(2420,2411,2390),(2391,2421,2395),(2412,2421,2391),(2399,2422,
2413),(2418,2422,2399),(2423,2400,2414),(2419,2400,2423),(1989,2401,2424),
(2424,1990,1989),(2401,2402,2425),(2424,2401,2425),(2406,2426,2405),(2403,
2405,2427),(2428,2427,2405),(2428,2405,2426),(2410,2426,2406),(2403,2429,
2404),(2427,2429,2403),(2404,2430,2407),(2429,2430,2404),(2402,2408,2431),
(2402,2431,2425),(2407,2432,2409),(2430,2432,2407),(2413,2433,2410),(2433,
2426,2410),(1993,2414,1991),(2411,2434,2408),(2408,2434,2431),(2435,2412,
2409),(2409,2432,2435),(2436,2413,2422),(2436,2433,2413),(2437,2423,2414),
(2437,2414,1993),(2415,2438,2394),(2394,2438,2420),(2395,2439,2415),(2421,
2439,2395),(2440,2416,2417),(2441,2418,2416),(2440,2441,2416),(2442,2417,
2419),(2417,2442,2440),(2443,2422,2418),(2441,2443,2418),(2423,2444,2419),
(2444,2442,2419),(2420,2445,2411),(2411,2445,2434),(2412,2446,2421),(2435,
2446,2412),(2443,2447,2422),(2422,2447,2436),(2444,2423,2448),(2448,2423,
2437),(2438,2415,2449),(2415,2439,2449),(2450,2441,2440),(2451,2440,2442),
(2451,2450,2440),(2443,2441,2452),(2450,2452,2441),(2453,2442,2444),(2451,
2442,2453),(2454,1990,2424),(1990,2454,1992),(2424,2425,2455),(2455,2454,
2424),(2428,2456,2427),(2427,2457,2429),(2427,2456,2457),(2426,2458,2428),
(2433,2459,2426),(2459,2458,2426),(2428,2458,2456),(2429,2460,2430),(2429,
2457,2460),(2461,2425,2431),(2425,2461,2455),(2462,2432,2430),(2460,2462,
2430),(2463,2433,2436),(2463,2459,2433),(1993,1996,2437),(2438,2464,2420),
(2420,2464,2445),(2421,2465,2439),(2421,2446,2465),(2466,2447,2443),(2452,
2466,2443),(2444,2448,2467),(2453,2444,2467),(2431,2434,2468),(2468,2461,
2431),(2432,2469,2435),(2432,2462,2469),(2447,2470,2436),(2470,2463,2436),
(2471,2448,2437),(2471,2437,1996),(2013,2012,2309),(2309,2015,2310),(2309,
2012,2015),(2311,2310,2472),(2472,2310,2015),(2311,2473,2312),(2311,2472,
2473),(2474,2313,2312),(2473,2474,2312),(2313,2319,2314),(2313,2474,2319),
(2319,2474,2320),(2475,2321,2320),(2475,2320,2474),(2321,2476,2322),(2476,
2321,2475),(2322,2018,2323),(2476,2018,2322),(2323,2017,2020),(2018,2017,
2323),(2317,2477,2315),(2324,2315,2477),(2031,2317,2316),(2316,2318,2029),
(2316,2029,2031),(2317,2031,2477),(2028,2027,2318),(2318,2027,2029),(2324,
2033,2325),(2324,2477,2033),(2326,2325,2032),(2325,2033,2032),(2036,2326,
2034),(2326,2032,2034),(2445,2478,2434),(2434,2478,2468),(2435,2479,2446),
(2469,2479,2435),(2466,2480,2447),(2480,2470,2447),(2467,2448,2481),(2448,
2471,2481),(2449,2482,2438),(2438,2482,2464),(2439,2483,2449),(2465,2483,
2439),(2451,2484,2450),(2450,2485,2452),(2485,2450,2484),(2453,2486,2451),
(2486,2484,2451),(2487,2466,2452),(2485,2487,2452),(2488,2453,2467),(2488,
2486,2453),(2464,2489,2445),(2445,2489,2478),(2490,2465,2446),(2479,2490,
2446),(2491,2466,2487),(2491,2480,2466),(2492,2488,2467),(2492,2467,2481),
(2477,2030,2033),(2477,2031,2030),(2454,2493,1992),(1992,2493,1994),(2454,
2455,2494),(2494,2493,2454),(2459,2495,2458),(2458,2496,2456),(2497,2496,
2458),(2495,2497,2458),(2463,2495,2459),(2456,2498,2457),(2496,2498,2456),
(2457,2499,2460),(2498,2499,2457),(2455,2461,2500),(2494,2455,2500),(2460,
2501,2462),(2499,2501,2460),(2470,2502,2463),(2502,2495,2463),(1997,2471,
1996),(2461,2468,2503),(2500,2461,2503),(2462,2504,2469),(2501,2504,2462),
(2480,2505,2470),(2505,2502,2470),(2481,2471,2506),(2506,2471,1997),(2507,
2482,2449),(2483,2507,2449),(2484,2508,2485),(2509,2484,2486),(2484,2509,
2508),(2510,2487,2485),(2510,2485,2508),(2488,2511,2486),(2511,2509,2486),
(2482,2512,2464),(2489,2464,2512),(2465,2513,2483),(2490,2513,2465),(2514,
2491,2487),(2510,2514,2487),(2515,2488,2492),(2488,2515,2511),(2478,2516,
2468),(2468,2516,2503),(2469,2517,2479),(2504,2517,2469),(2491,2518,2480),
(2518,2505,2480),(2519,2492,2481),(2481,2506,2519),(2489,2520,2478),(2478,
2520,2516),(2479,2521,2490),(2479,2517,2521),(2514,2522,2491),(2491,2522,
2518),(2523,2515,2492),(2523,2492,2519),(2507,2524,2482),(2512,2482,2524),
(2525,2507,2483),(2525,2483,2513),(2526,2508,2509),(2527,2510,2508),(2526,
2527,2508),(2528,2509,2511),(2528,2526,2509),(2529,2514,2510),(2510,2527,
2529),(2530,2511,2515),(2511,2530,2528),(2475,2474,2473),(1994,2493,2531),
(1994,2531,1995),(2532,2493,2494),(2531,2493,2532),(2497,2533,2496),(2498,
2496,2534),(2533,2534,2496),(2495,2535,2497),(2502,2535,2495),(2536,2497,
2535),(2497,2536,2533),(2499,2498,2537),(2534,2537,2498),(2494,2500,2538),
(2538,2532,2494),(2499,2539,2501),(2537,2539,2499),(2540,2502,2505),(2540,
2535,2502),(2506,1997,2002),(2512,2541,2489),(2489,2541,2520),(2490,2542,
2513),(2521,2542,2490),(2514,2529,2543),(2543,2522,2514),(2544,2530,2515),
(2544,2515,2523),(2545,2500,2503),(2500,2545,2538),(2546,2504,2501),(2539,
2546,2501),(2518,2547,2505),(2540,2505,2547),(2519,2506,2548),(2506,2002,
2548),(2549,2475,2473),(2473,2472,2549),(2549,2476,2475),(2516,2550,2503),
(2503,2550,2545),(2504,2551,2517),(2546,2551,2504),(2522,2552,2518),(2552,
2547,2518),(2523,2519,2553),(2548,2553,2519),(2554,2524,2507),(2525,2554,
2507),(2555,2527,2526),(2556,2526,2528),(2556,2555,2526),(2557,2529,2527),
(2555,2557,2527),(2558,2528,2530),(2556,2528,2558),(2524,2559,2512),(2512,
2559,2541),(2525,2513,2560),(2560,2513,2542),(2529,2561,2543),(2529,2557,
2561),(2562,2530,2544),(2562,2558,2530),(2520,2563,2516),(2563,2550,2516),
(2517,2564,2521),(2517,2551,2564),(2522,2543,2565),(2552,2522,2565),(2544,
2523,2566),(2553,2566,2523),(2014,2472,2015),(2549,2472,2014),(2016,2018,
2476),(2016,2476,2549),(2541,2567,2520),(2520,2567,2563),(2521,2568,2542),
(2564,2568,2521),(2561,2569,2543),(2569,2565,2543),(2562,2544,2570),(2566,
2570,2544),(1995,2531,2571),(1995,2571,2000),(2531,2532,2572),(2531,2572,
2571),(2535,2573,2536),(2540,2574,2535),(2574,2573,2535),(2533,2575,2534),
(2536,2576,2533),(2576,2575,2533),(2534,2577,2537),(2575,2577,2534),(2536,
2573,2576),(2532,2538,2578),(2532,2578,2572),(2539,2537,2579),(2577,2579,
2537),(2540,2547,2580),(2580,2574,2540),(2001,2548,2002),(2524,2554,2581),
(2524,2581,2559),(2554,2525,2582),(2525,2560,2582),(2556,2583,2555),(2555,
2584,2557),(2583,2584,2555),(2585,2556,2558),(2585,2583,2556),(2586,2561,
2557),(2584,2586,2557),(2562,2587,2558),(2587,2585,2558),(2588,2538,2545),
(2578,2538,2588),(2539,2589,2546),(2579,2589,2539),(2552,2590,2547),(2590,
2580,2547),(2591,2553,2548),(2591,2548,2001),(2550,2592,2545),(2545,2592,
2588),(2546,2593,2551),(2589,2593,2546),(2565,2594,2552),(2594,2590,2552),
(2595,2566,2553),(2595,2553,2591),(2559,2596,2541),(2541,2596,2567),(2560,
2542,2597),(2568,2597,2542),(2598,2561,2586),(2598,2569,2561),(2587,2562,
2599),(2570,2599,2562),(2563,2600,2550),(2550,2600,2592),(2551,2601,2564),
(2593,2601,2551),(2602,2565,2569),(2602,2594,2565),(2603,2570,2566),(2603,
2566,2595),(2554,2604,2581),(2582,2604,2554),(2583,2605,2584),(2606,2583,
2585),(2606,2605,2583),(2607,2586,2584),(2605,2607,2584),(2587,2608,2585),
(2606,2585,2608),(2609,2559,2581),(2609,2596,2559),(2560,2610,2582),(2597,
2610,2560),(2598,2586,2611),(2607,2611,2586),(2612,2587,2599),(2608,2587,
2612),(2567,2613,2563),(2563,2613,2600),(2614,2568,2564),(2601,2614,2564),
(2569,2598,2615),(2569,2615,2602),(2570,2616,2599),(2616,2570,2603),(2549,
2014,2016),(2000,2571,2617),(2000,2617,2003),(2571,2572,2618),(2571,2618,
2617),(2574,2619,2573),(2620,2576,2573),(2620,2573,2621),(2621,2573,2619),
(2580,2619,2574),(2622,2575,2576),(2620,2622,2576),(2575,2623,2577),(2623,
2575,2622),(2005,2591,2001),(2624,2572,2578),(2572,2624,2618),(2577,2625,
2579),(2623,2625,2577),(2590,2626,2580),(2626,2619,2580),(2578,2588,2627),
(2627,2624,2578),(2628,2589,2579),(2625,2628,2579),(2594,2629,2590),(2626,
2590,2629),(2595,2591,2630),(2630,2591,2005),(2596,2631,2567),(2567,2631,
2613),(2632,2597,2568),(2632,2568,2614),(2633,2598,2611),(2598,2633,2615),
(2634,2612,2599),(2634,2599,2616),(2588,2592,2635),(2588,2635,2627),(2593,
2589,2636),(2636,2589,2628),(2602,2637,2594),(2637,2629,2594),(2595,2638,
2603),(2595,2630,2638),(2604,2639,2581),(2639,2609,2581),(2582,2640,2604),
(2610,2640,2582),(2641,2605,2606),(2642,2607,2605),(2641,2642,2605),(2643,
2606,2608),(2641,2606,2643),(2611,2607,2644),(2607,2642,2644),(2612,2645,
2608),(2643,2608,2645),(2600,2646,2592),(2646,2635,2592),(2593,2647,2601),
(2636,2647,2593),(2648,2602,2615),(2648,2637,2602),(2616,2603,2649),(2649,
2603,2638),(2609,2650,2596),(2596,2650,2631),(2610,2597,2651),(2632,2651,
2597),(2644,2652,2611),(2611,2652,2633),(2645,2612,2653),(2653,2612,2634),
(2613,2654,2600),(2654,2646,2600),(2601,2655,2614),(2647,2655,2601),(2615,
2633,2656),(2615,2656,2648),(2657,2634,2616),(2657,2616,2649),(2639,2604,
2658),(2640,2658,2604),(2659,2642,2641),(2660,2641,2643),(2641,2660,2659),
(2642,2661,2644),(2642,2659,2661),(2662,2643,2645),(2662,2660,2643),(2639,
2663,2609),(2663,2650,2609),(2664,2640,2610),(2664,2610,2651),(2665,2652,
2644),(2644,2661,2665),(2653,2666,2645),(2645,2666,2662),(2613,2631,2667),
(2613,2667,2654),(2668,2632,2614),(2655,2668,2614),(2652,2669,2633),(2669,
2656,2633),(2670,2653,2634),(2670,2634,2657),(2003,2617,2671),(2003,2671,
2004),(2672,2617,2618),(2671,2617,2672),(2620,2621,2073),(2622,2620,2072),
(2073,2072,2620),(2619,2068,2621),(2124,2619,2626),(2124,2068,2619),(2068,
2067,2621),(2067,2073,2621),(2622,2074,2623),(2072,2074,2622),(2630,2005,
2007),(2618,2624,2673),(2618,2673,2672),(2623,2075,2625),(2074,2075,2623),
(2629,2124,2626),(2674,2624,2627),(2624,2674,2673),(2076,2628,2625),(2075,
2076,2625),(2637,2125,2629),(2125,2124,2629),(2630,2675,2638),(2675,2630,
2007),(2627,2635,2676),(2627,2676,2674),(2636,2628,2077),(2076,2077,2628),
(2637,2648,2126),(2637,2126,2125),(2649,2638,2677),(2677,2638,2675),(2678,
2631,2650),(2631,2678,2667),(2632,2679,2651),(2679,2632,2668),(2665,2680,
2652),(2680,2669,2652),(2681,2666,2653),(2681,2653,2670),(2646,2682,2635),
(2682,2676,2635),(2078,2647,2636),(2077,2078,2636),(2656,2127,2648),(2126,
2648,2127),(2683,2657,2649),(2649,2677,2683),(2658,2684,2639),(2639,2684,
2663),(2658,2640,2685),(2664,2685,2640),(2686,2659,2660),(2659,2687,2661),
(2686,2687,2659),(2688,2660,2662),(2688,2686,2660),(2689,2665,2661),(2687,
2689,2661),(2690,2662,2666),(2662,2690,2688),(2691,2646,2654),(2646,2691,
2682),(2647,2079,2655),(2078,2079,2647),(2669,2128,2656),(2128,2127,2656),
(2670,2657,2692),(2692,2657,2683),(2650,2663,2693),(2693,2678,2650),(2651,
2694,2664),(2679,2694,2651),(2689,2695,2665),(2680,2665,2695),(2666,2696,
2690),(2696,2666,2681),(2667,2697,2654),(2654,2697,2691),(2080,2668,2655),
(2079,2080,2655),(2680,2129,2669),(2129,2128,2669),(2698,2681,2670),(2698,
2670,2692),(2658,2699,2684),(2658,2685,2699),(2700,2687,2686),(2701,2686,
2688),(2701,2700,2686),(2702,2689,2687),(2700,2702,2687),(2703,2688,2690),
(2703,2701,2688),(2663,2684,2704),(2663,2704,2693),(2705,2685,2664),(2664,
2694,2705),(2706,2695,2689),(2706,2689,2702),(2707,2690,2696),(2707,2703,
2690),(2667,2678,2708),(2708,2697,2667),(2668,2081,2679),(2080,2081,2668),
(2130,2680,2695),(2130,2129,2680),(2696,2681,2709),(2709,2681,2698),(2004,
2671,2710),(2004,2710,2006),(2671,2672,2711),(2671,2711,2710),(2672,2673,
2712),(2672,2712,2711),(2008,2675,2007),(2673,2674,2713),(2673,2713,2712),
(2677,2675,2714),(2714,2675,2008),(2674,2676,2715),(2674,2715,2713),(2716,
2683,2677),(2716,2677,2714),(2693,2717,2678),(2678,2717,2708),(2679,2082,
2694),(2679,2081,2082),(2131,2695,2706),(2131,2130,2695),(2718,2707,2696),
(2718,2696,2709),(2682,2719,2676),(2719,2715,2676),(2720,2692,2683),(2720,
2683,2716),(2699,2721,2684),(2684,2721,2704),(2685,2722,2699),(2685,2705,
2722),(2723,2700,2701),(2724,2702,2700),(2724,2700,2723),(2725,2701,2703),
(2725,2723,2701),(2702,2726,2706),(2724,2726,2702),(2727,2703,2707),(2725,
2703,2727),(2691,2728,2682),(2728,2719,2682),(2729,2698,2692),(2729,2692,
2720),(2693,2704,2730),(2693,2730,2717),(2694,2083,2705),(2694,2082,2083),
(2726,2132,2706),(2132,2131,2706),(2731,2727,2707),(2731,2707,2718),(2691,
2697,2732),(2691,2732,2728),(2709,2698,2733),(2733,2698,2729),(2734,2697,
2708),(2697,2734,2732),(2735,2718,2709),(2735,2709,2733),(2699,2736,2721),
(2699,2722,2736),(2737,2724,2723),(2738,2723,2725),(2723,2738,2737),(2739,
2726,2724),(2739,2724,2737),(2740,2725,2727),(2740,2738,2725),(2704,2721,
2741),(2741,2730,2704),(2705,2084,2722),(2705,2083,2084),(2726,2133,2132),
(2133,2726,2739),(2731,2742,2727),(2740,2727,2742),(2708,2717,2743),(2734,
2708,2743),(2744,2731,2718),(2744,2718,2735),(2006,2710,2145),(2745,2710,
2711),(2745,2145,2710),(2746,2711,2712),(2745,2711,2747),(2711,2746,2747),
(2008,2153,2714),(2713,2748,2712),(2746,2712,2748),(2716,2714,2749),(2750,
2714,2153),(2750,2749,2714),(2748,2713,2715),(2751,2720,2716),(2716,2749,
2751),(2717,2730,2752),(2717,2752,2743),(2753,2742,2731),(2744,2753,2731),
(2754,2721,2736),(2721,2754,2741),(2736,2722,2085),(2722,2084,2085),(2737,
2738,2755),(2739,2737,2756),(2737,2755,2756),(2757,2738,2740),(2757,2755,
2738),(2739,2134,2133),(2756,2134,2739),(2758,2740,2742),(2740,2758,2757),
(2719,2759,2715),(2760,2748,2715),(2760,2715,2759),(2720,2751,2729),(2728,
2761,2719),(2719,2761,2759),(2729,2762,2733),(2729,2751,2762),(2728,2732,
2761),(2733,2763,2735),(2763,2733,2762),(2764,2730,2741),(2730,2764,2752),
(2765,2758,2742),(2765,2742,2753),(2766,2732,2734),(2732,2767,2761),(2732,
2766,2767),(2744,2735,2768),(2769,2735,2763),(2769,2768,2735),(2736,2086,
2754),(2736,2085,2086),(2770,2756,2755),(2757,2771,2755),(2755,2771,2770),
(2756,2135,2134),(2770,2135,2756),(2772,2757,2758),(2757,2772,2771),(2766,
2734,2743),(2744,2768,2753),(2773,2741,2754),(2773,2764,2741),(2772,2758,
2774),(2774,2758,2765),(2775,2743,2752),(2766,2743,2776),(2743,2775,2776),
(2777,2765,2753),(2778,2753,2768),(2778,2777,2753),(2754,2086,2773),(2771,
2779,2770),(2135,2770,2136),(2136,2770,2779),(2771,2772,2780),(2779,2771,
2780),(2781,2772,2774),(2780,2772,2781),(2752,2764,2775),(2774,2765,2782),
(2777,2782,2765),(2145,2745,2783),(2783,2191,2145),(2071,2773,2086),(2071,
2104,2773),(2779,2137,2136),(2137,2784,2138),(2779,2784,2137),(2123,2138,
2785),(2784,2785,2138),(2123,2785,2156),(2745,2747,2786),(2783,2745,2786),
(2269,2750,2153),(2747,2746,2787),(2788,2746,2748),(2788,2787,2746),(2747,
2787,2786),(2789,2749,2750),(2790,2751,2749),(2790,2749,2789),(2789,2750,
2269),(2748,2760,2791),(2748,2791,2788),(2792,2762,2751),(2792,2751,2790),
(2773,2793,2764),(2764,2794,2775),(2794,2764,2793),(2774,2782,2781),(2759,
2795,2760),(2759,2761,2796),(2759,2796,2795),(2760,2795,2791),(2763,2762,
2797),(2797,2762,2792),(2780,2784,2779),(2781,2798,2780),(2780,2798,2784),
(2767,2799,2761),(2796,2761,2799),(2800,2769,2763),(2800,2763,2797),(2801,
2768,2769),(2768,2802,2778),(2802,2768,2801),(2801,2769,2800),(2793,2773,
2104),(2781,2803,2798),(2781,2782,2803),(2767,2766,2804),(2766,2776,2805),
(2805,2804,2766),(2767,2804,2799),(2777,2778,2806),(2807,2782,2777),(2807,
2777,2806),(2806,2778,2802),(2785,2784,2798),(2808,2785,2798),(2808,2798,
2803),(2776,2775,2809),(2775,2794,2810),(2775,2810,2809),(2776,2809,2805),
(2811,2803,2782),(2811,2782,2807),(2785,2808,2812),(2812,2156,2785),(2813,
2794,2793),(2104,2208,2793),(2813,2793,2208),(2810,2794,2813),(2814,2808,
2803),(2814,2803,2811),(2812,2808,2815),(2815,2808,2814),(2156,2812,2157),
(2816,2157,2812),(2815,2816,2812),(2191,2783,2817),(2786,2818,2783),(2817,
2783,2818),(2817,2267,2191),(2786,2787,2819),(2786,2819,2818),(2820,2787,
2788),(2787,2820,2819),(2788,2791,2821),(2788,2821,2820),(2791,2795,2822),
(2821,2791,2822),(2795,2796,2823),(2795,2823,2822),(2796,2799,2824),(2796,
2824,2823),(2799,2804,2825),(2799,2825,2824),(2826,2804,2805),(2825,2804,
2826),(2805,2809,2827),(2805,2827,2826),(2809,2810,2828),(2809,2828,2827),
(2810,2813,2829),(2829,2828,2810),(2813,2208,2209),(2209,2829,2813),(2158,
2157,2830),(2830,2157,2816),(2155,2159,2831),(2831,2172,2155),(2832,2159,
2160),(2832,2831,2159),(2158,2833,2161),(2158,2830,2833),(2834,2162,2161),
(2833,2834,2161),(2162,2835,2163),(2835,2162,2834),(2164,2163,2836),(2836,
2163,2835),(2165,2164,2837),(2164,2836,2837),(2838,2166,2165),(2838,2165,
2837),(2839,2167,2166),(2166,2838,2839),(2167,2840,2168),(2167,2839,2840),
(2169,2168,2841),(2168,2840,2841),(2170,2169,2842),(2841,2842,2169),(2843,
2171,2170),(2170,2842,2843),(2844,2160,2171),(2844,2171,2843),(2160,2844,
2832),(2845,2815,2814),(2846,2816,2815),(2846,2815,2845),(2847,2814,2811),
(2845,2814,2847),(2846,2830,2816),(2807,2848,2811),(2847,2811,2848),(2849,
2807,2806),(2848,2807,2849),(2806,2802,2850),(2849,2806,2850),(2851,2802,
2801),(2850,2802,2851),(2852,2801,2800),(2851,2801,2852),(2853,2800,2797),
(2852,2800,2853),(2854,2797,2792),(2853,2797,2854),(2855,2792,2790),(2854,
2792,2855),(2789,2856,2790),(2855,2790,2856),(2270,2789,2269),(2856,2789,
2270),(2857,2010,2009),(2858,2009,2011),(2857,2009,2858),(2010,2859,2024),
(2857,2860,2010),(2010,2860,2859),(2011,2861,2858),(2040,2861,2011),(2859,
2038,2024),(2862,2860,2857),(2863,2857,2858),(2862,2857,2863),(2859,2860,
2864),(2865,2038,2859),(2859,2864,2866),(2865,2859,2866),(2864,2860,2862),
(2867,2858,2861),(2867,2863,2858),(2041,2038,2865),(2861,2040,2868),(2869,
2867,2861),(2869,2861,2868),(2039,2868,2040),(2866,2864,2870),(2871,2864,
2862),(2872,2864,2871),(2870,2864,2872),(2866,2873,2865),(2865,2874,2041),
(2873,2874,2865),(2870,2873,2866),(2863,2875,2862),(2875,2871,2862),(2863,
2867,2876),(2876,2875,2863),(2041,2874,2042),(2877,2867,2869),(2876,2867,
2877),(2873,2878,2874),(2879,2042,2874),(2878,2879,2874),(2870,2880,2873),
(2880,2878,2873),(2042,2879,2044),(2868,2039,2881),(2881,2039,2043),(2872,
2871,2882),(2883,2871,2875),(2882,2871,2883),(2870,2872,2884),(2880,2870,
2884),(2885,2884,2872),(2882,2885,2872),(2886,2875,2876),(2883,2875,2886),
(2868,2887,2869),(2887,2868,2881),(2888,2877,2869),(2888,2869,2887),(2876,
2877,2889),(2876,2889,2886),(2890,2879,2878),(2891,2878,2880),(2891,2890,
2878),(2892,2044,2879),(2879,2890,2892),(2880,2893,2891),(2884,2893,2880),
(2044,2892,2045),(2888,2894,2877),(2894,2889,2877),(2895,2890,2891),(2890,
2896,2892),(2890,2895,2896),(2893,2897,2891),(2895,2891,2897),(2898,2045,
2892),(2892,2896,2898),(2881,2043,2899),(2899,2043,2046),(2900,2887,2881),
(2899,2900,2881),(2885,2901,2884),(2901,2893,2884),(2883,2902,2882),(2903,
2885,2882),(2902,2903,2882),(2886,2904,2883),(2904,2902,2883),(2905,2901,
2885),(2905,2885,2903),(2906,2888,2887),(2900,2906,2887),(2907,2886,2889),
(2886,2907,2904),(2893,2908,2897),(2901,2908,2893),(2045,2898,2048),(2909,
2894,2888),(2888,2906,2909),(2894,2910,2889),(2910,2907,2889),(2895,2911,
2896),(2895,2897,2912),(2895,2912,2911),(2913,2898,2896),(2896,2911,2913),
(2908,2914,2897),(2912,2897,2914),(2898,2915,2048),(2915,2898,2913),(2046,
2916,2899),(2916,2046,2047),(2899,2917,2900),(2917,2899,2916),(2905,2918,
2901),(2901,2919,2908),(2918,2919,2901),(2920,2903,2902),(2903,2921,2905),
(2903,2920,2921),(2904,2922,2902),(2922,2920,2902),(2905,2921,2918),(2923,
2906,2900),(2923,2900,2917),(2904,2907,2924),(2904,2924,2922),(2925,2914,
2908),(2919,2925,2908),(2915,2049,2048),(2894,2909,2926),(2926,2910,2894),
(2912,2927,2911),(2911,2928,2913),(2927,2928,2911),(2929,2912,2914),(2929,
2927,2912),(2915,2913,2930),(2930,2913,2928),(2931,2909,2906),(2931,2906,
2923),(2910,2932,2907),(2932,2924,2907),(2933,2929,2914),(2925,2933,2914),
(2930,2934,2915),(2915,2934,2049),(2909,2935,2926),(2909,2931,2935),(2926,
2936,2910),(2936,2932,2910),(2937,2928,2927),(2929,2938,2927),(2938,2937,
2927),(2930,2928,2939),(2937,2939,2928),(2933,2940,2929),(2940,2938,2929),
(2941,2934,2930),(2930,2939,2941),(2942,2916,2047),(2050,2942,2047),(2943,
2917,2916),(2942,2943,2916),(2919,2918,2944),(2918,2921,2945),(2918,2945,
2946),(2946,2944,2918),(2944,2925,2919),(2920,2947,2921),(2945,2921,2947),
(2948,2920,2922),(2947,2920,2948),(2949,2923,2917),(2943,2949,2917),(2950,
2922,2924),(2922,2950,2948),(2951,2933,2925),(2951,2925,2944),(2049,2934,
2053),(2931,2923,2952),(2949,2952,2923),(2953,2924,2932),(2953,2950,2924),
(2954,2940,2933),(2951,2954,2933),(2955,2934,2941),(2955,2053,2934),(2956,
2926,2935),(2936,2926,2956),(2937,2938,2957),(2937,2958,2939),(2937,2957,
2958),(2959,2938,2940),(2957,2938,2959),(2960,2941,2939),(2958,2960,2939),
(2931,2961,2935),(2961,2931,2952),(2962,2932,2936),(2962,2953,2932),(2940,
2954,2963),(2959,2940,2963),(2941,2964,2955),(2964,2941,2960),(2942,2050,
2965),(2050,2051,2965),(2942,2966,2943),(2965,2966,2942),(2967,2946,2945),
(2947,2968,2945),(2968,2967,2945),(2946,2969,2944),(2951,2944,2969),(2970,
2969,2946),(2946,2967,2970),(2948,2971,2947),(2971,2968,2947),(2949,2943,
2972),(2943,2966,2972),(2950,2973,2948),(2973,2971,2948),(2951,2974,2954),
(2974,2951,2969),(2955,2054,2053),(2975,2952,2949),(2972,2975,2949),(2950,
2953,2976),(2976,2973,2950),(2977,2963,2954),(2974,2977,2954),(2964,2978,
2955),(2955,2978,2054),(2979,2956,2935),(2935,2961,2979),(2956,2980,2936),
(2962,2936,2980),(2957,2981,2958),(2959,2982,2957),(2981,2957,2982),(2983,
2960,2958),(2981,2983,2958),(2959,2963,2984),(2982,2959,2984),(2960,2985,
2964),(2983,2985,2960),(2961,2952,2986),(2986,2952,2975),(2987,2953,2962),
(2987,2976,2953),(2963,2988,2984),(2988,2963,2977),(2964,2985,2989),(2964,
2989,2978),(2956,2979,2990),(2956,2990,2980),(2982,2991,2981),(2983,2981,
2992),(2992,2981,2991),(2984,2993,2982),(2991,2982,2993),(2994,2985,2983),
(2992,2994,2983),(2051,2995,2965),(2995,2051,2052),(2965,2996,2966),(2996,
2965,2995),(2970,2997,2969),(2998,2974,2969),(2998,2969,2997),(2967,2968,
2999),(3000,2970,2967),(2967,2999,3000),(3001,2968,2971),(3001,2999,2968),
(3000,2997,2970),(3002,2972,2966),(2966,2996,3002),(3003,2971,2973),(3003,
3001,2971),(3004,2977,2974),(2998,3004,2974),(2978,2055,2054),(3005,2979,
2961),(2986,3005,2961),(2980,3006,2962),(3006,2987,2962),(2984,2988,3007),
(3007,2993,2984),(2985,3008,2989),(2994,3008,2985),(3009,2975,2972),(2972,
3002,3009),(2976,3010,2973),(3010,3003,2973),(3011,2988,2977),(2977,3004,
3011),(2978,2989,3012),(3012,2055,2978),(3013,2986,2975),(3009,3013,2975),
(2987,3014,2976),(3014,3010,2976),(3007,2988,3015),(3011,3015,2988),(3008,
3016,2989),(2989,3016,3012),(3017,2990,2979),(3017,2979,3005),(3018,2980,
2990),(2980,3018,3006),(2992,2991,3019),(2993,3020,2991),(3020,3019,2991),
(3021,2994,2992),(3019,3021,2992),(3022,2993,3007),(3022,3020,2993),(3023,
3008,2994),(3023,2994,3021),(3024,3005,2986),(3013,3024,2986),(3006,3025,
2987),(3025,3014,2987),(3007,3026,3022),(3026,3007,3015),(3008,3023,3027),
(3008,3027,3016),(3028,2995,2052),(2056,3028,2052),(3029,2996,2995),(3029,
2995,3028),(2998,2997,3030),(3031,2997,3000),(3031,3032,2997),(3032,3030,
2997),(2998,3030,3004),(2999,3033,3000),(3033,3031,3000),(3001,3034,2999),
(3034,3033,2999),(2996,3035,3002),(3029,3035,2996),(3003,3036,3001),(3001,
3036,3034),(3037,3011,3004),(3037,3004,3030),(2055,3012,2058),(3038,3009,
3002),(3002,3035,3038),(3010,3039,3003),(3036,3003,3039),(3011,3040,3015),
(3011,3037,3040),(3012,3016,3041),(3041,2058,3012),(3042,2990,3017),(3018,
2990,3042),(3020,3043,3019),(3044,3021,3019),(3019,3043,3044),(3020,3022,
3045),(3045,3043,3020),(3021,3046,3023),(3021,3044,3046),(3047,3017,3005),
(3005,3024,3047),(3006,3018,3048),(3048,3025,3006),(3026,3049,3022),(3049,
3045,3022),(3023,3050,3027),(3046,3050,3023),(3009,3051,3013),(3051,3009,
3038),(3010,3014,3052),(3052,3039,3010),(3015,3053,3026),(3015,3040,3053),
(3016,3027,3054),(3016,3054,3041),(3024,3013,3055),(3055,3013,3051),(3025,
3056,3014),(3056,3052,3014),(3026,3057,3049),(3053,3057,3026),(3058,3027,
3050),(3054,3027,3058),(3059,3042,3017),(3047,3059,3017),(3060,3018,3042),
(3018,3060,3048),(3044,3043,3061),(3045,3062,3043),(3043,3062,3061),(3044,
3063,3046),(3061,3063,3044),(3049,3064,3045),(3064,3062,3045),(3050,3046,
3065),(3046,3063,3065),(3066,3028,2056),(2057,3066,2056),(3028,3067,3029),
(3067,3028,3066),(3031,3068,3032),(3069,3031,3033),(3068,3031,3069),(3030,
3032,3070),(3071,3037,3030),(3070,3071,3030),(3068,3070,3032),(3072,3033,
3034),(3072,3069,3033),(3035,3029,3073),(3067,3073,3029),(3036,3074,3034),
(3072,3034,3074),(3037,3075,3040),(3075,3037,3071),(2058,3041,2059),(3047,
3024,3076),(3076,3024,3055),(3077,3025,3048),(3077,3056,3025),(3078,3064,
3049),(3057,3078,3049),(3065,3079,3050),(3050,3079,3058),(3080,3038,3035),
(3035,3073,3080),(3039,3081,3036),(3074,3036,3081),(3053,3040,3082),(3075,
3082,3040),(3083,3041,3054),(3083,2059,3041),(3038,3084,3051),(3084,3038,
3080),(3085,3039,3052),(3085,3081,3039),(3057,3053,3086),(3082,3086,3053),
(3058,3087,3054),(3083,3054,3087),(3059,3088,3042),(3088,3060,3042),(3062,
3089,3061),(3090,3063,3061),(3090,3061,3089),(3091,3062,3064),(3062,3091,
3089),(3092,3065,3063),(3063,3090,3092),(3093,3059,3047),(3076,3093,3047),
(3048,3060,3094),(3077,3048,3094),(3064,3078,3095),(3091,3064,3095),(3079,
3065,3096),(3096,3065,3092),(3051,3097,3055),(3084,3097,3051),(3098,3052,
3056),(3098,3085,3052),(3099,3078,3057),(3086,3099,3057),(3079,3100,3058),
(3058,3100,3087),(3076,3055,3101),(3101,3055,3097),(3102,3056,3077),(3098,
3056,3102),(3078,3103,3095),(3103,3078,3099),(3079,3096,3104),(3104,3100,
3079),(2057,3105,3066),(3105,2057,2060),(3067,3066,3106),(3105,3106,3066),
(3071,3070,3107),(3070,3068,3108),(3108,3109,3070),(3109,3107,3070),(3107,
3075,3071),(3110,3068,3069),(3108,3068,3110),(3072,3111,3069),(3111,3110,
3069),(3112,3073,3067),(3067,3106,3112),(3074,3113,3072),(3113,3111,3072),
(3114,3082,3075),(3075,3107,3114),(2063,2059,3083),(3115,3088,3059),(3059,
3093,3115),(3060,3088,3116),(3060,3116,3094),(3117,3090,3089),(3118,3089,
3091),(3117,3089,3118),(3090,3119,3092),(3117,3119,3090),(3095,3120,3091),
(3120,3118,3091),(3092,3121,3096),(3092,3119,3121),(3073,3122,3080),(3122,
3073,3112),(3123,3074,3081),(3123,3113,3074),(3082,3124,3086),(3124,3082,
3114),(3125,3083,3087),(3125,2063,3083),(3126,3084,3080),(3080,3122,3126),
(3127,3081,3085),(3123,3081,3127),(3086,3128,3099),(3128,3086,3124),(3129,
3087,3100),(3087,3129,3125),(3093,3076,3130),(3130,3076,3101),(3094,3131,
3077),(3131,3102,3077),(3120,3095,3132),(3095,3103,3132),(3133,3096,3121),
(3096,3133,3104),(3134,3097,3084),(3134,3084,3126),(3098,3135,3085),(3135,
3127,3085),(3136,3103,3099),(3128,3136,3099),(3137,3100,3104),(3100,3137,
3129),(3138,3088,3115),(3088,3138,3116),(3118,3139,3117),(3117,3140,3119),
(3117,3139,3140),(3120,3141,3118),(3139,3118,3141),(3142,3121,3119),(3140,
3142,3119),(3143,3115,3093),(3093,3130,3143),(3144,3094,3116),(3131,3094,
3144),(3120,3132,3145),(3145,3141,3120),(3121,3146,3133),(3121,3142,3146),
(3101,3097,3147),(3097,3134,3147),(3102,3148,3098),(3148,3135,3098),(3149,
3132,3103),(3149,3103,3136),(3133,3150,3104),(3150,3137,3104),(3151,3105,
2060),(3151,2060,2061),(3152,3106,3105),(3152,3105,3151),(3109,3108,3153),
(3110,3154,3108),(3154,3153,3108),(3109,3155,3107),(3107,3155,3114),(3109,
3156,3155),(3153,3156,3109),(3111,3157,3110),(3154,3110,3157),(3158,3112,
3106),(3106,3152,3158),(3113,3159,3111),(3157,3111,3159),(3160,3124,3114),
(3155,3160,3114),(3125,2062,2063),(3161,3122,3112),(3158,3161,3112),(3162,
3113,3123),(3159,3113,3162),(3124,3163,3128),(3160,3164,3124),(3124,3164,
3163),(3125,3129,3165),(3165,2062,3125),(3166,3130,3101),(3166,3101,3147),
(3102,3131,3167),(3167,3148,3102),(3145,3132,3168),(3149,3168,3132),(3133,
3146,3169),(3169,3150,3133),(3170,3126,3122),(3122,3161,3170),(3127,3171,
3123),(3162,3123,3171),(3136,3128,3172),(3163,3172,3128),(3129,3137,3173),
(3129,3173,3165),(3174,3138,3115),(3143,3174,3115),(3138,3175,3116),(3175,
3144,3116),(3139,3176,3140),(3139,3141,3177),(3139,3177,3176),(3178,3142,
3140),(3176,3178,3140),(3145,3179,3141),(3141,3179,3177),(3180,3146,3142),
(3178,3180,3142),(3126,3181,3134),(3126,3170,3181),(3127,3135,3182),(3182,
3171,3127),(3136,3172,3149),(3137,3150,3183),(3137,3183,3173),(3143,3130,
3184),(3184,3130,3166),(3185,3131,3144),(3167,3131,3185),(3145,3186,3179),
(3145,3168,3186),(3146,3180,3187),(3146,3187,3169),(3188,3147,3134),(3188,
3134,3181),(3148,3189,3135),(3135,3189,3182),(3149,3190,3168),(3190,3149,
3172),(3150,3169,3191),(3191,3183,3150),(3192,3138,3174),(3192,3175,3138),
(3177,3193,3176),(3178,3176,3194),(3193,3194,3176),(3179,3195,3177),(3177,
3195,3193),(3196,3180,3178),(3178,3194,3196),(3143,3197,3174),(3143,3184,
3197),(3144,3175,3198),(3185,3144,3198),(3186,3199,3179),(3195,3179,3199),
(3200,3187,3180),(3196,3200,3180),(3201,3166,3147),(3147,3188,3201),(3202,
3148,3167),(3202,3189,3148),(3186,3168,3203),(3190,3203,3168),(3187,3204,
3169),(3191,3169,3204),(2061,3205,3151),(2061,2064,3205),(3151,3206,3152),
(3206,3151,3205),(3156,2069,3155),(2070,3160,3155),(2069,2070,3155),(3154,
2089,3153),(2088,3156,3153),(3153,2089,2088),(2090,3154,3157),(2090,2089,
3154),(2069,3156,2088),(2066,2062,3165),(3152,3207,3158),(3152,3206,3207),
(3159,2091,3157),(2090,3157,2091),(3164,3160,2108),(2070,2108,3160),(3208,
3161,3158),(3207,3208,3158),(3162,2092,3159),(2092,2091,3159),(3164,2109,
3163),(2111,3172,3163),(2109,2110,3163),(3163,2110,2111),(3164,2108,2109),
(3173,2105,3165),(2066,3165,2105),(3170,3161,3209),(3208,3209,3161),(3162,
3171,2093),(3162,2093,2092),(3190,3172,2111),(2106,3173,3183),(3173,2106,
2105),(3210,3184,3166),(3201,3210,3166),(3185,3211,3167),(3211,3202,3167),
(3212,3199,3186),(3203,3212,3186),(3200,3213,3187),(3204,3187,3213),(3214,
3181,3170),(3170,3209,3214),(2094,3171,3182),(2094,2093,3171),(3191,2139,
3183),(3183,2139,2106),(3192,3174,3215),(3197,3215,3174),(3175,3192,3216),
(3198,3175,3216),(3193,3217,3194),(3195,3218,3193),(3218,3217,3193),(3194,
3219,3196),(3217,3219,3194),(3220,3195,3199),(3218,3195,3220),(3221,3200,
3196),(3219,3221,3196),(3188,3181,3222),(3222,3181,3214),(3189,2095,3182),
(3182,2095,2094),(3190,2112,3203),(2112,3190,2111),(3204,2140,3191),(2140,
2139,3191),(3184,3223,3197),(3210,3223,3184),(3224,3185,3198),(3185,3224,
3211),(3199,3225,3220),(3225,3199,3212),(3200,3221,3226),(3200,3226,3213),
(3201,3188,3227),(3222,3227,3188),(3189,3202,2096),(3189,2096,2095),(3203,
2113,3212),(2113,3203,2112),(3204,3213,2141),(2141,2140,3204),(3228,3192,
3215),(3192,3228,3216),(3218,3229,3217),(3219,3217,3230),(3229,3230,3217),
(3220,3231,3218),(3231,3229,3218),(3232,3221,3219),(3219,3230,3232),(3215,
3197,3233),(3233,3197,3223),(3216,3234,3198),(3198,3234,3224),(3235,3220,
3225),(3231,3220,3235),(3221,3236,3226),(3232,3236,3221),(3237,3210,3201),
(3237,3201,3227),(2097,3202,3211),(3202,2097,2096),(2114,3225,3212),(3212,
2113,2114),(3213,3226,2142),(3213,2142,2141),(2064,3238,3205),(2065,3238,
2064),(3205,3239,3206),(3238,3239,3205),(3206,3240,3207),(3240,3206,3239),
(3207,3241,3208),(3240,3241,3207),(3242,3209,3208),(3242,3208,3241),(3210,
3243,3223),(3237,3243,3210),(3224,2098,3211),(2097,3211,2098),(3225,2115,
3235),(2115,3225,2114),(3226,3236,2143),(2142,3226,2143),(3244,3214,3209),
(3209,3242,3244),(3215,3245,3228),(3245,3215,3233),(3216,3228,3234),(3230,
3229,3246),(3247,3229,3231),(3247,3246,3229),(3232,3230,3248),(3230,3246,
3248),(3249,3231,3235),(3231,3249,3247),(3250,3236,3232),(3248,3250,3232),
(3222,3214,3251),(3244,3251,3214),(3252,3233,3223),(3252,3223,3243),(3234,
2099,3224),(3224,2099,2098),(2116,3249,3235),(2116,3235,2115),(3250,2144,
3236),(3236,2144,2143),(3227,3222,3253),(3253,3222,3251),(3227,3254,3237),
(3254,3227,3253),(3255,3234,3228),(3255,3228,3245),(3247,3256,3246),(3246,
3257,3248),(3257,3246,3256),(3258,3247,3249),(3247,3258,3256),(3248,3259,
3250),(3257,3259,3248),(3260,3245,3233),(3252,3260,3233),(3234,3255,2099),
(2117,3249,2116),(3249,2117,3258),(3250,2147,2144),(3259,2147,3250),(3261,
3243,3237),(3261,3237,3254),(3238,2065,3262),(2146,3262,2065),(3238,3262,
3239),(3263,3240,3239),(3263,3239,3262),(3264,3241,3240),(3265,3240,3263),
(3265,3264,3240),(3242,3241,3266),(3241,3264,3266),(3243,3267,3252),(3267,
3243,3261),(3242,3268,3244),(3242,3266,3268),(3269,3255,3245),(3270,3245,
3260),(3270,3269,3245),(3256,3271,3257),(3272,3256,3258),(3272,3271,3256),
(3259,3257,3273),(3257,3271,3273),(2117,2118,3258),(2118,3272,3258),(2148,
2147,3259),(3259,3273,2148),(3268,3251,3244),(3251,3274,3253),(3274,3251,
3268),(3252,3275,3260),(3267,3275,3252),(2100,2099,3255),(3276,3254,3253),
(3276,3253,3274),(3269,2101,3255),(3255,2101,2100),(3277,3271,3272),(3271,
3278,3273),(3277,3278,3271),(2119,3272,2118),(2119,3277,3272),(3273,2150,
2148),(2150,3273,3278),(3279,3261,3254),(3280,3254,3276),(3254,3280,3279),
(3281,3270,3260),(3281,3260,3275),(3282,3267,3261),(3279,3282,3261),(2102,
3269,3270),(3269,2102,2101),(3270,2087,2102),(2087,3270,3281),(3277,3283,
3278),(2119,2120,3277),(2120,3283,3277),(3278,3284,2150),(3284,3278,3283),
(2149,2150,3284),(3285,3275,3267),(3285,3267,3282),(3286,3262,2146),(3262,
3287,3263),(3287,3262,3286),(2146,2192,3286),(3281,3288,2087),(2103,2087,
3288),(2120,2121,3283),(2121,2122,3289),(3283,2121,3289),(2107,2151,2122),
(2122,2151,3289),(3290,3265,3263),(3287,3290,3263),(3291,3264,3265),(3266,
3264,3292),(3292,3264,3291),(3290,3291,3265),(3275,3285,3281),(3266,3293,
3268),(3293,3266,3292),(3274,3268,3294),(3293,3294,3268),(3289,3284,3283),
(3284,2152,2149),(3284,3289,2152),(3274,3295,3276),(3294,3295,3274),(3288,
3281,3285),(3280,3276,3296),(3295,3296,3276),(3280,3297,3279),(3279,3298,
3282),(3297,3298,3279),(3296,3297,3280),(2151,2152,3289),(3299,3285,3282),
(3282,3298,3299),(3285,3300,3288),(3299,3300,3285),(3288,2193,2103),(2193,
3288,3300),(3301,3287,3286),(2192,3302,3286),(3301,3286,3302),(3303,3290,
3287),(3301,3303,3287),(3302,2192,2237),(3290,3304,3291),(3304,3290,3303),
(3291,3305,3292),(3304,3305,3291),(3292,3306,3293),(3305,3306,3292),(3293,
3307,3294),(3307,3293,3306),(3295,3294,3308),(3307,3308,3294),(3295,3309,
3296),(3308,3309,3295),(3310,3297,3296),(3309,3310,3296),(3311,3298,3297),
(3311,3297,3310),(3298,3312,3299),(3298,3311,3312),(3299,3313,3300),(3313,
3299,3312),(3300,2194,2193),(3313,2194,3300),(3314,2173,2195),(2175,2173,
3315),(2173,3314,3316),(3315,2173,3316),(2194,3313,2196),(2195,2197,3317),
(2195,3317,3314),(3318,2198,2196),(2196,3313,3318),(2199,2198,3319),(3318,
3319,2198),(3320,2200,2199),(3320,2199,3319),(2201,2200,3321),(3320,3321,
2200),(2202,2201,3322),(3322,2201,3321),(2203,2202,3323),(3323,2202,3322),
(3324,2204,2203),(2203,3323,3324),(2205,2204,3325),(3324,3325,2204),(2205,
3326,2206),(2205,3325,3326),(2207,2206,3327),(3326,3328,2206),(3328,3327,
2206),(2197,2207,3327),(2197,3327,3317),(2172,3329,2210),(2831,3329,2172),
(2209,2211,2829),(3330,2212,2210),(3331,2210,3329),(3330,2210,3331),(2211,
2213,3332),(3332,2829,2211),(3333,2213,2214),(3332,2213,3333),(2214,2215,
3334),(3334,3333,2214),(3335,2215,2216),(3335,3334,2215),(2216,2217,3336),
(3335,2216,3336),(3337,2217,2218),(3337,3336,2217),(3338,2218,2219),(3337,
2218,3338),(2220,3339,2219),(3338,2219,3339),(2221,3340,2220),(3339,2220,
3340),(2222,3341,2221),(3341,3340,2221),(2222,2212,3342),(3342,3341,2222),
(3342,2212,3330),(2174,2176,3343),(2174,3343,2223),(2177,3344,2176),(2176,
3344,3343),(2178,2175,3315),(2177,2179,3345),(2177,3345,3344),(2179,2180,
3345),(2181,3346,2180),(2180,3347,3345),(2180,3346,3347),(2181,2182,3348),
(3348,3346,2181),(2183,3349,2182),(3348,2182,3349),(3350,2183,2184),(3349,
2183,3350),(2185,3351,2184),(3351,3350,2184),(3352,2185,2186),(2185,3352,
3351),(2187,3353,2186),(3352,2186,3353),(3354,2187,2188),(3354,3353,2187),
(2188,2189,3355),(3354,2188,3355),(3356,2189,2190),(2189,3356,3355),(2190,
2178,3357),(3356,2190,3357),(2178,3315,3357),(3343,3358,2223),(3358,2225,
2223),(3358,3343,3359),(3344,3359,3343),(3358,3360,2225),(2225,3360,2224),
(3358,3361,3360),(3359,3361,3358),(2224,3360,2228),(3360,3362,2228),(3362,
3360,3361),(2226,2228,3363),(3362,3363,2228),(2226,3364,2227),(3364,2226,
3363),(2229,2227,3365),(3364,3365,2227),(2229,3366,2230),(3365,3366,2229),
(2230,3367,2231),(2230,3366,3367),(2232,2231,3368),(2231,3367,3368),(2233,
2232,3369),(3368,3369,2232),(2233,3370,2234),(3369,3370,2233),(2234,3371,
2235),(2234,3370,3371),(2235,2240,2236),(3371,2240,2235),(2237,3372,3302),
(2237,2239,3372),(3373,3301,3302),(3372,3373,3302),(3374,3303,3301),(3373,
3374,3301),(3375,3304,3303),(3374,3375,3303),(3304,3376,3305),(3375,3376,
3304),(3305,3377,3306),(3376,3377,3305),(3306,3378,3307),(3306,3377,3378),
(3307,3379,3308),(3378,3379,3307),(3308,3380,3309),(3379,3380,3308),(3309,
3381,3310),(3381,3309,3380),(3382,3311,3310),(3382,3310,3381),(3311,3383,
3312),(3383,3311,3382),(3313,3312,3318),(3383,3318,3312),(3384,3316,3314),
(3385,3314,3317),(3314,3385,3384),(3315,3316,3386),(3386,3357,3315),(3387,
3386,3316),(3384,3387,3316),(3318,3383,3319),(3388,3320,3319),(3319,3383,
3388),(3321,3320,3389),(3389,3320,3388),(3321,3390,3322),(3390,3321,3389),
(3323,3322,3391),(3390,3391,3322),(3324,3323,3392),(3392,3323,3391),(3325,
3324,3393),(3393,3324,3392),(3325,3394,3326),(3325,3393,3394),(3395,3328,
3326),(3326,3394,3395),(3396,3327,3328),(3317,3327,3385),(3396,3385,3327),
(3395,3397,3328),(3328,3397,3396),(3344,3345,3359),(3347,3398,3345),(3345,
3398,3359),(3347,3346,3399),(3348,3400,3346),(3346,3400,3399),(3347,3401,
3398),(3401,3347,3399),(3402,3348,3349),(3402,3400,3348),(3349,3350,3403),
(3403,3402,3349),(3351,3404,3350),(3403,3350,3404),(3405,3351,3352),(3351,
3405,3404),(3352,3353,3406),(3405,3352,3406),(3353,3354,3407),(3353,3407,
3406),(3355,3408,3354),(3407,3354,3408),(3409,3355,3356),(3409,3408,3355),
(3410,3356,3357),(3409,3356,3410),(3357,3386,3410),(3411,3361,3359),(3411,
3359,3398),(3362,3361,3412),(3361,3411,3412),(3363,3362,3413),(3362,3412,
3413),(3364,3363,3414),(3413,3414,3363),(3415,3365,3364),(3364,3414,3415),
(3366,3365,3416),(3365,3415,3416),(3366,3417,3367),(3366,3416,3417),(3368,
3367,3418),(3367,3417,3418),(3369,3368,3419),(3419,3368,3418),(3369,3420,
3370),(3369,3419,3420),(3370,3421,3371),(3421,3370,3420),(3371,2241,2240),
(3421,2241,3371),(3422,3411,3398),(3401,3422,3398),(3423,3412,3411),(3422,
3423,3411),(3382,3388,3383),(3412,3424,3413),(3423,3424,3412),(3425,3388,
3382),(3382,3381,3425),(3389,3388,3425),(3399,3400,3426),(3399,3427,3401),
(3427,3399,3426),(3402,3428,3400),(3400,3428,3426),(3427,3422,3401),(3429,
3414,3413),(3424,3429,3413),(3430,3381,3380),(3425,3381,3430),(3390,3389,
3431),(3431,3389,3425),(3402,3403,3432),(3402,3432,3428),(3414,3433,3415),
(3414,3429,3433),(3434,3380,3379),(3380,3434,3430),(3391,3390,3435),(3390,
3431,3435),(3404,3436,3403),(3432,3403,3436),(3415,3437,3416),(3433,3437,
3415),(3423,3422,3438),(3422,3427,3438),(3423,3439,3424),(3438,3439,3423),
(3440,3379,3378),(3440,3434,3379),(3392,3391,3441),(3391,3435,3441),(3442,
3404,3405),(3436,3404,3442),(3417,3416,3443),(3443,3416,3437),(3377,3444,
3378),(3440,3378,3444),(3393,3392,3445),(3392,3441,3445),(3446,3405,3406),
(3442,3405,3446),(3417,3447,3418),(3447,3417,3443),(3425,3430,3431),(3427,
3426,3448),(3438,3427,3448),(3426,3428,3449),(3426,3449,3448),(3424,3450,
3429),(3439,3450,3424),(3376,3451,3377),(3444,3377,3451),(3394,3393,3452),
(3393,3445,3452),(3453,3406,3407),(3446,3406,3453),(3418,3454,3419),(3454,
3418,3447),(3376,3375,3455),(3376,3455,3451),(3395,3394,3456),(3394,3452,
3456),(3407,3408,3457),(3453,3407,3457),(3420,3419,3458),(3419,3454,3458),
(3438,3448,3459),(3459,3439,3438),(3374,3460,3375),(3460,3455,3375),(3397,
3395,3461),(3456,3461,3395),(3462,3408,3409),(3457,3408,3462),(3463,3421,
3420),(3463,3420,3458),(3464,3374,3373),(3374,3464,3460),(3465,3385,3396),
(3466,3396,3397),(3396,3466,3465),(3467,3384,3385),(3385,3465,3467),(3461,
3466,3397),(3468,3409,3410),(3462,3409,3468),(3421,2243,2241),(3463,2243,
3421),(3469,3431,3430),(3469,3430,3434),(3431,3469,3435),(3470,3428,3432),
(3470,3449,3428),(3471,3433,3429),(3471,3429,3450),(3372,3472,3373),(3464,
3373,3472),(3386,3473,3410),(3473,3468,3410),(2239,3474,3372),(3474,3472,
3372),(3387,3473,3386),(3474,2239,2238),(3387,3384,3475),(3467,3475,3384),
(3476,3473,3387),(3387,3475,3476),(3434,3440,3477),(3469,3434,3477),(3478,
3441,3435),(3435,3469,3478),(3479,3432,3436),(3470,3432,3479),(3480,3437,
3433),(3471,3480,3433),(3449,3481,3448),(3448,3481,3459),(3439,3482,3450),
(3482,3439,3459),(3444,3483,3440),(3483,3477,3440),(3445,3441,3484),(3484,
3441,3478),(3485,3436,3442),(3479,3436,3485),(3486,3443,3437),(3437,3480,
3486),(3477,3478,3469),(3449,3470,3487),(3481,3449,3487),(3471,3450,3488),
(3450,3482,3488),(3451,3489,3444),(3489,3483,3444),(3445,3490,3452),(3490,
3445,3484),(3491,3442,3446),(3442,3491,3485),(3443,3492,3447),(3443,3486,
3492),(3481,3493,3459),(3482,3459,3493),(3455,3494,3451),(3494,3489,3451),
(3452,3495,3456),(3490,3495,3452),(3496,3446,3453),(3496,3491,3446),(3447,
3497,3454),(3497,3447,3492),(3498,3478,3477),(3477,3483,3498),(3478,3498,
3484),(3499,3470,3479),(3487,3470,3499),(3471,3500,3480),(3488,3500,3471),
(3460,3501,3455),(3501,3494,3455),(3456,3502,3461),(3456,3495,3502),(3503,
3453,3457),(3453,3503,3496),(3458,3454,3504),(3497,3504,3454),(3464,3505,
3460),(3505,3501,3460),(3506,3466,3461),(3506,3461,3502),(3457,3462,3507),
(3507,3503,3457),(3508,3463,3458),(3458,3504,3508),(3472,3509,3464),(3509,
3505,3464),(3510,3465,3466),(3466,3506,3510),(3511,3467,3465),(3511,3465,
3510),(3512,3462,3468),(3507,3462,3512),(3513,3481,3487),(3513,3493,3481),
(3482,3514,3488),(3514,3482,3493),(2243,3463,2244),(3463,3508,2244),(3515,
3483,3489),(3483,3515,3498),(3484,3516,3490),(3516,3484,3498),(3517,3479,
3485),(3517,3499,3479),(3486,3480,3518),(3480,3500,3518),(3474,3519,3472),
(3519,3509,3472),(3475,3467,3520),(3467,3511,3520),(3468,3473,3521),(3512,
3468,3521),(2238,3522,3474),(3522,3519,3474),(3523,3473,3476),(3523,3521,
3473),(3522,2238,2242),(3476,3475,3524),(3520,3524,3475),(3524,3523,3476),
(3489,3494,3525),(3525,3515,3489),(3495,3490,3526),(3490,3516,3526),(3491,
3527,3485),(3517,3485,3527),(3492,3486,3528),(3528,3486,3518),(3515,3516,
3498),(3487,3499,3529),(3513,3487,3529),(3500,3488,3530),(3488,3514,3530),
(3513,3531,3493),(3514,3493,3531),(3494,3501,3532),(3494,3532,3525),(3533,
3502,3495),(3533,3495,3526),(3491,3496,3534),(3491,3534,3527),(3492,3535,
3497),(3492,3528,3535),(3505,3536,3501),(3501,3536,3532),(3537,3506,3502),
(3533,3537,3502),(3538,3496,3503),(3534,3496,3538),(3504,3497,3539),(3497,
3535,3539),(3516,3515,3540),(3515,3525,3540),(3526,3516,3540),(3541,3499,
3517),(3541,3529,3499),(3500,3542,3518),(3500,3530,3542),(3543,3505,3509),
(3505,3543,3536),(3544,3510,3506),(3506,3537,3544),(3545,3503,3507),(3503,
3545,3538),(3546,3508,3504),(3504,3539,3546),(3547,3513,3529),(3547,3531,
3513),(3514,3548,3530),(3548,3514,3531),(3509,3519,3549),(3549,3543,3509),
(3550,3511,3510),(3510,3544,3550),(3507,3512,3551),(3551,3545,3507),(2244,
3508,2247),(3508,3546,2247),(3532,3552,3525),(3552,3540,3525),(3526,3553,
3533),(3540,3553,3526),(3554,3517,3527),(3554,3541,3517),(3528,3518,3555),
(3518,3542,3555),(3522,3556,3519),(3556,3549,3519),(3511,3557,3520),(3557,
3511,3550),(3558,3512,3521),(3512,3558,3551),(2242,3559,3522),(3559,3556,
3522),(3560,3524,3520),(3560,3520,3557),(3521,3523,3558),(3559,2242,2245),
(3561,3523,3524),(3561,3524,3560),(3562,3558,3523),(3523,3561,3562),(3563,
3532,3536),(3532,3563,3552),(3537,3533,3564),(3533,3553,3564),(3565,3527,
3534),(3527,3565,3554),(3535,3528,3566),(3566,3528,3555),(3552,3553,3540),
(3541,3567,3529),(3529,3567,3547),(3568,3542,3530),(3548,3568,3530),(3531,
3547,3569),(3569,3548,3531),(3570,3536,3543),(3570,3563,3536),(3571,3544,
3537),(3571,3537,3564),(3534,3538,3572),(3534,3572,3565),(3539,3535,3573),
(3573,3535,3566),(3553,3552,3574),(3574,3552,3563),(3553,3574,3564),(3575,
3541,3554),(3567,3541,3575),(3555,3542,3576),(3568,3576,3542),(3549,3577,
3543),(3577,3570,3543),(3550,3544,3578),(3578,3544,3571),(3538,3545,3579),
(3572,3538,3579),(3539,3580,3546),(3580,3539,3573),(3581,3547,3567),(3581,
3569,3547),(3582,3568,3548),(3582,3548,3569),(3556,3583,3549),(3577,3549,
3583),(3550,3584,3557),(3584,3550,3578),(3545,3551,3585),(3579,3545,3585),
(3546,2250,2247),(3546,3580,2250),(3570,3586,3563),(3574,3563,3586),(3564,
3587,3571),(3574,3587,3564),(3588,3554,3565),(3575,3554,3588),(3566,3555,
3589),(3589,3555,3576),(3559,3590,3556),(3556,3590,3583),(3591,3560,3557),
(3591,3557,3584),(3551,3558,3592),(3551,3592,3585),(2245,3593,3559),(3590,
3559,3593),(3594,3561,3560),(3594,3560,3591),(3592,3558,3562),(3593,2245,
2246),(3595,3562,3561),(3561,3594,3595),(3592,3562,3596),(3562,3595,3596),
(3597,3570,3577),(3570,3597,3586),(3598,3578,3571),(3598,3571,3587),(3565,
3572,3599),(3565,3599,3588),(3573,3566,3600),(3566,3589,3600),(3586,3587,
3574),(3567,3575,3601),(3567,3601,3581),(3576,3568,3602),(3568,3582,3602),
(3569,3581,3603),(3603,3582,3569),(3583,3604,3577),(3597,3577,3604),(3584,
3578,3605),(3578,3598,3605),(3606,3572,3579),(3572,3606,3599),(3607,3580,
3573),(3600,3607,3573),(3608,3587,3586),(3597,3608,3586),(3598,3587,3608),
(3609,3575,3588),(3609,3601,3575),(3576,3610,3589),(3576,3602,3610),(3611,
3583,3590),(3611,3604,3583),(3612,3591,3584),(3584,3605,3612),(3579,3585,
3613),(3613,3606,3579),(2250,3580,2251),(3580,3607,2251),(3614,3581,3601),
(3581,3614,3603),(3582,3615,3602),(3582,3603,3615),(3593,3616,3590),(3611,
3590,3616),(3594,3591,3617),(3591,3612,3617),(3618,3585,3592),(3585,3618,
3613),(3604,3619,3597),(3619,3608,3597),(3620,3605,3598),(3608,3620,3598),
(3621,3588,3599),(3609,3588,3621),(3589,3622,3600),(3622,3589,3610),(3623,
3593,2246),(3616,3593,3623),(3624,3595,3594),(3594,3617,3624),(3592,3596,
3618),(2246,2248,3623),(3625,3596,3595),(3625,3595,3624),(3626,3618,3596),
(3596,3625,3626),(3611,3627,3604),(3627,3619,3604),(3628,3612,3605),(3620,
3628,3605),(3599,3606,3629),(3599,3629,3621),(3630,3607,3600),(3600,3622,
3630),(3619,3620,3608),(3601,3609,3631),(3601,3631,3614),(3610,3602,3632),
(3632,3602,3615),(3633,3603,3614),(3615,3603,3633),(3634,3611,3616),(3634,
3627,3611),(3612,3635,3617),(3635,3612,3628),(3636,3606,3613),(3629,3606,
3636),(2253,2251,3607),(3607,3630,2253),(3620,3619,3637),(3637,3619,3627),
(3637,3628,3620),(3609,3621,3638),(3631,3609,3638),(3639,3622,3610),(3639,
3610,3632),(3616,3623,3640),(3634,3616,3640),(3624,3617,3641),(3635,3641,
3617),(3642,3613,3618),(3613,3642,3636),(2248,3643,3623),(3640,3623,3643),
(3625,3624,3644),(3624,3641,3644),(3618,3626,3642),(3645,3614,3631),(3633,
3614,3645),(3646,3632,3615),(3615,3633,3646),(3643,2248,2249),(3647,3626,
3625),(3644,3647,3625),(3648,3642,3626),(3647,3648,3626),(3634,3649,3627),
(3649,3637,3627),(3650,3635,3628),(3637,3650,3628),(3651,3621,3629),(3621,
3651,3638),(3622,3652,3630),(3652,3622,3639),(3653,3634,3640),(3634,3653,
3649),(3654,3641,3635),(3635,3650,3654),(3655,3629,3636),(3651,3629,3655),
(2253,3630,2254),(3630,3652,2254),(3650,3637,3649),(3656,3631,3638),(3645,
3631,3656),(3657,3639,3632),(3657,3632,3646),(3658,3633,3645),(3646,3633,
3658),(3643,3659,3640),(3653,3640,3659),(3644,3641,3660),(3641,3654,3660),
(3661,3636,3642),(3655,3636,3661),(3662,3643,2249),(3659,3643,3662),(3663,
3647,3644),(3644,3660,3663),(3642,3648,3664),(3661,3642,3664),(3649,3665,
3650),(3653,3665,3649),(3650,3665,3654),(3666,3638,3651),(3666,3656,3638),
(3652,3639,3667),(3667,3639,3657),(2252,3662,2249),(3668,3648,3647),(3668,
3647,3663),(3648,3668,3664),(3656,3669,3645),(3658,3645,3669),(3670,3657,
3646),(3670,3646,3658),(3659,3671,3653),(3653,3671,3665),(3672,3660,3654),
(3654,3665,3672),(3651,3655,3673),(3651,3673,3666),(2258,2254,3652),(3667,
2258,3652),(3662,3674,3659),(3671,3659,3674),(3675,3663,3660),(3660,3672,
3675),(3655,3661,3676),(3655,3676,3673),(3671,3672,3665),(3677,3656,3666),
(3669,3656,3677),(3667,3657,3678),(3678,3657,3670),(3658,3669,3679),(3658,
3679,3670),(2252,3680,3662),(3680,3674,3662),(3668,3663,3681),(3675,3681,
3663),(3664,3676,3661),(2252,2255,3680),(3682,3664,3668),(3682,3668,3681),
(3676,3664,3683),(3682,3683,3664),(3684,3672,3671),(3684,3671,3674),(3675,
3672,3684),(3685,3666,3673),(3666,3685,3677),(3667,2259,2258),(3667,3678,
2259),(3669,3677,3686),(3669,3686,3679),(3670,3687,3678),(3687,3670,3679),
(3688,3674,3680),(3688,3684,3674),(3681,3675,3689),(3684,3689,3675),(3673,
3676,3690),(3690,3685,3673),(2255,3691,3680),(3688,3680,3691),(3692,3682,
3681),(3692,3681,3689),(3683,3693,3676),(3693,3690,3676),(3688,3689,3684),
(3677,3685,3694),(3686,3677,3694),(2262,2259,3678),(2262,3678,3687),(2256,
3691,2255),(3683,3682,3695),(3682,3692,3695),(3693,3683,3695),(3679,3686,
3696),(3696,3687,3679),(3697,3689,3688),(3697,3688,3691),(3692,3689,3697),
(3685,3690,3698),(3685,3698,3694),(3699,3686,3694),(3696,3686,3699),(2261,
2262,3687),(2261,3687,3696),(2256,3700,3691),(3700,3697,3691),(3701,3695,
3692),(3697,3701,3692),(3698,3690,3693),(2257,3700,2256),(3702,3693,3695),
(3695,3701,3702),(3698,3693,3703),(3703,3693,3702),(3700,3701,3697),(3704,
3694,3698),(3694,3704,3699),(3696,3699,2265),(3696,2265,2261),(3701,3700,
3705),(2257,3705,3700),(3705,3702,3701),(3706,3698,3703),(3706,3704,3698),
(3705,2257,2260),(3707,3703,3702),(3702,3705,3707),(3703,3707,3706),(2266,
3699,3704),(2266,2265,3699),(2260,3707,3705),(3706,2264,3704),(2266,3704,
2264),(3707,2260,2263),(3707,2263,3706),(2263,2264,3706),(2267,2817,3708),
(2267,3708,2268),(3709,2817,2818),(3709,3708,2817),(2818,2819,3710),(2818,
3710,3709),(2819,2820,3711),(2819,3711,3710),(2820,2821,3712),(2820,3712,
3711),(2821,2822,3713),(2821,3713,3712),(2822,2823,3714),(2822,3714,3713),
(3715,2823,2824),(2823,3715,3714),(3716,2824,2825),(3716,3715,2824),(2825,
2826,3717),(3716,2825,3717),(2826,2827,3718),(2826,3718,3717),(2827,2828,
3719),(2827,3719,3718),(2829,3332,2828),(3719,2828,3332),(2831,3720,3329),
(3329,3721,3331),(3721,3329,3720),(2832,3722,2831),(3722,3720,2831),(3719,
3332,3333),(3723,3333,3334),(3333,3723,3719),(3724,3334,3335),(3334,3724,
3723),(3725,3335,3336),(3335,3725,3724),(3726,3336,3337),(3726,3725,3336),
(3338,3727,3337),(3726,3337,3727),(3728,3338,3339),(3728,3727,3338),(3729,
3339,3340),(3728,3339,3729),(3730,3340,3341),(3730,3729,3340),(3731,3341,
3342),(3341,3731,3730),(3330,3732,3342),(3731,3342,3732),(3330,3331,3733),
(3330,3733,3732),(3331,3721,3733),(2833,2830,3734),(3734,2830,2846),(2833,
3735,2834),(3735,2833,3734),(2835,2834,3736),(3736,2834,3735),(2836,2835,
3737),(3737,2835,3736),(3738,2837,2836),(3738,2836,3737),(2838,2837,3739),
(3738,3739,2837),(3740,2839,2838),(3739,3740,2838),(2840,2839,3741),(3741,
2839,3740),(3742,2841,2840),(3742,2840,3741),(3743,2842,2841),(2841,3742,
3743),(3744,2843,2842),(3744,2842,3743),(2844,2843,3745),(2843,3744,3745),
(2844,3746,2832),(2844,3745,3746),(2832,3746,3722),(3747,2846,2845),(3734,
2846,3747),(3748,2845,2847),(3747,2845,3748),(3749,2847,2848),(3748,2847,
3749),(3750,2848,2849),(3749,2848,3750),(2850,3751,2849),(3750,2849,3751),
(3752,2850,2851),(3751,2850,3752),(3753,2851,2852),(3752,2851,3753),(3754,
2852,2853),(3753,2852,3754),(3755,2853,2854),(3754,2853,3755),(2854,2855,
3756),(3755,2854,3756),(3757,2855,2856),(2855,3757,3756),(2270,2271,2856),
(3757,2856,2271),(3735,3734,3758),(3758,3734,3747),(3759,3736,3735),(3735,
3758,3759),(3748,3760,3747),(3760,3758,3747),(3718,3719,3723),(3761,3737,
3736),(3736,3759,3761),(3762,3748,3749),(3760,3748,3762),(3718,3723,3763),
(3717,3718,3763),(3763,3723,3724),(3738,3737,3764),(3737,3761,3764),(3765,
3749,3750),(3762,3749,3765),(3759,3758,3766),(3766,3758,3760),(3716,3717,
3767),(3767,3717,3763),(3724,3725,3768),(3763,3724,3768),(3739,3738,3769),
(3769,3738,3764),(3750,3751,3770),(3765,3750,3770),(3715,3716,3771),(3767,
3771,3716),(3725,3726,3772),(3768,3725,3772),(3773,3740,3739),(3773,3739,
3769),(3751,3752,3774),(3770,3751,3774),(3761,3759,3775),(3775,3759,3766),
(3762,3776,3760),(3766,3760,3776),(3714,3715,3777),(3715,3771,3777),(3778,
3726,3727),(3778,3772,3726),(3779,3741,3740),(3779,3740,3773),(3752,3753,
3780),(3752,3780,3774),(3713,3714,3781),(3714,3777,3781),(3728,3782,3727),
(3778,3727,3782),(3741,3783,3742),(3783,3741,3779),(3753,3754,3784),(3784,
3780,3753),(3767,3763,3768),(3764,3761,3785),(3775,3785,3761),(3765,3786,
3762),(3762,3786,3776),(3787,3712,3713),(3713,3781,3787),(3788,3728,3729),
(3782,3728,3788),(3789,3743,3742),(3789,3742,3783),(3754,3755,3790),(3784,
3754,3790),(3711,3712,3791),(3712,3787,3791),(3792,3729,3730),(3729,3792,
3788),(3743,3793,3744),(3743,3789,3793),(3794,3755,3756),(3794,3790,3755),
(3766,3795,3775),(3795,3766,3776),(3796,3710,3711),(3796,3711,3791),(3797,
3730,3731),(3730,3797,3792),(3798,3745,3744),(3744,3793,3798),(3756,3757,
3799),(3794,3756,3799),(3709,3710,3800),(3710,3796,3800),(3731,3732,3801),
(3731,3801,3797),(3746,3745,3802),(3802,3745,3798),(2275,3757,2271),(3799,
3757,2275),(3803,3767,3768),(3771,3767,3803),(3772,3803,3768),(3804,3769,
3764),(3764,3785,3804),(3765,3770,3805),(3805,3786,3765),(3806,3708,3709),
(3709,3800,3806),(3807,3732,3733),(3801,3732,3807),(3808,3722,3746),(3746,
3802,3808),(2268,3708,3809),(3809,3708,3806),(3810,3733,3721),(3807,3733,
3810),(3720,3722,3811),(3808,3811,3722),(2268,3809,2273),(3812,3721,3720),
(3721,3812,3810),(3812,3720,3811),(3777,3771,3813),(3771,3803,3813),(3814,
3772,3778),(3814,3803,3772),(3815,3773,3769),(3769,3804,3815),(3816,3770,
3774),(3805,3770,3816),(3785,3775,3817),(3817,3775,3795),(3818,3776,3786),
(3795,3776,3818),(3781,3777,3819),(3777,3813,3819),(3820,3778,3782),(3814,
3778,3820),(3821,3779,3773),(3821,3773,3815),(3822,3774,3780),(3816,3774,
3822),(3813,3803,3814),(3823,3804,3785),(3785,3817,3823),(3786,3805,3824),
(3818,3786,3824),(3781,3825,3787),(3825,3781,3819),(3788,3826,3782),(3826,
3820,3782),(3827,3783,3779),(3827,3779,3821),(3780,3784,3828),(3828,3822,
3780),(3817,3795,3829),(3829,3795,3818),(3791,3787,3830),(3787,3825,3830),
(3831,3788,3792),(3788,3831,3826),(3789,3783,3832),(3832,3783,3827),(3790,
3833,3784),(3828,3784,3833),(3813,3814,3834),(3834,3819,3813),(3834,3814,
3820),(3835,3815,3804),(3835,3804,3823),(3805,3816,3836),(3824,3805,3836),
(3837,3796,3791),(3837,3791,3830),(3838,3792,3797),(3838,3831,3792),(3839,
3793,3789),(3839,3789,3832),(3840,3790,3794),(3833,3790,3840),(3800,3796,
3841),(3841,3796,3837),(3842,3797,3801),(3842,3838,3797),(3798,3793,3843),
(3843,3793,3839),(3844,3794,3799),(3844,3840,3794),(3806,3800,3845),(3800,
3841,3845),(3807,3846,3801),(3846,3842,3801),(3847,3802,3798),(3847,3798,
3843),(2276,3799,2275),(3844,3799,2276),(3848,3823,3817),(3848,3817,3829),
(3849,3818,3824),(3829,3818,3849),(3819,3850,3825),(3819,3834,3850),(3826,
3851,3820),(3834,3820,3851),(3821,3815,3852),(3815,3835,3852),(3853,3816,
3822),(3816,3853,3836),(3854,3809,3806),(3845,3854,3806),(3855,3807,3810),
(3855,3846,3807),(3856,3808,3802),(3856,3802,3847),(3857,2273,3809),(3854,
3857,3809),(3858,3810,3812),(3855,3810,3858),(3808,3856,3811),(2272,2273,
3857),(3859,3812,3811),(3858,3812,3859),(3860,3811,3856),(3859,3811,3860),
(3830,3825,3861),(3850,3861,3825),(3826,3831,3862),(3851,3826,3862),(3863,
3827,3821),(3863,3821,3852),(3864,3822,3828),(3864,3853,3822),(3834,3851,
3850),(3823,3865,3835),(3865,3823,3848),(3866,3824,3836),(3849,3824,3866),
(3867,3848,3829),(3867,3829,3849),(3868,3837,3830),(3830,3861,3868),(3838,
3869,3831),(3869,3862,3831),(3832,3827,3870),(3870,3827,3863),(3871,3828,
3833),(3864,3828,3871),(3841,3837,3872),(3868,3872,3837),(3873,3838,3842),
(3869,3838,3873),(3874,3839,3832),(3874,3832,3870),(3840,3875,3833),(3875,
3871,3833),(3850,3851,3876),(3861,3850,3876),(3876,3851,3862),(3877,3852,
3835),(3835,3865,3877),(3836,3853,3878),(3878,3866,3836),(3845,3841,3879),
(3841,3872,3879),(3880,3842,3846),(3873,3842,3880),(3839,3881,3843),(3881,
3839,3874),(3840,3844,3882),(3882,3875,3840),(3848,3883,3865),(3867,3883,
3848),(3866,3884,3849),(3867,3849,3884),(3854,3845,3885),(3845,3879,3885),
(3886,3846,3855),(3846,3886,3880),(3843,3887,3847),(3887,3843,3881),(2276,
2279,3844),(3882,3844,2279),(3861,3888,3868),(3861,3876,3888),(3869,3889,
3862),(3862,3889,3876),(3863,3852,3890),(3877,3890,3852),(3864,3891,3853),
(3853,3891,3878),(3892,3857,3854),(3854,3885,3892),(3858,3893,3855),(3886,
3855,3893),(3894,3856,3847),(3847,3887,3894),(2272,3857,3895),(3857,3892,
3895),(3859,3896,3858),(3896,3893,3858),(3860,3856,3894),(2272,3895,2274),
(3897,3859,3860),(3897,3896,3859),(3860,3894,3898),(3860,3898,3897),(3899,
3872,3868),(3868,3888,3899),(3900,3869,3873),(3900,3889,3869),(3863,3901,
3870),(3901,3863,3890),(3864,3871,3902),(3891,3864,3902),(3888,3876,3889),
(3903,3877,3865),(3865,3883,3903),(3866,3878,3904),(3904,3884,3866),(3905,
3883,3867),(3867,3884,3905),(3879,3872,3906),(3899,3906,3872),(3907,3873,
3880),(3907,3900,3873),(3874,3870,3908),(3908,3870,3901),(3909,3871,3875),
(3871,3909,3902),(3888,3889,3910),(3899,3888,3910),(3910,3889,3900),(3877,
3911,3890),(3911,3877,3903),(3891,3912,3878),(3912,3904,3878),(3885,3879,
3913),(3879,3906,3913),(3914,3880,3886),(3880,3914,3907),(3874,3915,3881),
(3874,3908,3915),(3916,3875,3882),(3909,3875,3916),(3917,3903,3883),(3917,
3883,3905),(3884,3904,3918),(3918,3905,3884),(3919,3892,3885),(3885,3913,
3919),(3886,3893,3920),(3914,3886,3920),(3881,3921,3887),(3881,3915,3921),
(2280,3882,2279),(3916,3882,2280),(3922,3906,3899),(3899,3910,3922),(3907,
3923,3900),(3900,3923,3910),(3924,3901,3890),(3924,3890,3911),(3902,3925,
3891),(3891,3925,3912),(3926,3895,3892),(3892,3919,3926),(3896,3927,3893),
(3893,3927,3920),(3887,3928,3894),(3928,3887,3921),(2274,3895,3929),(3926,
3929,3895),(3897,3930,3896),(3927,3896,3930),(3894,3931,3898),(3931,3894,
3928),(2274,3929,2277),(3932,3897,3898),(3897,3932,3930),(3898,3931,3932),
(3913,3906,3933),(3906,3922,3933),(3934,3907,3914),(3923,3907,3934),(3935,
3908,3901),(3935,3901,3924),(3902,3909,3936),(3925,3902,3936),(3910,3923,
3922),(3937,3911,3903),(3937,3903,3917),(3938,3904,3912),(3938,3918,3904),
(3939,3917,3905),(3905,3918,3939),(3940,3919,3913),(3913,3933,3940),(3941,
3914,3920),(3934,3914,3941),(3942,3915,3908),(3935,3942,3908),(3916,3943,
3909),(3936,3909,3943),(3944,3922,3923),(3944,3933,3922),(3944,3923,3934),
(3945,3924,3911),(3945,3911,3937),(3946,3912,3925),(3912,3946,3938),(3926,
3919,3947),(3919,3940,3947),(3948,3920,3927),(3948,3941,3920),(3949,3921,
3915),(3949,3915,3942),(2281,3916,2280),(3943,3916,2281),(3937,3917,3950),
(3950,3917,3939),(3918,3938,3951),(3951,3939,3918),(3929,3926,3952),(3926,
3947,3952),(3953,3927,3930),(3948,3927,3953),(3954,3928,3921),(3954,3921,
3949),(3955,3940,3933),(3933,3944,3955),(3956,3934,3941),(3934,3956,3944),
(3957,3935,3924),(3957,3924,3945),(3936,3958,3925),(3958,3946,3925),(2277,
3929,3959),(3952,3959,3929),(3960,3930,3932),(3953,3930,3960),(3928,3954,
3931),(2277,3959,2278),(3961,3932,3931),(3960,3932,3961),(3962,3931,3954),
(3961,3931,3962),(3947,3940,3963),(3955,3963,3940),(3964,3941,3948),(3964,
3956,3941),(3965,3942,3935),(3935,3957,3965),(3966,3936,3943),(3966,3958,
3936),(3955,3944,3956),(3945,3937,3967),(3937,3950,3967),(3946,3968,3938),
(3938,3968,3951),(3969,3950,3939),(3969,3939,3951),(3952,3947,3970),(3947,
3963,3970),(3971,3948,3953),(3964,3948,3971),(3972,3949,3942),(3972,3942,
3965),(3943,2281,2284),(2284,3966,3943),(3955,3956,3973),(3963,3955,3973),
(3973,3956,3964),(3945,3974,3957),(3974,3945,3967),(3946,3958,3975),(3968,
3946,3975),(3959,3952,3976),(3970,3976,3952),(3977,3953,3960),(3971,3953,
3977),(3949,3978,3954),(3978,3949,3972),(2278,3959,3979),(3959,3976,3979),
(3980,3960,3961),(3977,3960,3980),(3954,3978,3962),(3981,3967,3950),(3981,
3950,3969),(3951,3968,3982),(3982,3969,3951),(2278,3979,2282),(3983,3961,
3962),(3980,3961,3983),(3984,3962,3978),(3983,3962,3984),(3970,3963,3985),
(3973,3985,3963),(3971,3986,3964),(3986,3973,3964),(3957,3987,3965),(3987,
3957,3974),(3988,3958,3966),(3958,3988,3975),(3976,3970,3989),(3970,3985,
3989),(3977,3990,3971),(3986,3971,3990),(3991,3972,3965),(3987,3991,3965),
(2284,2287,3966),(2287,3988,3966),(3985,3973,3986),(3992,3974,3967),(3992,
3967,3981),(3968,3975,3993),(3993,3982,3968),(3994,3981,3969),(3994,3969,
3982),(3979,3976,3995),(3995,3976,3989),(3977,3980,3996),(3990,3977,3996),
(3997,3978,3972),(3997,3972,3991),(3998,2282,3979),(3979,3995,3998),(3983,
3999,3980),(3996,3980,3999),(3984,3978,4000),(3997,4000,3978),(4001,3985,
3986),(3989,3985,4001),(4001,3986,3990),(3974,4002,3987),(3992,4002,3974),
(4003,3975,3988),(4003,3993,3975),(2282,3998,2283),(4004,3983,3984),(3983,
4004,3999),(4004,3984,4000),(4005,3992,3981),(4005,3981,3994),(4006,3982,
3993),(4006,3994,3982),(3989,4007,3995),(4007,3989,4001),(3996,4008,3990),
(4001,3990,4008),(4009,3991,3987),(4009,3987,4002),(2288,3988,2287),(2288,
4003,3988),(3995,4010,3998),(3995,4007,4010),(3999,4011,3996),(4011,4008,
3996),(4012,3997,3991),(4009,4012,3991),(4008,4007,4001),(4013,4002,3992),
(4013,3992,4005),(3993,4003,4014),(4014,4006,3993),(4015,4005,3994),(4015,
3994,4006),(2283,3998,4016),(4010,4016,3998),(4017,3999,4004),(4017,4011,
3999),(3997,4012,4000),(2283,4016,2285),(4018,4004,4000),(4017,4004,4018),
(4019,4000,4012),(4018,4000,4019),(4020,4007,4008),(4020,4010,4007),(4011,
4020,4008),(4021,4009,4002),(4021,4002,4013),(2291,4003,2288),(2291,4014,
4003),(4022,4013,4005),(4005,4015,4022),(4023,4006,4014),(4023,4015,4006),
(4016,4010,4024),(4010,4020,4024),(4025,4011,4017),(4011,4025,4020),(4026,
4012,4009),(4026,4009,4021),(2285,4016,4027),(4024,4027,4016),(4017,4018,
4028),(4017,4028,4025),(4019,4012,4029),(4026,4029,4012),(4024,4020,4025),
(4030,4021,4013),(4013,4022,4030),(2291,2290,4014),(2290,4023,4014),(2285,
4027,2286),(4031,4018,4019),(4028,4018,4031),(4031,4019,4029),(4032,4022,
4015),(4032,4015,4023),(4033,4024,4025),(4027,4024,4033),(4028,4033,4025),
(4034,4026,4021),(4034,4021,4030),(4035,4030,4022),(4022,4032,4035),(2295,
4023,2290),(2295,4032,4023),(2286,4027,4036),(4033,4036,4027),(4037,4028,
4031),(4037,4033,4028),(4026,4034,4029),(2286,4036,2289),(4038,4031,4029),
(4037,4031,4038),(4039,4029,4034),(4038,4029,4039),(4036,4033,4037),(4030,
4040,4034),(4040,4030,4035),(2296,4035,4032),(4032,2295,2296),(4036,4037,
4041),(2289,4036,4041),(4041,4037,4038),(4034,4040,4039),(2289,4041,2292),
(4042,4038,4039),(4041,4038,4042),(4039,4040,4043),(4039,4043,4042),(4035,
2297,4040),(4035,2296,2297),(2292,4041,4042),(4040,2297,4043),(2292,4042,
2293),(2293,4042,4043),(2294,4043,2297),(2293,4043,2294)),());
#28=COORDINATES_LIST('',3198,((-0.033,-0.060939998626709,0.00128699994087219),
(-0.033,-0.060939998626709,0.0069980001449585),(-0.033,-0.0432989997863769,
0.00397300004959106),(-0.033,-0.0432989997863769,0.0069980001449585),(-0.033,
-0.0432779998779297,0.00382100009918213),(-0.033,-0.0432150001525879,0.00367199993133545),
(-0.033,-0.0431119995117187,0.00352999997138977),(-0.033,-0.0429720001220703,
0.00340000009536743),(-0.033,-0.0427970008850097,0.0032829999923706),(-0.033,
-0.0425929985046387,0.00318400001525879),(-0.033,-0.0423639984130859,0.00310400009155273),
(-0.033,-0.0421160011291504,0.00304500007629395),(-0.033,-0.0418549995422363,
0.00300999999046325),(-0.033,-0.0415870018005371,0.00299799990653992),(-0.033,
-0.0335979995727539,0.00299799990653992),(-0.033,-0.0333300018310547,0.00300999999046325),
(-0.033,-0.0330690002441406,0.00304500007629395),(-0.033,-0.0328209991455078,
0.00310400009155273),(-0.033,-0.0325919990539551,0.00318400001525879),(-0.033,
-0.0323880004882812,0.0032829999923706),(-0.033,-0.0322130012512207,0.00340000009536743),
(-0.033,-0.0320730018615722,0.00352999997138977),(-0.033,-0.0319699993133545,
0.00367199993133545),(-0.033,-0.0319069995880127,0.00382100009918213),(-0.033,
-0.0318859996795655,0.00397300004959106),(-0.033,-0.0318859996795655,0.0069980001449585),
(-0.033,-0.0090600004196167,0.00128699994087219),(-0.033,-0.0090600004196167,
0.0069980001449585),(-0.0329900016784668,-0.0611419982910156,0.00128699994087219),
(-0.0329900016784668,-0.0611419982910156,0.0069980001449585),(-0.0329900016784668,
-0.060939998626709,0.00116100001335144),(-0.0329900016784668,-0.0090600004196167,
0.00116100001335144),(-0.0329900016784668,-0.00885799980163574,0.00128699994087219),
(-0.0329900016784668,-0.00885799980163574,0.0069980001449585),(-0.0329799995422364,
-0.061140998840332,0.00116100001335144),(-0.0329799995422364,-0.00885900020599365,
0.00116100001335144),(-0.0329599990844726,-0.0613419990539551,0.00128699994087219),
(-0.0329599990844726,-0.0613419990539551,0.0069980001449585),(-0.0329599990844726,
-0.060939998626709,0.00103600001335144),(-0.0329599990844726,-0.0090600004196167,
0.00103600001335144),(-0.0329599990844726,-0.00865799999237061,0.0069980001449585),
(-0.0329599990844726,-0.0086579999923706,0.00128699994087219),(-0.032951000213623,
-0.0613400001525879,0.00116100001335144),(-0.032951000213623,-0.0611380004882813,
0.00103600001335144),(-0.032951000213623,-0.00886200046539307,0.00103600001335144),
(-0.032951000213623,-0.00865999984741211,0.00116100001335144),(-0.0329220008850097,
-0.0613339996337891,0.00103600001335144),(-0.0329220008850097,-0.00866600036621094,
0.00103600001335144),(-0.0329109992980957,-0.0615379981994629,0.00128699994087219),
(-0.0329109992980957,-0.0615379981994629,0.0069980001449585),(-0.0329109992980957,
-0.060939998626709,0.000913999974727631),(-0.0329109992980957,-0.0090600004196167,
0.000913999974727631),(-0.0329109992980957,-0.00846199989318848,0.00128699994087219),
(-0.0329109992980957,-0.00846199989318848,0.0069980001449585),(-0.0329020004272461,
-0.0615349998474121,0.00116100001335144),(-0.0329020004272461,-0.061132999420166,
0.000913999974727631),(-0.0329020004272461,-0.00886699962615967,0.000913999974727631),
(-0.0329020004272461,-0.00846500015258789,0.00116100001335144),(-0.0328730010986328,
-0.0615270004272461,0.00103600001335144),(-0.0328730010986328,-0.0613250007629395,
0.000913999974727631),(-0.0328730010986328,-0.00867500019073486,0.000913999974727631),
(-0.0328730010986328,-0.00847299957275391,0.00103600001335144),(-0.0328429985046386,
-0.0617280006408691,0.00128699994087219),(-0.0328429985046386,-0.0617280006408691,
0.0069980001449585),(-0.0328429985046386,-0.060939998626709,0.000795000016689301),
(-0.0328429985046386,-0.0090600004196167,0.000795000016689301),(-0.0328429985046386,
-0.00827200031280518,0.00128699994087219),(-0.0328429985046386,-0.00827200031280517,
0.0069980001449585),(-0.032833999633789,-0.0617249984741211,0.00116100001335144),
(-0.032833999633789,-0.0611269989013672,0.000795000016689301),(-0.032833999633789,
-0.0088730001449585,0.000795000016689301),(-0.032833999633789,-0.00827499961853027,
0.00116100001335144),(-0.032826000213623,-0.0615120010375977,0.000913999974727631),
(-0.032826000213623,-0.00848799991607666,0.000913999974727631),(-0.0328069992065429,
-0.0617130012512207,0.00103600001335144),(-0.0328069992065429,-0.0613110008239746,
0.000795000016689301),(-0.0328069992065429,-0.00868900012969971,0.000795000016689301),
(-0.0328069992065429,-0.00828699970245361,0.00103600001335144),(-0.0327610015869141,
-0.0616949996948242,0.000913999974727631),(-0.0327610015869141,-0.0614930000305176,
0.000795000016689301),(-0.0327610015869141,-0.00850699996948242,0.000795000016689301),
(-0.0327610015869141,-0.00830500030517578,0.000913999974727631),(-0.0327569999694824,
-0.0619109992980957,0.00128699994087219),(-0.0327569999694824,-0.0619109992980957,
0.0069980001449585),(-0.0327569999694824,-0.060939998626709,0.000680999994277954),
(-0.0327569999694824,-0.0090600004196167,0.000680999994277954),(-0.0327569999694824,
-0.00808899974822998,0.00128699994087219),(-0.0327569999694824,-0.00808899974822998,
0.0069980001449585),(-0.0327480010986328,-0.0619070014953613,0.00116100001335144),
(-0.0327480010986328,-0.0611180000305176,0.000680999994277954),(-0.0327480010986328,
-0.00888199996948242,0.000680999994277954),(-0.0327480010986328,-0.00809300041198731,
0.00116100001335144),(-0.0327220001220703,-0.0618930015563965,0.00103600001335144),
(-0.0327220001220703,-0.0612949981689453,0.000680999994277954),(-0.0327220001220703,
-0.00870499992370605,0.000680999994277954),(-0.0327220001220703,-0.00810700035095215,
0.00103600001335144),(-0.0326980018615722,-0.0616679992675781,0.000795000016689301),
(-0.0326980018615722,-0.00833199977874756,0.000795000016689301),(-0.0326790008544922,
-0.0618689994812012,0.000913999974727631),(-0.0326790008544922,-0.0614679985046387,
0.000680999994277954),(-0.0326790008544922,-0.00853199958801269,0.000680999994277954),
(-0.0326790008544922,-0.00813099956512451,0.000913999974727631),(-0.0326529998779297,
-0.0620849990844727,0.00128699994087219),(-0.0326529998779297,-0.0620849990844727,
0.0069980001449585),(-0.0326529998779297,-0.060939998626709,0.000572000026702881),
(-0.0326529998779297,-0.0090600004196167,0.000572000026702881),(-0.0326529998779297,
-0.00791499996185303,0.00128699994087219),(-0.0326529998779297,-0.00791499996185303,
0.0069980001449585),(-0.0326450004577637,-0.0620789985656738,0.00116100001335144),
(-0.0326450004577637,-0.0611080017089844,0.000572000026702881),(-0.0326450004577637,
-0.00889200019836426,0.000572000026702881),(-0.0326450004577637,-0.0079210000038147,
0.00116100001335144),(-0.0326199989318848,-0.0620629997253418,0.00103600001335144),
(-0.0326199989318848,-0.0612739982604981,0.000572000026702881),(-0.0326199989318848,
-0.00872599983215332,0.000572000026702881),(-0.0326199989318848,-0.00793699979782105,
0.00103600001335144),(-0.0326189994812012,-0.0618370018005371,0.000795000016689301),
(-0.0326189994812012,-0.0616349983215332,0.000680999994277954),(-0.0326189994812012,
-0.00836499977111817,0.000680999994277954),(-0.0326189994812012,-0.00816300010681152,
0.000795000016689301),(-0.0325789985656738,-0.0620349998474121,0.000913999974727631),
(-0.0325789985656738,-0.0614370002746582,0.000572000026702881),(-0.0325789985656738,
-0.0085629997253418,0.000572000026702881),(-0.0325789985656738,-0.00796500015258789,
0.000913999974727631),(-0.0325419998168945,-0.0617970008850098,0.000680999994277954),
(-0.0325419998168945,-0.00820300006866455,0.000680999994277954),(-0.0325320014953614,
-0.0622470016479492,0.00128699994087219),(-0.0325320014953614,-0.0622470016479492,
0.0069980001449585),(-0.0325320014953614,-0.060939998626709,0.000470999985933304),
(-0.0325320014953614,-0.0090600004196167,0.000470999985933304),(-0.0325320014953614,
-0.00775299978256226,0.00128699994087219),(-0.0325320014953614,-0.00775299978256226,
0.0069980001449585),(-0.0325250015258789,-0.0622410011291504,0.00116100001335144),
(-0.0325250015258789,-0.0610960006713867,0.000470999985933304),(-0.0325250015258789,
-0.0089040002822876,0.000470999985933304),(-0.0325250015258789,-0.00775899982452393,
0.00116100001335144),(-0.0325229988098144,-0.0619970016479492,0.000795000016689301),
(-0.0325229988098144,-0.0615960006713867,0.000572000026702881),(-0.0325229988098144,
-0.0084040002822876,0.000572000026702881),(-0.0325229988098144,-0.00800300025939942,
0.000795000016689301),(-0.0325019989013672,-0.0622220001220703,0.00103600001335144),
(-0.0325019989013672,-0.0612509994506836,0.000470999985933304),(-0.0325019989013672,
-0.00874899959564209,0.000470999985933304),(-0.0325019989013672,-0.00777799987792969,
0.00103600001335144),(-0.0324799995422364,-0.0432989997863769,0.00397300004959106),
(-0.0324799995422364,-0.0432989997863769,0.0069980001449585),(-0.0324799995422364,
-0.0432779998779297,0.00382100009918213),(-0.0324799995422364,-0.0432150001525879,
0.00367199993133545),(-0.0324799995422364,-0.0431119995117187,0.00352999997138977),
(-0.0324799995422364,-0.0429720001220703,0.00340000009536743),(-0.0324799995422364,
-0.0427970008850097,0.0032829999923706),(-0.0324799995422364,-0.0425929985046387,
0.00318400001525879),(-0.0324799995422364,-0.0423639984130859,0.00310400009155273),
(-0.0324799995422364,-0.0421160011291504,0.00304500007629395),(-0.0324799995422364,
-0.0418549995422363,0.00300999999046325),(-0.0324799995422364,-0.0415870018005371,
0.00299799990653992),(-0.0324799995422364,-0.0335979995727539,0.00299799990653992),
(-0.0324799995422364,-0.0333300018310547,0.00300999999046325),(-0.0324799995422364,
-0.0330690002441406,0.00304500007629395),(-0.0324799995422364,-0.0328209991455078,
0.00310400009155273),(-0.0324799995422364,-0.0325919990539551,0.00318400001525879),
(-0.0324799995422364,-0.0323880004882812,0.0032829999923706),(-0.0324799995422364,
-0.0322130012512207,0.00340000009536743),(-0.0324799995422364,-0.0320730018615722,
0.00352999997138977),(-0.0324799995422364,-0.0319699993133545,0.00367199993133545),
(-0.0324799995422364,-0.0319069995880127,0.00382100009918213),(-0.0324799995422364,
-0.0318859996795655,0.00397300004959106),(-0.0324799995422364,-0.0318859996795655,
0.0069980001449585),(-0.0324640007019043,-0.0621910018920898,0.000913999974727631),
(-0.0324640007019043,-0.0614020004272461,0.000470999985933304),(-0.0324640007019043,
-0.00859799957275391,0.000470999985933304),(-0.0324640007019043,-0.00780900001525879,
0.000913999974727631),(-0.0324510002136231,-0.0619490013122559,0.000680999994277954),
(-0.0324510002136231,-0.0617480010986328,0.000572000026702881),(-0.0324510002136231,
-0.0082519998550415,0.000572000026702881),(-0.0324510002136231,-0.00805099964141846,
0.000680999994277954),(-0.0324109992980957,-0.0621469993591309,0.000795000016689301),
(-0.0324109992980957,-0.0615499992370606,0.000470999985933304),(-0.0324109992980957,
-0.00844999980926514,0.000470999985933304),(-0.0324109992980957,-0.00785300016403198,
0.000795000016689301),(-0.0324039993286133,-0.041851001739502,0.00300999999046325),
(-0.0324039993286133,-0.033333999633789,0.00300999999046325),(-0.0323969993591309,
-0.0623969993591309,0.00128699994087219),(-0.0323969993591309,-0.0623969993591309,
0.0069980001449585),(-0.0323969993591309,-0.060939998626709,0.000377000004053116),
(-0.0323969993591309,-0.0090600004196167,0.000377000004053116),(-0.0323969993591309,
-0.00760300016403198,0.00128699994087219),(-0.0323969993591309,-0.00760300016403198,
0.0069980001449585),(-0.0323899993896484,-0.0623899993896485,0.00116100001335144),
(-0.0323899993896484,-0.0610830001831055,0.000377000004053116),(-0.0323899993896484,
-0.00891699981689453,0.000377000004053116),(-0.0323899993896484,-0.00761000013351441,
0.00116100001335144),(-0.0323689994812012,-0.0623689994812012,0.00103600001335144),
(-0.0323689994812012,-0.0612239990234375,0.000377000004053116),(-0.0323689994812012,
-0.00877600002288818,0.000377000004053116),(-0.0323689994812012,-0.00763100004196167,
0.00103600001335144),(-0.032363998413086,-0.0618919982910156,0.000572000026702881),
(-0.032363998413086,-0.00810799980163574,0.000572000026702881),(-0.0323440017700196,
-0.0620929985046387,0.000680999994277954),(-0.0323440017700196,-0.0616910018920899,
0.000470999985933304),(-0.0323440017700196,-0.00830900001525879,0.000470999985933304),
(-0.0323440017700196,-0.00790700006484985,0.000680999994277954),(-0.0323339996337891,
-0.0623339996337891,0.000913999974727631),(-0.0323339996337891,-0.0613629989624024,
0.000377000004053116),(-0.0323339996337891,-0.00863700008392334,0.000377000004053116),
(-0.0323339996337891,-0.00766599988937378,0.000913999974727631),(-0.0323289985656738,
-0.042109001159668,0.00304500007629395),(-0.0323289985656738,-0.0418419990539551,
0.00300999999046325),(-0.0323289985656738,-0.0333440017700196,0.00300999999046325),
(-0.0323289985656738,-0.033076000213623,0.00304500007629395),(-0.0322859992980957,
-0.0622859992980957,0.000795000016689301),(-0.0322859992980957,-0.0614980010986328,
0.000377000004053116),(-0.0322859992980957,-0.0085019998550415,0.000377000004053116),
(-0.0322859992980957,-0.00771400022506714,0.000795000016689301),(-0.0322639999389649,
-0.0620270004272461,0.000572000026702881),(-0.0322639999389649,-0.0618250007629395,
0.000470999985933304),(-0.0322639999389649,-0.00817500019073486,0.000470999985933304),
(-0.0322639999389649,-0.00797300004959106,0.000572000026702881),(-0.0322589988708496,
-0.0423549995422364,0.00310400009155273),(-0.0322589988708496,-0.041826000213623,
0.00300999999046325),(-0.0322589988708496,-0.0333600006103516,0.00300999999046325),
(-0.0322589988708496,-0.0328310012817383,0.00310400009155273),(-0.0322470016479492,
-0.0625320014953613,0.00128699994087219),(-0.0322470016479492,-0.0625320014953613,
0.0069980001449585),(-0.0322470016479492,-0.060939998626709,0.000291999995708466),
(-0.0322470016479492,-0.0090600004196167,0.000291999995708466),(-0.0322470016479492,
-0.00746799993515015,0.00128699994087219),(-0.0322470016479492,-0.00746799993515015,
0.0069980001449585),(-0.0322410011291504,-0.0625250015258789,0.00116100001335144),
(-0.0322410011291504,-0.061068000793457,0.000291999995708466),(-0.0322410011291504,
-0.00893200016021729,0.000291999995708466),(-0.0322410011291504,-0.00747499990463257,
0.00116100001335144),(-0.0322249984741211,-0.0622249984741211,0.000680999994277954),
(-0.0322249984741211,-0.0616269989013672,0.000377000004053116),(-0.0322249984741211,
-0.0083730001449585,0.000377000004053116),(-0.0322249984741211,-0.00777500009536743,
0.000680999994277954),(-0.0322220001220703,-0.0625019989013672,0.00103600001335144),
(-0.0322220001220703,-0.0611949996948242,0.000291999995708466),(-0.0322220001220703,
-0.00880500030517578,0.000291999995708466),(-0.0322220001220703,-0.0074980001449585,
0.00103600001335144),(-0.0321940002441407,-0.0425810012817383,0.00318400001525879),
(-0.0321940002441407,-0.0418040008544922,0.00300999999046325),(-0.0321940002441407,
-0.0333819999694824,0.00300999999046325),(-0.0321940002441407,-0.0326040000915528,
0.00318400001525879),(-0.0321910018920899,-0.0624640007019043,0.000913999974727631),
(-0.0321910018920899,-0.0613199996948242,0.000291999995708466),(-0.0321910018920899,
-0.00868000030517578,0.000291999995708466),(-0.0321910018920899,-0.00753599977493286,
0.000913999974727631),(-0.0321829986572265,-0.0420900001525879,0.00304500007629395),
(-0.0321829986572265,-0.0330950012207031,0.00304500007629395),(-0.0321710014343262,
-0.0619500007629395,0.000470999985933304),(-0.0321710014343262,-0.00805000019073486,
0.000470999985933304),(-0.0321510009765625,-0.0621510009765625,0.000572000026702881),
(-0.0321510009765625,-0.0617490005493164,0.000377000004053116),(-0.0321510009765625,
-0.00825100040435791,0.000377000004053116),(-0.0321510009765625,-0.00784899997711182,
0.000572000026702881),(-0.0321469993591309,-0.0624109992980957,0.000795000016689301),
(-0.0321469993591309,-0.061439998626709,0.000291999995708466),(-0.0321469993591309,
-0.0085600004196167,0.000291999995708466),(-0.0321469993591309,-0.00758900022506714,
0.000795000016689301),(-0.032136001586914,-0.042783000946045,0.0032829999923706),
(-0.032136001586914,-0.0417760009765625,0.00300999999046325),(-0.032136001586914,
-0.0334090003967285,0.00300999999046325),(-0.032136001586914,-0.0324029998779297,
0.0032829999923706),(-0.0320929985046387,-0.0623440017700195,0.000680999994277954),
(-0.0320929985046387,-0.0615559997558594,0.000291999995708466),(-0.0320929985046387,
-0.00844400024414063,0.000291999995708466),(-0.0320929985046387,-0.0076560001373291,
0.000680999994277954),(-0.0320859985351563,-0.0429550018310547,0.00340000009536743),
(-0.0320859985351563,-0.0417439994812012,0.00300999999046325),(-0.0320859985351563,
-0.0334410018920899,0.00300999999046325),(-0.0320859985351563,-0.0322299995422364,
0.00340000009536743),(-0.0320849990844727,-0.0626529998779297,0.00128699994087219),
(-0.0320849990844727,-0.0626529998779297,0.0069980001449585),(-0.0320849990844727,
-0.060939998626709,0.000216999992728233),(-0.0320849990844727,-0.0090600004196167,
0.000216999992728233),(-0.0320849990844727,-0.00734700012207031,0.00128699994087219),
(-0.0320849990844727,-0.00734700012207031,0.0069980001449585),(-0.0320789985656738,
-0.0626450004577637,0.00116100001335144),(-0.0320789985656738,-0.0610519981384277,
0.000216999992728233),(-0.0320789985656738,-0.00894799995422363,0.000216999992728233),
(-0.0320789985656738,-0.00735500001907349,0.00116100001335144),(-0.0320660018920899,
-0.0620660018920898,0.000470999985933304),(-0.0320660018920899,-0.0618639984130859,
0.000377000004053116),(-0.0320660018920899,-0.00813599967956543,0.000377000004053116),
(-0.0320660018920899,-0.00793400001525879,0.000470999985933304),(-0.0320629997253418,
-0.0626199989318848,0.00103600001335144),(-0.0320629997253418,-0.0611629981994629,
0.000216999992728233),(-0.0320629997253418,-0.00883699989318848,0.000216999992728233),
(-0.0320629997253418,-0.00738000011444092,0.00103600001335144),(-0.0320460014343262,
-0.0430929985046387,0.00352999997138977),(-0.0320460014343262,-0.041708999633789,
0.00300999999046325),(-0.0320460014343262,-0.0334770011901855,0.00300999999046325),
(-0.0320460014343262,-0.0320919990539551,0.00352999997138977),(-0.0320429992675781,
-0.042326000213623,0.00310400009155273),(-0.0320429992675781,-0.0420579986572266,
0.00304500007629395),(-0.0320429992675781,-0.0331269989013672,0.00304500007629395),
(-0.0320429992675781,-0.032859001159668,0.00310400009155273),(-0.0320349998474121,
-0.0625789985656738,0.000913999974727631),(-0.0320349998474121,-0.0612719993591309,
0.000216999992728233),(-0.0320349998474121,-0.00872799968719482,0.000216999992728233),
(-0.0320349998474121,-0.0074210000038147,0.000913999974727631),(-0.0320270004272461,
-0.0622639999389648,0.000572000026702881),(-0.0320270004272461,-0.0616660003662109,
0.000291999995708466),(-0.0320270004272461,-0.00833399963378906,0.000291999995708466),
(-0.0320270004272461,-0.00773600006103516,0.000572000026702881),(-0.0320169982910157,
-0.0431949996948242,0.00367199993133545),(-0.0320169982910157,-0.0416699981689453,
0.00300999999046325),(-0.0320169982910157,-0.0335149993896484,0.00300999999046325),
(-0.0320169982910157,-0.0319899997711182,0.00367199993133545),(-0.0319990005493164,
-0.0432569999694824,0.00382100009918213),(-0.0319990005493164,-0.0416290016174317,
0.00300999999046325),(-0.0319990005493164,-0.0335559997558594,0.00300999999046325),
(-0.0319990005493164,-0.0319279994964599,0.00382100009918213),(-0.0319969997406006,
-0.0625229988098145,0.000795000016689301),(-0.0319969997406006,-0.0613779983520508,
0.000216999992728233),(-0.0319969997406006,-0.00862199974060059,0.000216999992728233),
(-0.0319969997406006,-0.00747800016403198,0.000795000016689301),(-0.0319930000305176,
-0.0432779998779297,0.00397300004959106),(-0.0319930000305176,-0.0432779998779297,
0.0069980001449585),(-0.0319930000305176,-0.0415870018005371,0.00300999999046325),
(-0.0319930000305176,-0.0335979995727539,0.00300999999046325),(-0.0319930000305176,
-0.0319069995880127,0.00397300004959106),(-0.0319930000305176,-0.0319069995880127,
0.0069980001449585),(-0.0319699993133545,-0.0619700012207031,0.000377000004053116),
(-0.0319699993133545,-0.00802999973297119,0.000377000004053116),(-0.0319500007629395,
-0.0621710014343262,0.000470999985933304),(-0.0319500007629395,-0.0617690010070801,
0.000291999995708466),(-0.0319500007629395,-0.00823099994659424,0.000291999995708466),
(-0.0319500007629395,-0.0078289999961853,0.000470999985933304),(-0.0319489994049072,
-0.0624510002136231,0.000680999994277954),(-0.0319489994049072,-0.0614799995422363,
0.000216999992728233),(-0.0319489994049072,-0.00852000045776367,0.000216999992728233),
(-0.0319489994049072,-0.00754899978637695,0.000680999994277954),(-0.0319150009155273,
-0.0425439987182617,0.00318400001525879),(-0.0319150009155273,-0.0420149993896484,
0.00304500007629395),(-0.0319150009155273,-0.0331699981689453,0.00304500007629395),
(-0.0319150009155273,-0.0326409988403321,0.00318400001525879),(-0.0319109992980957,
-0.0627569999694824,0.00128699994087219),(-0.0319109992980957,-0.0627569999694824,
0.0069980001449585),(-0.0319109992980957,-0.060939998626709,0.000151999995112419),
(-0.0319109992980957,-0.0090600004196167,0.000151999995112419),(-0.0319109992980957,
-0.00724300003051758,0.00128699994087219),(-0.0319109992980957,-0.00724300003051758,
0.0069980001449585),(-0.0319069995880127,-0.0627480010986328,0.00116100001335144),
(-0.0319069995880127,-0.0610349998474121,0.000151999995112419),(-0.0319069995880127,
-0.00896500015258789,0.000151999995112419),(-0.0319069995880127,-0.0072519998550415,
0.00116100001335144),(-0.0318929996490478,-0.0627220001220703,0.00103600001335144),
(-0.0318929996490478,-0.0611300010681152,0.000151999995112419),(-0.0318929996490478,
-0.00886999988555908,0.000151999995112419),(-0.0318929996490478,-0.00727799987792969,
0.00103600001335144),(-0.0318920001983642,-0.0623639984130859,0.000572000026702881),
(-0.0318920001983642,-0.0615760002136231,0.000216999992728233),(-0.0318920001983642,
-0.00842399978637695,0.000216999992728233),(-0.0318920001983642,-0.00763600015640259,
0.000572000026702881),(-0.0318689994812012,-0.0626790008544922,0.000913999974727631),
(-0.0318689994812012,-0.0612220001220703,0.000151999995112419),(-0.0318689994812012,
-0.00877799987792969,0.000151999995112419),(-0.0318689994812012,-0.00732100009918213,
0.000913999974727631),(-0.0318640003204346,-0.0620660018920898,0.000377000004053116),
(-0.0318640003204346,-0.0618639984130859,0.000291999995708466),(-0.0318640003204346,
-0.00813599967956543,0.000291999995708466),(-0.0318640003204346,-0.00793400001525879,
0.000377000004053116),(-0.0318379993438721,-0.0422789993286133,0.00310400009155273),
(-0.0318379993438721,-0.0329059982299805,0.00310400009155273),(-0.0318369998931885,
-0.0626189994812012,0.000795000016689301),(-0.0318369998931885,-0.0613120002746582,
0.000151999995112419),(-0.0318369998931885,-0.0086879997253418,0.000151999995112419),
(-0.0318369998931885,-0.00738100004196167,0.000795000016689301),(-0.0318250007629395,
-0.0622639999389648,0.000470999985933304),(-0.0318250007629395,-0.0616660003662109,
0.000216999992728233),(-0.0318250007629395,-0.00833399963378906,0.000216999992728233),
(-0.0318250007629395,-0.00773600006103516,0.000470999985933304),(-0.0317999992370605,
-0.0427379989624023,0.0032829999923706),(-0.0317999992370605,-0.0419609985351563,
0.00304500007629395),(-0.0317999992370605,-0.0332239990234375,0.00304500007629395),
(-0.0317999992370605,-0.0324469985961914,0.0032829999923706),(-0.0317970008850098,
-0.0625419998168946,0.000680999994277954),(-0.0317970008850098,-0.0613979988098145,
0.000151999995112419),(-0.0317970008850098,-0.00860200023651123,0.000151999995112419),
(-0.0317970008850098,-0.00745800018310547,0.000680999994277954),(-0.0317689990997315,
-0.0619500007629395,0.000291999995708466),(-0.0317689990997315,-0.00805000019073486,
0.000291999995708466),(-0.0317490005493164,-0.0621510009765625,0.000377000004053116),
(-0.0317490005493164,-0.0617490005493164,0.000216999992728233),(-0.0317490005493164,
-0.00825100040435791,0.000216999992728233),(-0.0317490005493164,-0.00784899997711182,
0.000377000004053116),(-0.0317479991912842,-0.0624510002136231,0.000572000026702881),
(-0.0317479991912842,-0.0614799995422363,0.000151999995112419),(-0.0317479991912842,
-0.00852000045776367,0.000151999995112419),(-0.0317479991912842,-0.00754899978637695,
0.000572000026702881),(-0.0317280006408691,-0.0628429985046387,0.00128699994087219),
(-0.0317280006408691,-0.0628429985046387,0.0069980001449585),(-0.0317280006408691,
-0.060939998626709,9.79999974370003E-5),(-0.0317280006408691,-0.0090600004196167,
9.79999974370003E-5),(-0.0317280006408691,-0.00715700006484985,0.00128699994087219),
(-0.0317280006408691,-0.00715700006484985,0.0069980001449585),(-0.0317250003814697,
-0.0628339996337891,0.00116100001335144),(-0.0317250003814697,-0.0610169982910156,
9.79999974370003E-5),(-0.0317250003814697,-0.00898299980163574,9.79999974370003E-5),
(-0.0317250003814697,-0.00716599988937378,0.00116100001335144),(-0.0317129993438721,
-0.062806999206543,0.00103600001335144),(-0.0317129993438721,-0.0610940017700195,
9.79999974370003E-5),(-0.0317129993438721,-0.0089060001373291,9.79999974370003E-5),
(-0.0317129993438721,-0.00719299983978272,0.00103600001335144),(-0.0317019996643067,
-0.0429039993286133,0.00340000009536743),(-0.0317019996643067,-0.0418979988098145,
0.00304500007629395),(-0.0317019996643067,-0.0332869987487793,0.00304500007629395),
(-0.0317019996643067,-0.0322809982299805,0.00340000009536743),(-0.0316949996948242,
-0.0627610015869141,0.000913999974727631),(-0.0316949996948242,-0.0611689987182617,
9.79999974370003E-5),(-0.0316949996948242,-0.00883100032806397,9.79999974370003E-5),
(-0.0316949996948242,-0.00723899984359741,0.000913999974727631),(-0.0316909999847412,
-0.0623440017700195,0.000470999985933304),(-0.0316909999847412,-0.0615559997558594,
0.000151999995112419),(-0.0316909999847412,-0.00844400024414063,0.000151999995112419),
(-0.0316909999847412,-0.0076560001373291,0.000470999985933304),(-0.0316679992675781,
-0.0626980018615723,0.000795000016689301),(-0.0316679992675781,-0.061242000579834,
9.79999974370003E-5),(-0.0316679992675781,-0.00875800037384033,9.79999974370003E-5),
(-0.0316679992675781,-0.00730200004577637,0.000795000016689301),(-0.031666000366211,
-0.0620270004272461,0.000291999995708466),(-0.031666000366211,-0.0618250007629395,
0.000216999992728233),(-0.031666000366211,-0.00817500019073486,0.000216999992728233),
(-0.031666000366211,-0.00797300004959106,0.000291999995708466),(-0.0316490001678466,
-0.0424830017089844,0.00318400001525879),(-0.0316490001678466,-0.0422159996032715,
0.00310400009155273),(-0.0316490001678466,-0.0329700012207031,0.00310400009155273),
(-0.0316490001678466,-0.0327019996643066,0.00318400001525879),(-0.0316350002288818,
-0.0626189994812012,0.000680999994277954),(-0.0316350002288818,-0.0613120002746582,
9.79999974370003E-5),(-0.0316350002288818,-0.0086879997253418,9.79999974370003E-5),
(-0.0316350002288818,-0.00738100004196167,0.000680999994277954),(-0.0316270008087158,
-0.0622249984741211,0.000377000004053116),(-0.0316270008087158,-0.0616269989013672,
0.000151999995112419),(-0.0316270008087158,-0.0083730001449585,0.000151999995112419),
(-0.0316270008087158,-0.00777500009536743,0.000377000004053116),(-0.0316229991912842,
-0.0430379981994629,0.00352999997138977),(-0.0316229991912842,-0.0418269996643066,
0.00304500007629395),(-0.0316229991912842,-0.0333580017089844,0.00304500007629395),
(-0.0316229991912842,-0.0321479988098144,0.00352999997138977),(-0.0315960006713867,
-0.0625229988098145,0.000572000026702881),(-0.0315960006713867,-0.0613779983520508,
9.79999974370003E-5),(-0.0315960006713867,-0.00862199974060059,9.79999974370003E-5),
(-0.0315960006713867,-0.00747800016403198,0.000572000026702881),(-0.031576000213623,
-0.0618919982910156,0.000216999992728233),(-0.031576000213623,-0.00810799980163574,
0.000216999992728233),(-0.0315650005340576,-0.0431349983215332,0.00367199993133545),
(-0.0315650005340576,-0.04175,0.00304500007629395),(-0.0315650005340576,
-0.033435001373291,0.00304500007629395),(-0.0315650005340576,-0.0320499992370605,
0.00367199993133545),(-0.0315559997558594,-0.0620929985046387,0.000291999995708466),
(-0.0315559997558594,-0.0616910018920899,0.000151999995112419),(-0.0315559997558594,
-0.00830900001525879,0.000151999995112419),(-0.0315559997558594,-0.00790700006484985,
0.000291999995708466),(-0.0315499992370605,-0.0624109992980957,0.000470999985933304),
(-0.0315499992370605,-0.061439998626709,9.79999974370003E-5),(-0.0315499992370605,
-0.0085600004196167,9.79999974370003E-5),(-0.0315499992370605,-0.00758900022506714,
0.000470999985933304),(-0.0315380001068115,-0.0629109992980957,0.00128699994087219),
(-0.0315380001068115,-0.0629109992980957,0.0069980001449585),(-0.0315380001068115,
-0.060939998626709,5.49999997019768E-5),(-0.0315380001068115,-0.0090600004196167,
5.49999997019768E-5),(-0.0315380001068115,-0.00708900022506714,0.00128699994087219),
(-0.0315380001068115,-0.00708900022506714,0.0069980001449585),(-0.0315349998474121,
-0.0629020004272461,0.00116100001335144),(-0.0315349998474121,-0.0609990005493164,
5.49999997019768E-5),(-0.0315349998474121,-0.00900100040435791,5.49999997019768E-5),
(-0.0315349998474121,-0.00709800004959107,0.00116100001335144),(-0.0315300006866455,
-0.0431949996948242,0.00382100009918213),(-0.0315300006866455,-0.0416699981689453,
0.00304500007629395),(-0.0315300006866455,-0.0335149993896484,0.00304500007629395),
(-0.0315300006866455,-0.0319899997711182,0.00382100009918213),(-0.0315270004272461,
-0.0628730010986328,0.00103600001335144),(-0.0315270004272461,-0.061056999206543,
5.49999997019768E-5),(-0.0315270004272461,-0.00894299983978272,5.49999997019768E-5),
(-0.0315270004272461,-0.0071269998550415,0.00103600001335144),(-0.0315179996490478,
-0.0432150001525879,0.00397300004959106),(-0.0315179996490478,-0.0432150001525879,
0.0069980001449585),(-0.0315179996490478,-0.0415870018005371,0.00304500007629395),
(-0.0315179996490478,-0.0335979995727539,0.00304500007629395),(-0.0315179996490478,
-0.0319699993133545,0.00397300004959106),(-0.0315179996490478,-0.0319699993133545,
0.0069980001449585),(-0.0315119991302491,-0.062826000213623,0.000913999974727631),
(-0.0315119991302491,-0.0611139984130859,5.49999997019768E-5),(-0.0315119991302491,
-0.00888599967956543,5.49999997019768E-5),(-0.0315119991302491,-0.00717399978637695,
0.000913999974727631),(-0.0314979991912842,-0.0622859992980957,0.000377000004053116),
(-0.0314979991912842,-0.0614980010986328,9.79999974370003E-5),(-0.0314979991912842,
-0.0085019998550415,9.79999974370003E-5),(-0.0314979991912842,-0.00771400022506714,
0.000377000004053116),(-0.0314930000305176,-0.0627610015869141,0.000795000016689301),
(-0.0314930000305176,-0.0611689987182617,5.49999997019768E-5),(-0.0314930000305176,
-0.00883100032806397,5.49999997019768E-5),(-0.0314930000305176,-0.00723899984359741,
0.000795000016689301),(-0.0314810009002685,-0.0426650009155273,0.0032829999923706),
(-0.0314810009002685,-0.0421360015869141,0.00310400009155273),(-0.0314810009002685,
-0.0330489997863769,0.00310400009155273),(-0.0314810009002685,-0.0325200004577637,
0.0032829999923706),(-0.0314799995422364,-0.0619490013122559,0.000216999992728233),
(-0.0314799995422364,-0.0617480010986328,0.000151999995112419),(-0.0314799995422364,
-0.0082519998550415,0.000151999995112419),(-0.0314799995422364,-0.00805099964141846,
0.000216999992728233),(-0.0314680004119873,-0.0626790008544922,0.000680999994277954),
(-0.0314680004119873,-0.0612220001220703,5.49999997019768E-5),(-0.0314680004119873,
-0.00877799987792969,5.49999997019768E-5),(-0.0314680004119873,-0.00732100009918213,
0.000680999994277954),(-0.0314400005340576,-0.0621469993591309,0.000291999995708466),
(-0.0314400005340576,-0.0615499992370606,9.79999974370003E-5),(-0.0314400005340576,
-0.00844999980926514,9.79999974370003E-5),(-0.0314400005340576,-0.00785300016403198,
0.000291999995708466),(-0.0314370002746582,-0.0625789985656738,0.000572000026702881),
(-0.0314370002746582,-0.0612719993591309,5.49999997019768E-5),(-0.0314370002746582,
-0.00872799968719482,5.49999997019768E-5),(-0.0314370002746582,-0.0074210000038147,
0.000572000026702881),(-0.0314050006866455,-0.0424010009765625,0.00318400001525879),
(-0.0314050006866455,-0.0327840003967285,0.00318400001525879),(-0.0314020004272461,
-0.0624640007019043,0.000470999985933304),(-0.0314020004272461,-0.0613199996948242,
5.49999997019768E-5),(-0.0314020004272461,-0.00868000030517578,5.49999997019768E-5),
(-0.0314020004272461,-0.00753599977493286,0.000470999985933304),(-0.0313980007171631,
-0.0617970008850098,0.000151999995112419),(-0.0313980007171631,-0.00820300006866455,
0.000151999995112419),(-0.0313780002593994,-0.0619970016479492,0.000216999992728233),
(-0.0313780002593994,-0.0615960006713867,9.79999974370003E-5),(-0.0313780002593994,
-0.0084040002822876,9.79999974370003E-5),(-0.0313780002593994,-0.00800300025939942,
0.000216999992728233),(-0.031363000869751,-0.0623339996337891,0.000377000004053116),
(-0.031363000869751,-0.0613629989624024,5.49999997019768E-5),(-0.031363000869751,
-0.00863700008392334,5.49999997019768E-5),(-0.031363000869751,-0.00766599988937378,
0.000377000004053116),(-0.0313419990539551,-0.0629599990844727,0.00128699994087219),
(-0.0313419990539551,-0.0629599990844727,0.0069980001449585),(-0.0313419990539551,
-0.060939998626709,2.5000000372529E-5),(-0.0313419990539551,-0.0090600004196167,
2.5000000372529E-5),(-0.0313419990539551,-0.00703999996185303,0.00128699994087219),
(-0.0313419990539551,-0.00703999996185303,0.0069980001449585),(-0.0313400001525879,
-0.062951000213623,0.00116100001335144),(-0.0313400001525879,-0.0609799995422363,
2.5000000372529E-5),(-0.0313400001525879,-0.00902000045776367,2.5000000372529E-5),
(-0.0313400001525879,-0.00704899978637695,0.00116100001335144),(-0.0313369998931885,
-0.0428209991455078,0.00340000009536743),(-0.0313369998931885,-0.0420439987182617,
0.00310400009155273),(-0.0313369998931885,-0.0331409988403321,0.00310400009155273),
(-0.0313369998931885,-0.032363998413086,0.00340000009536743),(-0.0313339996337891,
-0.0629220008850098,0.00103600001335144),(-0.0313339996337891,-0.0610190010070801,
2.5000000372529E-5),(-0.0313339996337891,-0.00898099994659424,2.5000000372529E-5),
(-0.0313339996337891,-0.00707800006866455,0.00103600001335144),(-0.0313250007629395,
-0.0628730010986328,0.000913999974727631),(-0.0313250007629395,-0.061056999206543,
2.5000000372529E-5),(-0.0313250007629395,-0.00894299983978272,2.5000000372529E-5),
(-0.0313250007629395,-0.0071269998550415,0.000913999974727631),(-0.0313199996948242,
-0.0621910018920898,0.000291999995708466),(-0.0313199996948242,-0.0614020004272461,
5.49999997019768E-5),(-0.0313199996948242,-0.00859799957275391,5.49999997019768E-5),
(-0.0313199996948242,-0.00780900001525879,0.000291999995708466),(-0.0313120002746582,
-0.0618370018005371,0.000151999995112419),(-0.0313120002746582,-0.0616349983215332,
9.79999974370003E-5),(-0.0313120002746582,-0.00836499977111817,9.79999974370003E-5),
(-0.0313120002746582,-0.00816300010681152,0.000151999995112419),(-0.0313110008239746,
-0.062806999206543,0.000795000016689301),(-0.0313110008239746,-0.0610940017700195,
2.5000000372529E-5),(-0.0313110008239746,-0.0089060001373291,2.5000000372529E-5),
(-0.0313110008239746,-0.00719299983978272,0.000795000016689301),(-0.031295000076294,
-0.0627220001220703,0.000680999994277954),(-0.031295000076294,-0.0611300010681152,
2.5000000372529E-5),(-0.031295000076294,-0.00886999988555908,2.5000000372529E-5),
(-0.031295000076294,-0.00727799987792969,0.000680999994277954),(-0.0312740001678467,
-0.0626199989318848,0.000572000026702881),(-0.0312740001678467,-0.0611629981994629,
2.5000000372529E-5),(-0.0312740001678467,-0.00883699989318848,2.5000000372529E-5),
(-0.0312740001678467,-0.00738000011444092,0.000572000026702881),(-0.0312719993591309,
-0.0620349998474121,0.000216999992728233),(-0.0312719993591309,-0.0614370002746582,
5.49999997019768E-5),(-0.0312719993591309,-0.0085629997253418,5.49999997019768E-5),
(-0.0312719993591309,-0.00796500015258789,0.000216999992728233),(-0.0312509994506836,
-0.0625019989013672,0.000470999985933304),(-0.0312509994506836,-0.0611949996948242,
2.5000000372529E-5),(-0.0312509994506836,-0.00880500030517578,2.5000000372529E-5),
(-0.0312509994506836,-0.0074980001449585,0.000470999985933304),(-0.031242000579834,
-0.0616679992675781,9.79999974370003E-5),(-0.031242000579834,-0.00833199977874756,
9.79999974370003E-5),(-0.0312240009307862,-0.0623689994812012,0.000377000004053116),
(-0.0312240009307862,-0.0612239990234375,2.5000000372529E-5),(-0.0312240009307862,
-0.00877600002288818,2.5000000372529E-5),(-0.0312240009307862,-0.00763100004196167,
0.000377000004053116),(-0.0312220001220703,-0.0618689994812012,0.000151999995112419),
(-0.0312220001220703,-0.0614679985046387,5.49999997019768E-5),(-0.0312220001220703,
-0.00853199958801269,5.49999997019768E-5),(-0.0312220001220703,-0.00813099956512451,
0.000151999995112419),(-0.0312210006713867,-0.0429459991455078,0.00352999997138977),
(-0.0312210006713867,-0.041939998626709,0.00310400009155273),(-0.0312210006713867,
-0.0332449989318848,0.00310400009155273),(-0.0312210006713867,-0.032238998413086,
0.00352999997138977),(-0.0311949996948242,-0.0622220001220703,0.000291999995708466),
(-0.0311949996948242,-0.0612509994506836,2.5000000372529E-5),(-0.0311949996948242,
-0.00874899959564209,2.5000000372529E-5),(-0.0311949996948242,-0.00777799987792969,
0.000291999995708466),(-0.0311860008239746,-0.0425660018920899,0.0032829999923706),
(-0.0311860008239746,-0.0422980003356934,0.00318400001525879),(-0.0311860008239746,
-0.0328870010375976,0.00318400001525879),(-0.0311860008239746,-0.0326189994812012,
0.0032829999923706),(-0.0311690006256104,-0.0616949996948242,9.79999974370003E-5),
(-0.0311690006256104,-0.0614930000305176,5.49999997019768E-5),(-0.0311690006256104,
-0.00850699996948242,5.49999997019768E-5),(-0.0311690006256104,-0.00830500030517578,
9.79999974370003E-5),(-0.0311630001068116,-0.0620629997253418,0.000216999992728233),
(-0.0311630001068116,-0.0612739982604981,2.5000000372529E-5),(-0.0311630001068116,
-0.00872599983215332,2.5000000372529E-5),(-0.0311630001068116,-0.00793699979782105,
0.000216999992728233),(-0.0311420001983643,-0.0629900016784668,0.00128699994087219),
(-0.0311420001983643,-0.0629900016784668,0.0069980001449585),(-0.0311420001983643,
-0.060939998626709,6.00000005215406E-6),(-0.0311420001983643,-0.0090600004196167,
6.00000005215406E-6),(-0.0311420001983643,-0.00701000022888184,0.00128699994087219),
(-0.0311420001983643,-0.00701000022888184,0.0069980001449585),(-0.0311410007476807,
-0.0629799995422363,0.00116100001335144),(-0.0311410007476807,-0.0609599990844727,
6.00000005215406E-6),(-0.0311410007476807,-0.00903999996185303,6.00000005215406E-6),
(-0.0311410007476807,-0.00701999998092651,0.00116100001335144),(-0.0311380004882813,
-0.062951000213623,0.00103600001335144),(-0.0311380004882813,-0.0609799995422363,
6.00000005215406E-6),(-0.0311380004882813,-0.00902000045776367,6.00000005215406E-6),
(-0.0311380004882813,-0.00704899978637695,0.00103600001335144),(-0.0311359996795655,
-0.0430379981994629,0.00367199993133545),(-0.0311359996795655,-0.0418269996643066,
0.00310400009155273),(-0.0311359996795655,-0.0333580017089844,0.00310400009155273),
(-0.0311359996795655,-0.0321479988098144,0.00367199993133545),(-0.031132999420166,
-0.0629020004272461,0.000913999974727631),(-0.031132999420166,-0.0609990005493164,
6.00000005215406E-6),(-0.031132999420166,-0.00900100040435791,6.00000005215406E-6),
(-0.031132999420166,-0.00709800004959107,0.000913999974727631),(-0.0311299991607666,
-0.0618930015563965,0.000151999995112419),(-0.0311299991607666,-0.0612949981689453,
2.5000000372529E-5),(-0.0311299991607666,-0.00870499992370605,2.5000000372529E-5),
(-0.0311299991607666,-0.00810700035095215,0.000151999995112419),(-0.0311270008087158,
-0.0628339996337891,0.000795000016689301),(-0.0311270008087158,-0.0610169982910156,
6.00000005215406E-6),(-0.0311270008087158,-0.00898299980163574,6.00000005215406E-6),
(-0.0311270008087158,-0.00716599988937378,0.000795000016689301),(-0.0311180000305176,
-0.0627480010986328,0.000680999994277954),(-0.0311180000305176,-0.0610349998474121,
6.00000005215406E-6),(-0.0311180000305176,-0.00896500015258789,6.00000005215406E-6),
(-0.0311180000305176,-0.0072519998550415,0.000680999994277954),(-0.0311140003204345,
-0.0615120010375977,5.49999997019768E-5),(-0.0311140003204345,-0.00848799991607666,
5.49999997019768E-5),(-0.0311079998016358,-0.0626450004577637,0.000572000026702881),
(-0.0311079998016358,-0.0610519981384277,6.00000005215406E-6),(-0.0311079998016358,
-0.00894799995422363,6.00000005215406E-6),(-0.0311079998016358,-0.00735500001907349,
0.000572000026702881),(-0.0310960006713867,-0.0625250015258789,0.000470999985933304),
(-0.0310960006713867,-0.061068000793457,6.00000005215406E-6),(-0.0310960006713867,
-0.00893200016021729,6.00000005215406E-6),(-0.0310960006713867,-0.00747499990463257,
0.000470999985933304),(-0.0310939998626709,-0.0617130012512207,9.79999974370003E-5),
(-0.0310939998626709,-0.0613110008239746,2.5000000372529E-5),(-0.0310939998626709,
-0.00868900012969971,2.5000000372529E-5),(-0.0310939998626709,-0.00828699970245361,
9.79999974370003E-5),(-0.0310839996337891,-0.0430929985046387,0.00382100009918213),
(-0.0310839996337891,-0.041708999633789,0.00310400009155273),(-0.0310839996337891,
-0.0334770011901855,0.00310400009155273),(-0.0310839996337891,-0.0320919990539551,
0.00382100009918213),(-0.0310830001831055,-0.0623899993896485,0.000377000004053116),
(-0.0310830001831055,-0.0610830001831055,6.00000005215406E-6),(-0.0310830001831055,
-0.00891699981689453,6.00000005215406E-6),(-0.0310830001831055,-0.00761000013351441,
0.000377000004053116),(-0.0310680007934571,-0.0622410011291504,0.000291999995708466),
(-0.0310680007934571,-0.0610960006713867,6.00000005215406E-6),(-0.0310680007934571,
-0.0089040002822876,6.00000005215406E-6),(-0.0310680007934571,-0.00775899982452393,
0.000291999995708466),(-0.0310669994354248,-0.0431119995117187,0.00397300004959106),
(-0.0310669994354248,-0.0431119995117187,0.0069980001449585),(-0.0310669994354248,
-0.0415870018005371,0.00310400009155273),(-0.0310669994354248,-0.0335979995727539,
0.00310400009155273),(-0.0310669994354248,-0.0320730018615722,0.00397300004959106),
(-0.0310669994354248,-0.0320730018615722,0.0069980001449585),(-0.031056999206543,
-0.0615270004272461,5.49999997019768E-5),(-0.031056999206543,-0.0613250007629395,
2.5000000372529E-5),(-0.031056999206543,-0.00867500019073486,2.5000000372529E-5),
(-0.031056999206543,-0.00847299957275391,5.49999997019768E-5),(-0.0310520000457764,
-0.0620789985656738,0.000216999992728233),(-0.0310520000457764,-0.0611080017089844,
6.00000005215406E-6),(-0.0310520000457764,-0.00889200019836426,6.00000005215406E-6),
(-0.0310520000457764,-0.0079210000038147,0.000216999992728233),(-0.0310349998474121,
-0.0619070014953613,0.000151999995112419),(-0.0310349998474121,-0.0611180000305176,
6.00000005215406E-6),(-0.0310349998474121,-0.00888199996948242,6.00000005215406E-6),
(-0.0310349998474121,-0.00809300041198731,0.000151999995112419),(-0.0310189990997314,
-0.0613339996337891,2.5000000372529E-5),(-0.0310189990997314,-0.00866600036621094,
2.5000000372529E-5),(-0.0310170001983643,-0.0617249984741211,9.79999974370003E-5),
(-0.0310170001983643,-0.0611269989013672,6.00000005215406E-6),(-0.0310170001983643,
-0.0088730001449585,6.00000005215406E-6),(-0.0310170001983643,-0.00827499961853027,
9.79999974370003E-5),(-0.031,-0.0427070007324219,0.00340000009536743),(-0.031,
-0.0421780014038086,0.00318400001525879),(-0.031,-0.0330069999694824,0.00318400001525879),
(-0.031,-0.0324780006408691,0.00340000009536743),(-0.0309990005493164,-0.0615349998474121,
5.49999997019768E-5),(-0.0309990005493164,-0.061132999420166,6.00000005215406E-6),
(-0.0309990005493164,-0.00886699962615967,6.00000005215406E-6),(-0.0309990005493164,
-0.00846500015258789,5.49999997019768E-5),(-0.0309799995422364,-0.0613400001525879,
2.5000000372529E-5),(-0.0309799995422364,-0.0611380004882813,6.00000005215406E-6),
(-0.0309799995422364,-0.00886200046539307,6.00000005215406E-6),(-0.0309799995422364,
-0.00865999984741211,2.5000000372529E-5),(-0.0309599990844726,-0.061140998840332,
6.00000005215406E-6),(-0.0309599990844726,-0.00885900020599365,6.00000005215406E-6),
(-0.0309400005340576,-0.060939998626709,0.),(-0.0309400005340576,-0.00906000041961669,
0.),(-0.0309400005340576,-0.063,0.00128699994087219),(-0.0309400005340576,
-0.063,0.0069980001449585),(-0.0309400005340576,-0.0629900016784668,0.00116100001335144),
(-0.0309400005340576,-0.0629599990844727,0.00103600001335144),(-0.0309400005340576,
-0.0629109992980957,0.000913999974727631),(-0.0309400005340576,-0.0628429985046387,
0.000795000016689301),(-0.0309400005340576,-0.0627569999694824,0.000680999994277954),
(-0.0309400005340576,-0.0626529998779297,0.000572000026702881),(-0.0309400005340576,
-0.0625320014953613,0.000470999985933304),(-0.0309400005340576,-0.0623969993591309,
0.000377000004053116),(-0.0309400005340576,-0.0622470016479492,0.000291999995708466),
(-0.0309400005340576,-0.0620849990844727,0.000216999992728233),(-0.0309400005340576,
-0.0619109992980957,0.000151999995112419),(-0.0309400005340576,-0.0617280006408691,
9.79999974370003E-5),(-0.0309400005340576,-0.0615379981994629,5.49999997019768E-5),
(-0.0309400005340576,-0.0613419990539551,2.5000000372529E-5),(-0.0309400005340576,
-0.0611419982910156,6.00000005215406E-6),(-0.0309400005340576,-0.0432989997863769,
0.),(-0.0309400005340576,-0.00885799980163574,6.00000005215406E-6),(-0.0309400005340576,
-0.0086579999923706,2.5000000372529E-5),(-0.0309400005340576,-0.00846199989318848,
5.49999997019768E-5),(-0.0309400005340576,-0.00827200031280517,9.79999974370003E-5),
(-0.0309400005340576,-0.00808899974822998,0.000151999995112419),(-0.0309400005340576,
-0.00791499996185303,0.000216999992728233),(-0.0309400005340576,-0.00775299978256226,
0.000291999995708466),(-0.0309400005340576,-0.00760300016403198,0.000377000004053116),
(-0.0309400005340576,-0.00746799993515015,0.000470999985933304),(-0.0309400005340576,
-0.00734700012207031,0.000572000026702881),(-0.0309400005340576,-0.00724300003051758,
0.000680999994277954),(-0.0309400005340576,-0.00715700006484985,0.000795000016689301),
(-0.0309400005340576,-0.00708900022506714,0.000913999974727631),(-0.0309400005340576,
-0.00703999996185303,0.00103600001335144),(-0.0309400005340576,-0.00701000022888184,
0.00116100001335144),(-0.0309400005340576,-0.007,0.00128699994087219),(-0.0309400005340576,
-0.007,0.0069980001449585),(-0.030923999786377,-0.042443000793457,0.0032829999923706),
(-0.030923999786377,-0.032742000579834,0.0032829999923706),(-0.0308500003814698,
-0.0428209991455078,0.00352999997138977),(-0.0308500003814698,-0.0420439987182617,
0.00318400001525879),(-0.0308500003814698,-0.0331409988403321,0.00318400001525879),
(-0.0308500003814698,-0.032363998413086,0.00352999997138977),(-0.0307630004882813,
-0.058867000579834,0.00291700005531311),(-0.0307630004882813,-0.058867000579834,
0.0069980001449585),(-0.0307630004882813,-0.043009693145752,0.00397300004959106),
(-0.0307630004882813,-0.043009693145752,0.0069980001449585),(-0.0307630004882813,
-0.0429908638000489,0.00385572075843811),(-0.0307630004882813,-0.0429852180480957,
0.00382100009918213),(-0.0307630004882813,-0.0429166374206543,0.00368196225166321),
(-0.0307630004882813,-0.0429117813110352,0.00367199993133545),(-0.0307630004882813,
-0.042886646270752,0.00364230918884278),(-0.0307630004882813,-0.0427799987792969,
0.00352999997138977),(-0.0307630004882813,-0.0426730995178222,0.0034546000957489),
(-0.0307630004882813,-0.0425956115722657,0.00340000009536743),(-0.0307630004882813,
-0.0425314064025879,0.00336709380149842),(-0.0307630004882813,-0.0423387794494629,
0.0032829999923706),(-0.0307630004882813,-0.0422728004455566,0.00326220989227295),
(-0.0307630004882813,-0.0421913185119629,0.00324142003059387),(-0.0307630004882813,
-0.0420681800842285,0.00321002125740051),(-0.0307630004882813,-0.0419285278320312,
0.00318400001525879),(-0.0307630004882813,-0.0418938751220703,0.00317935347557068),
(-0.0307630004882813,-0.0418853645324707,0.00317865109443664),(-0.0307630004882813,
-0.0417363357543946,0.00316648173332215),(-0.0307630004882813,-0.041708137512207,
0.00316572594642639),(-0.0307630004882813,-0.0415870018005371,0.00316246151924133),
(-0.0307630004882813,-0.0335979995727539,0.00316246151924133),(-0.0307630004882813,
-0.0335667037963867,0.0031633071899414),(-0.0307630004882813,-0.0334488830566406,
0.00316648173332215),(-0.0307630004882813,-0.0334248657226563,0.00316844916343689),
(-0.0307630004882813,-0.0332911224365234,0.00317935347557068),(-0.0307630004882813,
-0.0332849922180176,0.00318017458915711),(-0.0307630004882813,-0.0332564735412598,
0.00318400001525879),(-0.0307630004882813,-0.0331565971374512,0.00320260262489319),
(-0.0307630004882813,-0.0331168174743652,0.00321002125740051),(-0.0307630004882813,
-0.0330276947021484,0.00323277974128723),(-0.0307630004882813,-0.0329122009277344,
0.00326220989227295),(-0.0307630004882813,-0.0328870010375976,0.00327016663551331),
(-0.0307630004882813,-0.0328462181091308,0.0032829999923706),(-0.0307630004882813,
-0.0327560577392578,0.00332216215133667),(-0.0307630004882813,-0.0326535949707032,
0.00336709380149842),(-0.0307630004882813,-0.0326189994812012,0.00338483333587646),
(-0.0307630004882813,-0.0325893898010254,0.00340000009536743),(-0.0307630004882813,
-0.0324986953735351,0.00346405410766601),(-0.0307630004882813,-0.0324050025939942,
0.00352999997138977),(-0.0307630004882813,-0.0323795967102051,0.00355668258666992),
(-0.0307630004882813,-0.0322983551025391,0.00364230918884278),(-0.0307630004882813,
-0.0322789916992188,0.00366521000862121),(-0.0307630004882813,-0.0322732734680176,
0.00367199993133545),(-0.0307630004882813,-0.0322140617370605,0.00379203677177429),
(-0.0307630004882813,-0.032199779510498,0.00382100009918213),(-0.0307630004882813,
-0.0321817016601562,0.00393368363380432),(-0.0307630004882813,-0.032175308227539,
0.00397300004959106),(-0.0307630004882813,-0.032175308227539,0.0069980001449585),
(-0.0307630004882813,-0.0111330003738403,0.00291700005531311),(-0.0307630004882813,
-0.0111330003738403,0.0069980001449585),(-0.0307530002593994,-0.0590530014038086,
0.00291700005531311),(-0.0307530002593994,-0.0590530014038086,0.0069980001449585),
(-0.0307530002593994,-0.058867000579834,0.00282699990272522),(-0.0307530002593994,
-0.0111330003738403,0.00282699990272522),(-0.0307530002593994,-0.0109469995498657,
0.00291700005531311),(-0.0307530002593994,-0.0109469995498657,0.0069980001449585),
(-0.0307439994812012,-0.0590519981384277,0.00282699990272522),(-0.0307439994812012,
-0.0109479999542236,0.00282699990272522),(-0.0307259998321533,-0.0592369995117188,
0.00291700005531311),(-0.0307259998321533,-0.0592369995117187,0.0069980001449585),
(-0.0307259998321533,-0.058867000579834,0.00273799991607666),(-0.0307259998321533,
-0.0111330003738403,0.00273799991607666),(-0.0307259998321533,-0.0107629995346069,
0.0069980001449585),(-0.0307259998321533,-0.0107629995346069,0.00291700005531311),
(-0.0307169990539551,-0.0592350006103516,0.00282699990272522),(-0.0307169990539551,
-0.0590499992370606,0.00273799991607666),(-0.0307169990539551,-0.0109499998092651,
0.00273799991607666),(-0.0307169990539551,-0.0107650003433227,0.00282699990272522),
(-0.0306900005340576,-0.0592299995422363,0.00273799991607666),(-0.0306900005340576,
-0.0107700004577637,0.00273799991607666),(-0.0306809997558594,-0.0105830001831055,
0.0069980001449585),(-0.0306809997558593,-0.0594169998168945,0.00291700005531311),
(-0.0306809997558593,-0.0594169998168945,0.0069980001449585),(-0.0306809997558593,
-0.058867000579834,0.00265000009536743),(-0.0306809997558593,-0.0111330003738403,
0.00265000009536743),(-0.0306809997558593,-0.0105830001831055,0.00291700005531311),
(-0.0306720008850098,-0.0594150009155273,0.00282699990272522),(-0.0306720008850098,
-0.0590449981689453,0.00265000009536743),(-0.0306720008850098,-0.010954999923706,
0.00265000009536743),(-0.0306720008850098,-0.010585000038147,0.00282699990272522),
(-0.0306459999084472,-0.0594070014953613,0.00273799991607666),(-0.0306459999084472,
-0.0592210006713867,0.00265000009536743),(-0.0306459999084472,-0.0107790002822876,
0.00265000009536743),(-0.0306459999084472,-0.0105930004119873,0.00273799991607666),
(-0.0306180000305176,-0.0595929985046387,0.00291700005531311),(-0.0306180000305176,
-0.0595929985046387,0.0069980001449585),(-0.0306180000305176,-0.058867000579834,
0.00256500005722046),(-0.0306180000305176,-0.0111330003738403,0.00256500005722046),
(-0.0306180000305176,-0.0104069995880127,0.00291700005531311),(-0.0306180000305176,
-0.0104069995880127,0.0069980001449585),(-0.0306100006103515,-0.0595890007019043,
0.00282699990272522),(-0.0306100006103515,-0.0590390014648438,0.00256500005722046),
(-0.0306100006103515,-0.0109610004425049,0.00256500005722046),(-0.0306100006103515,
-0.01041100025177,0.00282699990272522),(-0.0306030006408691,-0.0593940010070801,
0.00265000009536743),(-0.0306030006408691,-0.0106059999465942,0.00265000009536743),
(-0.0305849990844727,-0.0595789985656738,0.00273799991607666),(-0.0305849990844727,
-0.0592089996337891,0.00256500005722046),(-0.0305849990844727,-0.0107910003662109,
0.00256500005722046),(-0.0305849990844727,-0.0104209995269775,0.00273799991607666),
(-0.0305429992675782,-0.0595610008239746,0.00265000009536743),(-0.0305429992675782,
-0.0593759994506836,0.00256500005722046),(-0.0305429992675782,-0.0106239995956421,
0.00256500005722046),(-0.0305429992675782,-0.0104390001296997,0.00265000009536743),
(-0.0305389995574951,-0.0597610015869141,0.00291700005531311),(-0.0305389995574951,
-0.0597610015869141,0.0069980001449585),(-0.0305389995574951,-0.058867000579834,
0.00248399996757507),(-0.0305389995574951,-0.0111330003738403,0.00248399996757507),
(-0.0305389995574951,-0.0102390003204346,0.00291700005531311),(-0.0305389995574951,
-0.0102390003204346,0.0069980001449585),(-0.0305310001373291,-0.0597560005187988,
0.00282699990272522),(-0.0305310001373291,-0.0590309982299805,0.00248399996757507),
(-0.0305310001373291,-0.0109689998626709,0.00248399996757507),(-0.0305310001373291,
-0.0102440004348755,0.00282699990272522),(-0.0305069999694824,-0.0597439994812012,
0.00273799991607666),(-0.0305069999694824,-0.059193000793457,0.00248399996757507),
(-0.0305069999694824,-0.0108070001602173,0.00248399996757507),(-0.0305069999694824,
-0.0102559995651245,0.00273799991607666),(-0.0304850006103515,-0.0595369987487793,
0.00256500005722046),(-0.0304850006103515,-0.0104630002975464,0.00256500005722046),
(-0.0304669990539551,-0.0597220001220703,0.00265000009536743),(-0.0304669990539551,
-0.0593530006408691,0.00248399996757507),(-0.0304669990539551,-0.0106470003128052,
0.00248399996757507),(-0.0304669990539551,-0.0102779998779297,0.00265000009536743),
(-0.0304430007934571,-0.0599199981689453,0.00291700005531311),(-0.0304430007934571,
-0.0599199981689453,0.0069980001449585),(-0.0304430007934571,-0.058867000579834,
0.00240599989891053),(-0.0304430007934571,-0.0111330003738403,0.00240599989891053),
(-0.0304430007934571,-0.0100799999237061,0.00291700005531311),(-0.0304430007934571,
-0.0100799999237061,0.0069980001449585),(-0.0304360008239746,-0.0599150009155274,
0.00282699990272522),(-0.0304360008239746,-0.0590219993591309,0.00240599989891053),
(-0.0304360008239746,-0.0109779996871948,0.00240599989891053),(-0.0304360008239746,
-0.010085000038147,0.00282699990272522),(-0.0304130001068116,-0.0599000015258789,
0.00273799991607666),(-0.0304130001068116,-0.0591749992370606,0.00240599989891053),
(-0.0304130001068116,-0.0108249998092651,0.00240599989891053),(-0.0304130001068116,
-0.0101000003814697,0.00273799991607666),(-0.0304109992980957,-0.059693000793457,
0.00256500005722046),(-0.0304109992980957,-0.0595069999694824,0.00248399996757507),
(-0.0304109992980957,-0.0104930000305176,0.00248399996757507),(-0.0304109992980957,
-0.0103070001602173,0.00256500005722046),(-0.030375,-0.059875,0.00265000009536743),
(-0.030375,-0.0593250007629395,0.00240599989891053),(-0.030375,-0.0106750001907349,
0.00240599989891053),(-0.030375,-0.010125,0.00265000009536743),(-0.0303409996032715,
-0.0596549987792969,0.00248399996757507),(-0.0303409996032715,-0.0103450002670288,
0.00248399996757507),(-0.0303320007324219,-0.0600699996948242,0.00291700005531311),
(-0.0303320007324219,-0.0600699996948242,0.0069980001449585),(-0.0303320007324219,
-0.058867000579834,0.00233400011062622),(-0.0303320007324219,-0.0111330003738403,
0.00233400011062622),(-0.0303320007324219,-0.00993000030517578,0.00291700005531311),
(-0.0303320007324219,-0.00993000030517578,0.0069980001449585),(-0.0303250007629394,
-0.0600639991760254,0.00282699990272522),(-0.0303250007629394,-0.0590110015869141,
0.00233400011062622),(-0.0303250007629394,-0.0109890003204346,0.00233400011062622),
(-0.0303250007629394,-0.00993599987030029,0.00282699990272522),(-0.0303229999542237,
-0.0598400001525879,0.00256500005722046),(-0.0303229999542237,-0.0594700012207031,
0.00240599989891053),(-0.0303229999542237,-0.0105299997329712,0.00240599989891053),
(-0.0303229999542237,-0.0101599998474121,0.00256500005722046),(-0.0303040008544922,
-0.0600470008850098,0.00273799991607666),(-0.0303040008544922,-0.0591529998779297,
0.00233400011062622),(-0.0303040008544922,-0.0108470001220703,0.00233400011062622),
(-0.0303040008544922,-0.00995300006866455,0.00273799991607666),(-0.0302689990997315,
-0.0600180015563965,0.00265000009536743),(-0.0302689990997315,-0.0592929992675781,
0.00233400011062622),(-0.0302689990997315,-0.0107069997787476,0.00233400011062622),
(-0.0302689990997315,-0.00998200035095215,0.00265000009536743),(-0.0302569999694824,
-0.0597960014343262,0.00248399996757507),(-0.0302569999694824,-0.0596100006103516,
0.00240599989891053),(-0.0302569999694824,-0.0103900003433227,0.00240599989891053),
(-0.0302569999694824,-0.0102040004730225,0.00248399996757507),(-0.0302210006713867,
-0.0599780006408691,0.00256500005722046),(-0.0302210006713867,-0.0594280014038086,
0.00233400011062622),(-0.0302210006713867,-0.0105719995498657,0.00233400011062622),
(-0.0302210006713867,-0.0100220003128052,0.00256500005722046),(-0.0302070007324219,
-0.0602070007324219,0.00291700005531311),(-0.0302070007324219,-0.0602070007324219,
0.0069980001449585),(-0.0302070007324219,-0.058867000579834,0.00226699995994568),
(-0.0302070007324219,-0.0111330003738403,0.00226699995994568),(-0.0302070007324219,
-0.00979300022125244,0.00291700005531311),(-0.0302070007324219,-0.00979300022125244,
0.0069980001449585),(-0.0302010002136231,-0.0602010002136231,0.00282699990272522),
(-0.0302010002136231,-0.0589990005493164,0.00226699995994568),(-0.0302010002136231,
-0.0110010004043579,0.00226699995994568),(-0.0302010002136231,-0.00979899978637695,
0.00282699990272522),(-0.030181999206543,-0.060181999206543,0.00273799991607666),
(-0.030181999206543,-0.0591290016174316,0.00226699995994568),(-0.030181999206543,
-0.010871000289917,0.00226699995994568),(-0.030181999206543,-0.00981799983978271,
0.00273799991607666),(-0.03017799949646,-0.0597430000305176,0.00240599989891053),
(-0.03017799949646,-0.0102569999694824,0.00240599989891053),(-0.0301590003967285,
-0.0599280014038086,0.00248399996757507),(-0.0301590003967285,-0.0595579986572266,
0.00233400011062622),(-0.0301590003967285,-0.0104420003890991,0.00233400011062622),
(-0.0301590003967285,-0.0100719995498657,0.00248399996757507),(-0.0301499996185303,
-0.0601500015258789,0.00265000009536743),(-0.0301499996185303,-0.0592560005187988,
0.00226699995994568),(-0.0301499996185303,-0.0107440004348755,0.00226699995994568),
(-0.0301499996185303,-0.00985000038146973,0.00265000009536743),(-0.0301049995422363,
-0.0601049995422363,0.00256500005722046),(-0.0301049995422363,-0.0593800010681152,
0.00226699995994568),(-0.0301049995422363,-0.0106199998855591,0.00226699995994568),
(-0.0301049995422363,-0.00989500045776367,0.00256500005722046),(-0.0300849990844727,
-0.059867000579834,0.00240599989891053),(-0.0300849990844727,-0.0596809997558594,
0.00233400011062622),(-0.0300849990844727,-0.0103190002441406,0.00233400011062622),
(-0.0300849990844727,-0.0101330003738403,0.00240599989891053),(-0.0300699996948242,
-0.0603320007324219,0.00291700005531311),(-0.0300699996948242,-0.0603320007324219,
0.0069980001449585),(-0.0300699996948242,-0.058867000579834,0.00220600008964539),
(-0.0300699996948242,-0.0111330003738403,0.00220600008964539),(-0.0300699996948242,
-0.00966800022125244,0.00291700005531311),(-0.0300699996948242,-0.00966800022125244,
0.0069980001449585),(-0.0300639991760254,-0.0603250007629395,0.00282699990272522),
(-0.0300639991760254,-0.0589850006103516,0.00220600008964539),(-0.0300639991760254,
-0.0110150003433228,0.00220600008964539),(-0.0300639991760254,-0.00967500019073486,
0.00282699990272522),(-0.0300489997863769,-0.060048999786377,0.00248399996757507),
(-0.0300489997863769,-0.0594990005493164,0.00226699995994568),(-0.0300489997863769,
-0.0105010004043579,0.00226699995994568),(-0.0300489997863769,-0.00995100021362305,
0.00248399996757507),(-0.0300470008850098,-0.0603040008544922,0.00273799991607666),
(-0.0300470008850098,-0.0591020011901856,0.00220600008964539),(-0.0300470008850098,
-0.0108979997634888,0.00220600008964539),(-0.0300470008850098,-0.00969600009918213,
0.00273799991607666),(-0.0300179996490479,-0.0602690010070801,0.00265000009536743),
(-0.0300179996490479,-0.0592159996032715,0.00220600008964539),(-0.0300179996490479,
-0.0107840003967285,0.00220600008964539),(-0.0300179996490479,-0.00973099994659424,
0.00265000009536743),(-0.03,-0.0597970008850098,0.00233400011062622),(-0.03,
-0.0102030000686645,0.00233400011062622),(-0.0299820003509521,-0.0599819984436035,
0.00240599989891053),(-0.0299820003509521,-0.0596119995117188,0.00226699995994568),
(-0.0299820003509521,-0.0103879995346069,0.00226699995994568),(-0.0299820003509521,
-0.0100179996490478,0.00240599989891053),(-0.0299780006408691,-0.0602210006713867,
0.00256500005722046),(-0.0299780006408691,-0.0593269996643067,0.00220600008964539),
(-0.0299780006408691,-0.0106730003356934,0.00220600008964539),(-0.0299780006408691,
-0.0097790002822876,0.00256500005722046),(-0.0299279994964599,-0.0601590003967285,
0.00248399996757507),(-0.0299279994964599,-0.0594339981079102,0.00220600008964539),
(-0.0299279994964599,-0.0105659999847412,0.00220600008964539),(-0.0299279994964599,
-0.00984099960327148,0.00248399996757507),(-0.0299200000762939,-0.060443000793457,
0.00291700005531311),(-0.0299200000762939,-0.060443000793457,0.0069980001449585),
(-0.0299200000762939,-0.058867000579834,0.00215300011634826),(-0.0299200000762939,
-0.0111330003738403,0.00215300011634826),(-0.0299200000762939,-0.00955700016021729,
0.00291700005531311),(-0.0299200000762939,-0.00955700016021729,0.0069980001449585),
(-0.0299150009155273,-0.0604360008239746,0.00282699990272522),(-0.0299150009155273,
-0.0589710006713867,0.00215300011634826),(-0.0299150009155273,-0.0110290002822876,
0.00215300011634826),(-0.0299150009155273,-0.00956400012969971,0.00282699990272522),
(-0.0299029998779297,-0.0599029998779297,0.00233400011062622),(-0.0299029998779297,
-0.0597169990539551,0.00226699995994568),(-0.0299029998779297,-0.0102829999923706,
0.00226699995994568),(-0.0299029998779297,-0.0100970001220703,0.00233400011062622),
(-0.0298999996185303,-0.0604129981994629,0.00273799991607666),(-0.0298999996185303,
-0.0590730018615723,0.00215300011634826),(-0.0298999996185303,-0.0109270000457764,
0.00215300011634826),(-0.0298999996185303,-0.00958699989318848,0.00273799991607666),
(-0.029875,-0.060375,0.00265000009536743),(-0.029875,-0.0591730003356934,
0.00215300011634826),(-0.029875,-0.0108269996643066,0.00215300011634826),
(-0.029875,-0.009625,0.00265000009536743),(-0.029867000579834,-0.0600849990844727,
0.00240599989891053),(-0.029867000579834,-0.0595349998474121,0.00220600008964539),
(-0.029867000579834,-0.0104650001525879,0.00220600008964539),(-0.029867000579834,
-0.00991499996185303,0.00240599989891053),(-0.0298400001525879,-0.0603230018615723,
0.00256500005722046),(-0.0298400001525879,-0.0592700004577637,0.00215300011634826),
(-0.0298400001525879,-0.0107299995422363,0.00215300011634826),(-0.0298400001525879,
-0.00967700004577637,0.00256500005722046),(-0.0298150005340576,-0.059814998626709,
0.00226699995994568),(-0.0298150005340576,-0.0101850004196167,0.00226699995994568),
(-0.0297970008850098,-0.06,0.00233400011062622),(-0.0297970008850098,-0.0596300010681152,
0.00220600008964539),(-0.0297970008850098,-0.0103699998855591,0.00220600008964539),
(-0.0297970008850098,-0.01,0.00233400011062622),(-0.0297959995269775,-0.0602569999694824,
0.00248399996757507),(-0.0297959995269775,-0.0593639984130859,0.00215300011634826),
(-0.0297959995269775,-0.0106359996795654,0.00215300011634826),(-0.0297959995269775,
-0.00974300003051758,0.00248399996757507),(-0.0297609996795655,-0.0605390014648438,
0.00291700005531311),(-0.0297609996795655,-0.0605390014648438,0.0069980001449585),
(-0.0297609996795655,-0.058867000579834,0.00210599994659424),(-0.0297609996795655,
-0.0111330003738403,0.00210599994659424),(-0.0297609996795655,-0.00946100044250488,
0.00291700005531311),(-0.0297609996795655,-0.00946100044250488,0.0069980001449585),
(-0.0297560005187989,-0.0605309982299805,0.00282699990272522),(-0.0297560005187989,
-0.0589550018310547,0.00210599994659424),(-0.0297560005187989,-0.0110450000762939,
0.00210599994659424),(-0.0297560005187989,-0.0094689998626709,0.00282699990272522),
(-0.0297439994812012,-0.0605069999694824,0.00273799991607666),(-0.0297439994812012,
-0.0590419998168945,0.00210599994659424),(-0.0297439994812012,-0.0109580001831055,
0.00210599994659424),(-0.0297439994812012,-0.00949300003051758,0.00273799991607666),
(-0.0297430000305176,-0.0601780014038086,0.00240599989891053),(-0.0297430000305176,
-0.0594519996643066,0.00215300011634826),(-0.0297430000305176,-0.0105480003356934,
0.00215300011634826),(-0.0297430000305176,-0.00982199954986572,0.00240599989891053),
(-0.0297220001220703,-0.0604669990539551,0.00265000009536743),(-0.0297220001220703,
-0.0591269989013672,0.00210599994659424),(-0.0297220001220703,-0.0108730001449585,
0.00210599994659424),(-0.0297220001220703,-0.0095329999923706,0.00265000009536743),
(-0.0297169990539551,-0.0599029998779297,0.00226699995994568),(-0.0297169990539551,
-0.0597169990539551,0.00220600008964539),(-0.0297169990539551,-0.0102829999923706,
0.00220600008964539),(-0.0297169990539551,-0.0100970001220703,0.00226699995994568),
(-0.0296930007934571,-0.0604109992980957,0.00256500005722046),(-0.0296930007934571,
-0.0592089996337891,0.00210599994659424),(-0.0296930007934571,-0.0107910003662109,
0.00210599994659424),(-0.0296930007934571,-0.00958899974822998,0.00256500005722046),
(-0.0296809997558593,-0.0600849990844727,0.00233400011062622),(-0.0296809997558593,
-0.0595349998474121,0.00215300011634826),(-0.0296809997558593,-0.0104650001525879,
0.00215300011634826),(-0.0296809997558593,-0.00991499996185303,0.00233400011062622),
(-0.0296550006866455,-0.0603409996032715,0.00248399996757507),(-0.0296550006866455,
-0.0592879981994629,0.00210599994659424),(-0.0296550006866455,-0.0107119998931885,
0.00210599994659424),(-0.0296550006866455,-0.00965900039672851,0.00248399996757507),
(-0.0296299991607666,-0.0597970008850098,0.00220600008964539),(-0.0296299991607666,
-0.0102030000686645,0.00220600008964539),(-0.0296119995117188,-0.0599819984436035,
0.00226699995994568),(-0.0296119995117188,-0.0596119995117188,0.00215300011634826),
(-0.0296119995117188,-0.0103879995346069,0.00215300011634826),(-0.0296119995117188,
-0.0100179996490478,0.00226699995994568),(-0.0296100006103515,-0.0602569999694824,
0.00240599989891053),(-0.0296100006103515,-0.0593639984130859,0.00210599994659424),
(-0.0296100006103515,-0.0106359996795654,0.00210599994659424),(-0.0296100006103515,
-0.00974300003051758,0.00240599989891053),(-0.0295930004119873,-0.0606180000305176,
0.00291700005531311),(-0.0295930004119873,-0.0606180000305176,0.0069980001449585),
(-0.0295930004119873,-0.058867000579834,0.0020680000782013),(-0.0295930004119873,
-0.0111330003738403,0.0020680000782013),(-0.0295930004119873,-0.00938199996948242,
0.00291700005531311),(-0.0295930004119873,-0.00938199996948242,0.0069980001449585),
(-0.0295890007019043,-0.0606100006103516,0.00282699990272522),(-0.0295890007019043,
-0.0589379997253418,0.0020680000782013),(-0.0295890007019043,-0.0110620002746582,
0.0020680000782013),(-0.0295890007019043,-0.00939000034332275,0.00282699990272522),
(-0.0295790004730224,-0.0605849990844727,0.00273799991607666),(-0.0295790004730224,
-0.0590089988708496,0.0020680000782013),(-0.0295790004730224,-0.0109910001754761,
0.0020680000782013),(-0.0295790004730224,-0.00941499996185303,0.00273799991607666),
(-0.0295610008239746,-0.0605429992675781,0.00265000009536743),(-0.0295610008239746,
-0.0590779991149902,0.0020680000782013),(-0.0295610008239746,-0.0109219999313354,
0.0020680000782013),(-0.0295610008239746,-0.00945699977874756,0.00265000009536743),
(-0.0295580005645752,-0.0601590003967285,0.00233400011062622),(-0.0295580005645752,
-0.0594339981079102,0.00210599994659424),(-0.0295580005645752,-0.0105659999847412,
0.00210599994659424),(-0.0295580005645752,-0.00984099960327148,0.00233400011062622),
(-0.0295370006561279,-0.0604850006103516,0.00256500005722046),(-0.0295370006561279,
-0.0591450004577637,0.0020680000782013),(-0.0295370006561279,-0.0108549995422363,
0.0020680000782013),(-0.0295370006561279,-0.00951500034332275,0.00256500005722046),
(-0.0295349998474121,-0.059867000579834,0.00220600008964539),(-0.0295349998474121,
-0.0596809997558594,0.00215300011634826),(-0.0295349998474121,-0.0103190002441406,
0.00215300011634826),(-0.0295349998474121,-0.0101330003738403,0.00220600008964539),
(-0.0295069999694824,-0.0604109992980957,0.00248399996757507),(-0.0295069999694824,
-0.0592089996337891,0.0020680000782013),(-0.0295069999694824,-0.0107910003662109,
0.0020680000782013),(-0.0295069999694824,-0.00958899974822998,0.00248399996757507),
(-0.0294990005493164,-0.060048999786377,0.00226699995994568),(-0.0294990005493164,
-0.0594990005493164,0.00210599994659424),(-0.0294990005493164,-0.0105010004043579,
0.00210599994659424),(-0.0294990005493164,-0.00995100021362305,0.00226699995994568),
(-0.0294699993133545,-0.0603230018615723,0.00240599989891053),(-0.0294699993133545,
-0.0592700004577637,0.0020680000782013),(-0.0294699993133545,-0.0107299995422363,
0.0020680000782013),(-0.0294699993133545,-0.00967700004577637,0.00240599989891053),
(-0.0294519996643067,-0.0597430000305176,0.00215300011634826),(-0.0294519996643067,
-0.0102569999694824,0.00215300011634826),(-0.0294340000152588,-0.0599280014038086,
0.00220600008964539),(-0.0294340000152588,-0.0595579986572266,0.00210599994659424),
(-0.0294340000152588,-0.0104420003890991,0.00210599994659424),(-0.0294340000152588,
-0.0100719995498657,0.00220600008964539),(-0.02942799949646,-0.0602210006713867,
0.00233400011062622),(-0.02942799949646,-0.0593269996643067,0.0020680000782013),
(-0.02942799949646,-0.0106730003356934,0.0020680000782013),(-0.02942799949646,
-0.0097790002822876,0.00233400011062622),(-0.0294169998168946,-0.0606809997558594,
0.00291700005531311),(-0.0294169998168946,-0.0606809997558594,0.0069980001449585),
(-0.0294169998168946,-0.058867000579834,0.0020369999408722),(-0.0294169998168946,
-0.0111330003738403,0.0020369999408722),(-0.0294169998168946,-0.00931900024414063,
0.00291700005531311),(-0.0294169998168946,-0.00931900024414063,0.0069980001449585),
(-0.0294150009155273,-0.0606720008850098,0.00282699990272522),(-0.0294150009155273,
-0.0589210014343262,0.0020369999408722),(-0.0294150009155273,-0.0110790004730225,
0.0020369999408722),(-0.0294150009155273,-0.00932800006866455,0.00282699990272522),
(-0.0294069995880127,-0.0606459999084473,0.00273799991607666),(-0.0294069995880127,
-0.0589749984741211,0.0020369999408722),(-0.0294069995880127,-0.0110249996185303,
0.0020369999408722),(-0.0294069995880127,-0.00935400009155274,0.00273799991607666),
(-0.0293939990997314,-0.0606030006408692,0.00265000009536743),(-0.0293939990997314,
-0.0590270004272461,0.0020369999408722),(-0.0293939990997314,-0.0109729995727539,
0.0020369999408722),(-0.0293939990997314,-0.00939700031280517,0.00265000009536743),
(-0.0293799991607666,-0.0601049995422363,0.00226699995994568),(-0.0293799991607666,
-0.0593800010681152,0.0020680000782013),(-0.0293799991607666,-0.0106199998855591,
0.0020680000782013),(-0.0293799991607666,-0.00989500045776367,0.00226699995994568),
(-0.0293759994506836,-0.0605429992675781,0.00256500005722046),(-0.0293759994506836,
-0.0590779991149902,0.0020369999408722),(-0.0293759994506836,-0.0109219999313354,
0.0020369999408722),(-0.0293759994506836,-0.00945699977874756,0.00256500005722046),
(-0.0293640003204345,-0.0597960014343262,0.00215300011634826),(-0.0293640003204345,
-0.0596100006103516,0.00210599994659424),(-0.0293640003204345,-0.0103900003433227,
0.00210599994659424),(-0.0293640003204345,-0.0102040004730225,0.00215300011634826),
(-0.0293530006408692,-0.0604669990539551,0.00248399996757507),(-0.0293530006408692,
-0.0591269989013672,0.0020369999408722),(-0.0293530006408692,-0.0108730001449585,
0.0020369999408722),(-0.0293530006408692,-0.0095329999923706,0.00248399996757507),
(-0.0293269996643067,-0.0599780006408691,0.00220600008964539),(-0.0293269996643067,
-0.0594280014038086,0.0020680000782013),(-0.0293269996643067,-0.0105719995498657,
0.0020680000782013),(-0.0293269996643067,-0.0100220003128052,0.00220600008964539),
(-0.0293250007629394,-0.060375,0.00240599989891053),(-0.0293250007629394,
-0.0591730003356934,0.0020369999408722),(-0.0293250007629394,-0.0108269996643066,
0.0020369999408722),(-0.0293250007629394,-0.009625,0.00240599989891053),
(-0.0292929992675782,-0.0602690010070801,0.00233400011062622),(-0.0292929992675782,
-0.0592159996032715,0.0020369999408722),(-0.0292929992675782,-0.0107840003967285,
0.0020369999408722),(-0.0292929992675782,-0.00973099994659424,0.00233400011062622),
(-0.0292880001068116,-0.0596549987792969,0.00210599994659424),(-0.0292880001068116,
-0.0103450002670288,0.00210599994659424),(-0.0292700004577637,-0.0598400001525879,
0.00215300011634826),(-0.0292700004577637,-0.0594700012207031,0.0020680000782013),
(-0.0292700004577637,-0.0105299997329712,0.0020680000782013),(-0.0292700004577637,
-0.0101599998474121,0.00215300011634826),(-0.0292560005187989,-0.0601500015258789,
0.00226699995994568),(-0.0292560005187989,-0.0592560005187988,0.0020369999408722),
(-0.0292560005187989,-0.0107440004348755,0.0020369999408722),(-0.0292560005187989,
-0.00985000038146973,0.00226699995994568),(-0.0292369995117188,-0.060726001739502,
0.00291700005531311),(-0.0292369995117188,-0.060726001739502,0.0069980001449585),
(-0.0292369995117188,-0.058867000579834,0.00201500010490418),(-0.0292369995117188,
-0.0111330003738403,0.00201500010490418),(-0.0292369995117188,-0.00927400016784668,
0.00291700005531311),(-0.0292369995117188,-0.00927400016784668,0.0069980001449585),
(-0.0292350006103516,-0.0607169990539551,0.00282699990272522),(-0.0292350006103516,
-0.0589039993286133,0.00201500010490418),(-0.0292350006103516,-0.0110959997177124,
0.00201500010490418),(-0.0292350006103516,-0.0092829999923706,0.00282699990272522),
(-0.0292299995422363,-0.060689998626709,0.00273799991607666),(-0.0292299995422363,
-0.0589389991760254,0.00201500010490418),(-0.0292299995422363,-0.0110609998703003,
0.00201500010490418),(-0.0292299995422363,-0.0093100004196167,0.00273799991607666),
(-0.0292210006713867,-0.0606459999084473,0.00265000009536743),(-0.0292210006713867,
-0.0589749984741211,0.00201500010490418),(-0.0292210006713867,-0.0110249996185303,
0.00201500010490418),(-0.0292210006713867,-0.00935400009155274,0.00265000009536743),
(-0.0292159996032715,-0.0600180015563965,0.00220600008964539),(-0.0292159996032715,
-0.0592929992675781,0.0020369999408722),(-0.0292159996032715,-0.0107069997787476,
0.0020369999408722),(-0.0292159996032715,-0.00998200035095215,0.00220600008964539),
(-0.0292089996337891,-0.0605849990844727,0.00256500005722046),(-0.0292089996337891,
-0.059693000793457,0.00210599994659424),(-0.0292089996337891,-0.0595069999694824,
0.0020680000782013),(-0.0292089996337891,-0.0590089988708496,0.00201500010490418),
(-0.0292089996337891,-0.0109910001754761,0.00201500010490418),(-0.0292089996337891,
-0.0104930000305176,0.0020680000782013),(-0.0292089996337891,-0.0103070001602173,
0.00210599994659424),(-0.0292089996337891,-0.00941499996185303,0.00256500005722046),
(-0.0291930007934571,-0.0605069999694824,0.00248399996757507),(-0.0291930007934571,
-0.0590419998168945,0.00201500010490418),(-0.0291930007934571,-0.0109580001831055,
0.00201500010490418),(-0.0291930007934571,-0.00949300003051758,0.00248399996757507),
(-0.0291749992370605,-0.0604129981994629,0.00240599989891053),(-0.0291749992370605,
-0.0590730018615723,0.00201500010490418),(-0.0291749992370605,-0.0109270000457764,
0.00201500010490418),(-0.0291749992370605,-0.00958699989318848,0.00240599989891053),
(-0.0291730003356934,-0.059875,0.00215300011634826),(-0.0291730003356934,
-0.0593250007629395,0.0020369999408722),(-0.0291730003356934,-0.0106750001907349,
0.0020369999408722),(-0.0291730003356934,-0.010125,0.00215300011634826),
(-0.0291529998779297,-0.0603040008544922,0.00233400011062622),(-0.0291529998779297,
-0.0591020011901856,0.00201500010490418),(-0.0291529998779297,-0.0108979997634888,
0.00201500010490418),(-0.0291529998779297,-0.00969600009918213,0.00233400011062622),
(-0.0291450004577637,-0.0595369987487793,0.0020680000782013),(-0.0291450004577637,
-0.0104630002975464,0.0020680000782013),(-0.029128999710083,-0.060181999206543,
0.00226699995994568),(-0.029128999710083,-0.0591290016174316,0.00201500010490418),
(-0.029128999710083,-0.010871000289917,0.00201500010490418),(-0.029128999710083,
-0.00981799983978271,0.00226699995994568),(-0.0291270008087158,-0.0597220001220703,
0.00210599994659424),(-0.0291270008087158,-0.0593530006408691,0.0020369999408722),
(-0.0291270008087158,-0.0106470003128052,0.0020369999408722),(-0.0291270008087158,
-0.0102779998779297,0.00210599994659424),(-0.0291019992828369,-0.0600470008850098,
0.00220600008964539),(-0.0291019992828369,-0.0591529998779297,0.00201500010490418),
(-0.0291019992828369,-0.0108470001220703,0.00201500010490418),(-0.0291019992828369,
-0.00995300006866455,0.00220600008964539),(-0.0290779991149903,-0.0595610008239746,
0.0020680000782013),(-0.0290779991149903,-0.0593759994506836,0.0020369999408722),
(-0.0290779991149903,-0.0106239995956421,0.0020369999408722),(-0.0290779991149903,
-0.0104390001296997,0.0020680000782013),(-0.0290729999542237,-0.0599000015258789,
0.00215300011634826),(-0.0290729999542237,-0.0591749992370606,0.00201500010490418),
(-0.0290729999542237,-0.0108249998092651,0.00201500010490418),(-0.0290729999542237,
-0.0101000003814697,0.00215300011634826),(-0.02905299949646,-0.0607529983520508,
0.00291700005531311),(-0.02905299949646,-0.0607529983520508,0.0069980001449585),
(-0.02905299949646,-0.058867000579834,0.00200200009346009),(-0.02905299949646,
-0.0111330003738403,0.00200200009346009),(-0.02905299949646,-0.00924699974060059,
0.00291700005531311),(-0.02905299949646,-0.00924699974060059,0.0069980001449585),
(-0.0290520000457764,-0.0607439994812012,0.00282699990272522),(-0.0290520000457764,
-0.0588860015869141,0.00200200009346009),(-0.0290520000457764,-0.0111140003204346,
0.00200200009346009),(-0.0290520000457764,-0.00925599956512451,0.00282699990272522),
(-0.0290499992370605,-0.0607169990539551,0.00273799991607666),(-0.0290499992370605,
-0.0589039993286133,0.00200200009346009),(-0.0290499992370605,-0.0110959997177124,
0.00200200009346009),(-0.0290499992370605,-0.0092829999923706,0.00273799991607666),
(-0.029045000076294,-0.0606720008850098,0.00265000009536743),(-0.029045000076294,
-0.0589210014343262,0.00200200009346009),(-0.029045000076294,-0.0110790004730225,
0.00200200009346009),(-0.029045000076294,-0.00932800006866455,0.00265000009536743),
(-0.0290419998168946,-0.0597439994812012,0.00210599994659424),(-0.0290419998168946,
-0.059193000793457,0.00201500010490418),(-0.0290419998168946,-0.0108070001602173,
0.00201500010490418),(-0.0290419998168946,-0.0102559995651245,0.00210599994659424),
(-0.0290389995574951,-0.0606100006103516,0.00256500005722046),(-0.0290389995574951,
-0.0589379997253418,0.00200200009346009),(-0.0290389995574951,-0.0110620002746582,
0.00200200009346009),(-0.0290389995574951,-0.00939000034332275,0.00256500005722046),
(-0.0290310001373291,-0.0605309982299805,0.00248399996757507),(-0.0290310001373291,
-0.0589550018310547,0.00200200009346009),(-0.0290310001373291,-0.0110450000762939,
0.00200200009346009),(-0.0290310001373291,-0.0094689998626709,0.00248399996757507),
(-0.0290270004272461,-0.0593940010070801,0.0020369999408722),(-0.0290270004272461,
-0.0106059999465942,0.0020369999408722),(-0.0290219993591308,-0.0604360008239746,
0.00240599989891053),(-0.0290219993591308,-0.0589710006713867,0.00200200009346009),
(-0.0290219993591308,-0.0110290002822876,0.00200200009346009),(-0.0290219993591308,
-0.00956400012969971,0.00240599989891053),(-0.0290109996795655,-0.0603250007629395,
0.00233400011062622),(-0.0290109996795655,-0.0589850006103516,0.00200200009346009),
(-0.0290109996795655,-0.0110150003433228,0.00200200009346009),(-0.0290109996795655,
-0.00967500019073486,0.00233400011062622),(-0.0290090007781982,-0.0595789985656738,
0.0020680000782013),(-0.0290090007781982,-0.0592089996337891,0.00201500010490418),
(-0.0290090007781982,-0.0107910003662109,0.00201500010490418),(-0.0290090007781982,
-0.0104209995269775,0.0020680000782013),(-0.0289990005493164,-0.0602010002136231,
0.00226699995994568),(-0.0289990005493164,-0.0589990005493164,0.00200200009346009),
(-0.0289990005493164,-0.0110010004043579,0.00200200009346009),(-0.0289990005493164,
-0.00979899978637695,0.00226699995994568),(-0.0289850006103516,-0.0600639991760254,
0.00220600008964539),(-0.0289850006103516,-0.0590110015869141,0.00200200009346009),
(-0.0289850006103516,-0.0109890003204346,0.00200200009346009),(-0.0289850006103516,
-0.00993599987030029,0.00220600008964539),(-0.0289750003814698,-0.0594070014953613,
0.0020369999408722),(-0.0289750003814698,-0.0592210006713867,0.00201500010490418),
(-0.0289750003814698,-0.0107790002822876,0.00201500010490418),(-0.0289750003814698,
-0.0105930004119873,0.0020369999408722),(-0.0289710006713867,-0.0599150009155274,
0.00215300011634826),(-0.0289710006713867,-0.0590219993591309,0.00200200009346009),
(-0.0289710006713867,-0.0109779996871948,0.00200200009346009),(-0.0289710006713867,
-0.010085000038147,0.00215300011634826),(-0.0289549999237061,-0.0597560005187988,
0.00210599994659424),(-0.0289549999237061,-0.0590309982299805,0.00200200009346009),
(-0.0289549999237061,-0.0109689998626709,0.00200200009346009),(-0.0289549999237061,
-0.0102440004348755,0.00210599994659424),(-0.0289389991760254,-0.0592299995422363,
0.00201500010490418),(-0.0289389991760254,-0.0107700004577637,0.00201500010490418),
(-0.0289379997253418,-0.0595890007019043,0.0020680000782013),(-0.0289379997253418,
-0.0590390014648438,0.00200200009346009),(-0.0289379997253418,-0.0109610004425049,
0.00200200009346009),(-0.0289379997253418,-0.01041100025177,0.0020680000782013),
(-0.0289209995269775,-0.0594150009155273,0.0020369999408722),(-0.0289209995269775,
-0.0590449981689453,0.00200200009346009),(-0.0289209995269775,-0.010954999923706,
0.00200200009346009),(-0.0289209995269775,-0.010585000038147,0.0020369999408722),
(-0.0289039993286133,-0.0592350006103516,0.00201500010490418),(-0.0289039993286133,
-0.0590499992370605,0.00200200009346009),(-0.0289039993286133,-0.0109499998092651,
0.00200200009346009),(-0.0289039993286133,-0.0107650003433227,0.00201500010490418),
(-0.0288859996795655,-0.0590519981384277,0.00200200009346009),(-0.0288859996795655,
-0.0109479999542236,0.00200200009346009),(-0.028867000579834,-0.0607630004882813,
0.0069980001449585),(-0.028867000579834,-0.0607630004882812,0.00291700005531311),
(-0.028867000579834,-0.0607529983520508,0.00282699990272522),(-0.028867000579834,
-0.060726001739502,0.00273799991607666),(-0.028867000579834,-0.0606809997558594,
0.00265000009536743),(-0.028867000579834,-0.0606180000305176,0.00256500005722046),
(-0.028867000579834,-0.0605390014648438,0.00248399996757507),(-0.028867000579834,
-0.060443000793457,0.00240599989891053),(-0.028867000579834,-0.0603320007324219,
0.00233400011062622),(-0.028867000579834,-0.0602070007324219,0.00226699995994568),
(-0.028867000579834,-0.0600699996948242,0.00220600008964539),(-0.028867000579834,
-0.0599199981689453,0.00215300011634826),(-0.028867000579834,-0.0597610015869141,
0.00210599994659424),(-0.028867000579834,-0.0595929985046387,0.0020680000782013),
(-0.028867000579834,-0.0594169998168945,0.0020369999408722),(-0.028867000579834,
-0.0592369995117187,0.00201500010490418),(-0.028867000579834,-0.0590530014038086,
0.00200200009346009),(-0.028867000579834,-0.0471040000915527,0.00199800002574921),
(-0.028867000579834,-0.0109469995498657,0.00200200009346009),(-0.028867000579834,
-0.0107629995346069,0.00201500010490418),(-0.028867000579834,-0.0105830001831055,
0.0020369999408722),(-0.028867000579834,-0.0104069995880127,0.0020680000782013),
(-0.028867000579834,-0.0102390003204346,0.00210599994659424),(-0.028867000579834,
-0.010079999923706,0.00215300011634826),(-0.028867000579834,-0.00993000030517578,
0.00220600008964539),(-0.028867000579834,-0.00979300022125244,0.00226699995994568),
(-0.028867000579834,-0.00966800022125244,0.00233400011062622),(-0.028867000579834,
-0.00955700016021729,0.00240599989891053),(-0.028867000579834,-0.00946100044250488,
0.00248399996757507),(-0.028867000579834,-0.00938199996948242,0.00256500005722046),
(-0.028867000579834,-0.00931900024414063,0.00265000009536743),(-0.028867000579834,
-0.00927400016784668,0.00273799991607666),(-0.028867000579834,-0.00924699974060059,
0.00282699990272522),(-0.028867000579834,-0.00923799991607666,0.00291700005531311),
(-0.028867000579834,-0.00923799991607666,0.0069980001449585),(-0.0288670005798339,
-0.058867000579834,0.00199800002574921),(-0.0288670005798339,-0.0111330003738403,
0.00199800002574921),(-0.0245760002136231,-0.0409599990844726,0.00199800002574921),
(-0.0238020000457764,-0.0475,0.),(-0.0238020000457764,-0.0475,0.00199800002574921),
(-0.0237929992675782,-0.0476310005187988,0.),(-0.0237929992675782,-0.0476310005187988,
0.00199800002574921),(-0.0237929992675782,-0.0473689994812012,0.),(-0.0237929992675782,
-0.0473689994812012,0.00199800002574921),(-0.0237679996490478,-0.0477589988708496,
0.),(-0.0237679996490478,-0.0477589988708496,0.00199800002574921),(-0.0237679996490478,
-0.0472410011291504,0.),(-0.0237679996490478,-0.0472410011291504,0.00199800002574921),
(-0.0237250003814698,-0.047882999420166,0.),(-0.0237250003814698,-0.047882999420166,
0.00199800002574921),(-0.0237250003814698,-0.047117000579834,0.),(-0.0237250003814698,
-0.047117000579834,0.00199800002574921),(-0.0236669998168946,-0.0480009994506836,
0.),(-0.0236669998168946,-0.0480009994506836,0.00199800002574921),(-0.0236669998168946,
-0.0469990005493164,0.),(-0.0236669998168946,-0.0469990005493164,0.00199800002574921),
(-0.0235949993133545,-0.0481100006103516,0.),(-0.0235949993133545,-0.0481100006103516,
0.00199800002574921),(-0.0235949993133545,-0.0468899993896484,0.),(-0.0235949993133545,
-0.0468899993896484,0.00199800002574921),(-0.023507999420166,-0.0482080001831055,
0.),(-0.023507999420166,-0.0482080001831055,0.00199800002574921),(-0.023507999420166,
-0.0467919998168945,0.),(-0.023507999420166,-0.0467919998168945,0.00199800002574921),
(-0.0234099998474121,-0.0482949981689453,0.),(-0.0234099998474121,-0.0482949981689453,
0.00199800002574921),(-0.0234099998474121,-0.0467050018310547,0.),(-0.0234099998474121,
-0.0467050018310547,0.00199800002574921),(-0.0233010005950927,-0.048367000579834,
0.),(-0.0233010005950927,-0.048367000579834,0.00199800002574921),(-0.0233010005950927,
-0.046632999420166,0.),(-0.0233010005950927,-0.046632999420166,0.00199800002574921),
(-0.0231830005645752,-0.0484249992370606,0.),(-0.0231830005645752,-0.0484249992370606,
0.00199800002574921),(-0.0231830005645752,-0.0465750007629395,0.),(-0.0231830005645752,
-0.0465750007629395,0.00199800002574921),(-0.0230590000152588,-0.0484679985046387,
0.),(-0.0230590000152588,-0.0484679985046387,0.00199800002574921),(-0.0230590000152588,
-0.0465320014953613,0.),(-0.0230590000152588,-0.0465320014953613,0.00199800002574921),
(-0.0229309997558594,-0.0484930000305176,0.),(-0.0229309997558594,-0.0484930000305176,
0.00199800002574921),(-0.0229309997558594,-0.0465069999694824,0.),(-0.0229309997558594,
-0.0465069999694824,0.00199800002574921),(-0.0227999992370605,-0.0485019989013672,
0.),(-0.0227999992370605,-0.0485019989013672,0.00199800002574921),(-0.0227999992370605,
-0.0464980010986328,0.),(-0.0227999992370605,-0.0464980010986328,0.00199800002574921),
(-0.0226690006256103,-0.0484930000305176,0.),(-0.0226690006256103,-0.0484930000305176,
0.00199800002574921),(-0.0226690006256103,-0.0465069999694824,0.),(-0.0226690006256103,
-0.0465069999694824,0.00199800002574921),(-0.0225410003662109,-0.0484679985046387,
0.),(-0.0225410003662109,-0.0484679985046387,0.00199800002574921),(-0.0225410003662109,
-0.0465320014953613,0.),(-0.0225410003662109,-0.0465320014953613,0.00199800002574921),
(-0.0224169998168946,-0.0484249992370606,0.),(-0.0224169998168946,-0.0484249992370606,
0.00199800002574921),(-0.0224169998168946,-0.0465750007629395,0.00199800002574921),
(-0.0224169998168945,-0.0465750007629395,0.),(-0.0222989997863769,-0.048367000579834,
0.),(-0.0222989997863769,-0.048367000579834,0.00199800002574921),(-0.0222989997863769,
-0.046632999420166,0.),(-0.0222989997863769,-0.046632999420166,0.00199800002574921),
(-0.0221900005340576,-0.0482949981689453,0.),(-0.0221900005340576,-0.0482949981689453,
0.00199800002574921),(-0.0221900005340576,-0.0467050018310547,0.),(-0.0221900005340576,
-0.0467050018310547,0.00199800002574921),(-0.0220919990539551,-0.0482080001831055,
0.),(-0.0220919990539551,-0.0482080001831055,0.00199800002574921),(-0.0220919990539551,
-0.0467919998168945,0.),(-0.0220919990539551,-0.0467919998168945,0.00199800002574921),
(-0.0220049991607666,-0.0481100006103516,0.),(-0.0220049991607666,-0.0481100006103516,
0.00199800002574921),(-0.0220049991607666,-0.0468899993896484,0.),(-0.0220049991607666,
-0.0468899993896484,0.00199800002574921),(-0.0219330005645752,-0.0480009994506836,
0.),(-0.0219330005645752,-0.0480009994506836,0.00199800002574921),(-0.0219330005645752,
-0.0469990005493164,0.),(-0.0219330005645752,-0.0469990005493164,0.00199800002574921),
(-0.021875,-0.047882999420166,0.),(-0.021875,-0.047882999420166,0.00199800002574921),
(-0.021875,-0.047117000579834,0.),(-0.021875,-0.047117000579834,0.00199800002574921),
(-0.0218320007324219,-0.0477589988708496,0.),(-0.0218320007324219,-0.0477589988708496,
0.00199800002574921),(-0.0218320007324219,-0.0472410011291504,0.),(-0.0218320007324219,
-0.0472410011291504,0.00199800002574921),(-0.0218069992065429,-0.0476310005187988,
0.),(-0.0218069992065429,-0.0476310005187988,0.00199800002574921),(-0.0218069992065429,
-0.0473689994812012,0.),(-0.0218069992065429,-0.0473689994812012,0.00199800002574921),
(-0.0217980003356933,-0.0475,0.),(-0.0217980003356933,-0.0475,0.00199800002574921),
(-0.01669700050354,-0.063,0.00397300004959106),(-0.01669700050354,-0.063,
0.0069980001449585),(-0.01669700050354,-0.0607630004882813,0.00397300004959106),
(-0.01669700050354,-0.0607630004882813,0.0069980001449585),(-0.0166760005950927,
-0.063,0.00382100009918213),(-0.0166760005950927,-0.0607630004882813,0.00382100009918213),
(-0.016613000869751,-0.063,0.00367199993133545),(-0.016613000869751,-0.0607630004882813,
0.00367199993133545),(-0.0165100002288819,-0.063,0.00352999997138977),(-0.0165100002288819,
-0.0607630004882813,0.00352999997138977),(-0.0163700008392334,-0.063,0.00340000009536743),
(-0.0163700008392334,-0.0607630004882813,0.00340000009536743),(-0.0161959991455078,
-0.063,0.0032829999923706),(-0.0161959991455078,-0.0607630004882813,0.0032829999923706),
(-0.015991000175476,-0.063,0.00318400001525879),(-0.015991000175476,-0.0607630004882813,
0.00318400001525879),(-0.0158909997940063,-0.00923799991607666,0.00349799990653992),
(-0.0158909997940063,-0.00923799991607666,0.0069980001449585),(-0.0158909997940063,
-0.007,0.00349799990653992),(-0.0158909997940063,-0.007,0.0069980001449585),
(-0.0158629999160767,-0.00923799991607666,0.00326300001144409),(-0.0158629999160767,
-0.007,0.00326300001144409),(-0.0157770004272461,-0.00923799991607666,0.00303399991989136),
(-0.0157770004272461,-0.007,0.00303399991989136),(-0.0157620000839234,-0.063,
0.00310400009155273),(-0.0157620000839234,-0.0607630004882813,0.00310400009155273),
(-0.0157015161514283,-0.00923799991607666,0.00291700005531311),(-0.0156434516906739,
-0.00924699974060059,0.00282699990272522),(-0.0156370000839234,-0.00925003337860107,
0.00281699991226196),(-0.0156370000839234,-0.007,0.00281699991226196),(-0.0156020002365112,
-0.0292000007629394,0.),(-0.0156020002365112,-0.0292000007629394,0.00199800002574921),
(-0.0155930004119873,-0.0293309993743897,0.),(-0.0155930004119873,-0.0293309993743897,
0.00199800002574921),(-0.0155930004119873,-0.0290690002441406,0.),(-0.0155930004119873,
-0.0290690002441406,0.00199800002574921),(-0.0155679998397827,-0.0294589996337891,
0.),(-0.0155679998397827,-0.0294589996337891,0.00199800002574921),(-0.0155679998397827,
-0.0289409999847412,0.),(-0.0155679998397827,-0.0289409999847412,0.00199800002574921),
(-0.0155619306564331,-0.00927400016784668,0.00273799991607666),(-0.0155249996185302,
-0.0295830001831054,0.),(-0.0155249996185302,-0.0295830001831054,0.00199800002574921),
(-0.0155249996185302,-0.0288169994354248,0.),(-0.0155249996185302,-0.0288169994354248,
0.00199800002574921),(-0.0155139999389648,-0.063,0.00304500007629395),(-0.0155139999389648,
-0.0607630004882813,0.00304500007629395),(-0.0154783086776733,-0.00931900024414063,
0.00265000009536743),(-0.0154670000076294,-0.0297010002136231,0.),(-0.0154670000076294,
-0.0297010002136231,0.00199800002574921),(-0.0154670000076294,-0.0286989994049073,
0.),(-0.0154670000076294,-0.0286989994049073,0.00199800002574921),(-0.0154460000991822,
-0.00934420013427734,0.0026159999370575),(-0.0154460000991822,-0.007,0.0026159999370575),
(-0.0153950004577637,-0.0298099994659424,0.),(-0.0153950004577637,-0.0298099994659424,
0.00199800002574921),(-0.0153950004577637,-0.0285900001525879,0.),(-0.0153950004577637,
-0.0285900001525879,0.00199800002574921),(-0.0153781900405884,-0.00938199996948242,
0.00256500005722046),(-0.0153079996109009,-0.0299080009460449,0.),(-0.0153079996109009,
-0.0299080009460449,0.00199800002574921),(-0.0153079996109009,-0.028492000579834,
0.),(-0.0153079996109009,-0.028492000579834,0.00199800002574921),(-0.0152704916000366,
-0.00946100044250488,0.00248399996757507),(-0.0152530002593994,-0.063,0.00300999999046325),
(-0.0152530002593994,-0.0607630004882813,0.00300999999046325),(-0.015210000038147,
-0.0299950008392334,0.),(-0.015210000038147,-0.0299950008392334,0.00199800002574921),
(-0.015210000038147,-0.0284050006866455,0.),(-0.015210000038147,-0.0284050006866455,
0.00199800002574921),(-0.0152080001831055,-0.00951884651184082,0.00243700003623962),
(-0.0152080001831055,-0.007,0.00243700003623962),(-0.0151514701843262,-0.00955700016021729,
0.00240599989891053),(-0.0151009998321533,-0.0300669994354248,0.),(-0.0151009998321533,
-0.0300669994354248,0.00199800002574921),(-0.0151009998321533,-0.0283330001831054,
0.),(-0.0151009998321533,-0.0283330001831054,0.00199800002574921),(-0.0150201768875122,
-0.00966800022125244,0.00233400011062622),(-0.0149849996566772,-0.063,0.00299799990653992),
(-0.0149849996566772,-0.0607630004882813,0.00299799990653992),(-0.0149829998016357,
-0.030125,0.),(-0.0149829998016357,-0.030125,0.00199800002574921),(-0.0149829998016357,
-0.0282749996185303,0.),(-0.0149829998016357,-0.0282749996185303,0.00199800002574921),
(-0.0149289999008179,-0.007,0.00228399991989136),(-0.0149289999008179,-0.00976128387451172,
0.00228399991989136),(-0.0148858776092529,-0.00979300022125244,0.00226699995994568),
(-0.0148590002059936,-0.0301679992675782,0.),(-0.0148590002059936,-0.0301679992675782,
0.00199800002574921),(-0.0148590002059936,-0.0282320003509521,0.),(-0.0148590002059936,
-0.0282320003509521,0.00199800002574921),(-0.014731146812439,-0.00993000030517578,
0.00220600008964539),(-0.0147309999465942,-0.0301930007934571,0.),(-0.0147309999465942,
-0.0301930007934571,0.00199800002574921),(-0.0147309999465942,-0.0282070007324219,
0.),(-0.0147309999465942,-0.0282070007324219,0.00199800002574921),(-0.0146169996261597,
-0.0100573587417603,0.00216100001335144),(-0.0146169996261597,-0.007,0.00216100001335144),
(-0.0146000003814697,-0.0302019996643067,0.),(-0.0146000003814697,-0.0302019996643067,
0.00199800002574921),(-0.0146000003814697,-0.0281979999542236,0.),(-0.0146000003814697,
-0.0281979999542236,0.00199800002574921),(-0.0145869560241699,-0.0100799999237061,
0.00215300011634826),(-0.0144689998626709,-0.0301930007934571,0.),(-0.0144689998626709,
-0.0301930007934571,0.00199800002574921),(-0.0144689998626709,-0.0282070007324219,
0.),(-0.0144689998626709,-0.0282070007324219,0.00199800002574921),(-0.0144104442596436,
-0.0102390003204346,0.00210599994659424),(-0.0143409996032715,-0.0301679992675782,
0.00199800002574921),(-0.0143409996032715,-0.0282320003509521,0.00199800002574921),
(-0.0143409996032715,-0.0301679992675782,0.),(-0.0143409996032715,-0.0282320003509521,
0.),(-0.0142790002822876,-0.0103937368392944,0.00207100009918213),(-0.0142790002822876,
-0.007,0.00207100009918213),(-0.0142595272064209,-0.0104069995880127,0.0020680000782013),
(-0.0142170000076294,-0.030125,0.),(-0.0142170000076294,-0.030125,0.00199800002574921),
(-0.0142170000076294,-0.0282749996185303,0.),(-0.0142170000076294,-0.0282749996185302,
0.00199800002574921),(-0.0140989999771118,-0.0300669994354248,0.),(-0.0140989999771118,
-0.0300669994354248,0.00199800002574921),(-0.0140989999771118,-0.0283330001831054,
0.),(-0.0140989999771118,-0.0283330001831054,0.00199800002574921),(-0.0140583095550537,
-0.0105830001831055,0.0020369999408722),(-0.0139899997711182,-0.0299950008392334,
0.),(-0.0139899997711182,-0.0299950008392334,0.00199800002574921),(-0.0139899997711182,
-0.0284050006866455,0.),(-0.0139899997711182,-0.0284050006866455,0.00199800002574921),
(-0.0139219999313354,-0.0107548179626465,0.00201600003242492),(-0.0139219999313354,
-0.007,0.00201600003242492),(-0.0139017219543457,-0.0107629995346069,0.00201500010490418),
(-0.0138920001983643,-0.0299080009460449,0.00199800002574921),(-0.0138920001983643,
-0.0299080009460449,0.),(-0.0138920001983643,-0.028492000579834,0.),(-0.0138920001983643,
-0.028492000579834,0.00199800002574921),(-0.0138050003051758,-0.0298099994659424,
0.),(-0.0138050003051758,-0.0298099994659424,0.00199800002574921),(-0.0138050003051758,
-0.0285900001525879,0.),(-0.0138050003051758,-0.0285900001525879,0.00199800002574921),
(-0.0137329998016357,-0.0297010002136231,0.),(-0.0137329998016357,-0.0297010002136231,
0.00199800002574921),(-0.0137329998016357,-0.0286989994049073,0.),(-0.0137329998016357,
-0.0286989994049073,0.00199800002574921),(-0.0136750001907349,-0.0295830001831054,
0.),(-0.0136750001907349,-0.0295830001831054,0.00199800002574921),(-0.0136750001907349,
-0.0288169994354248,0.),(-0.0136750001907349,-0.0288169994354248,0.00199800002574921),
(-0.0136381111145019,-0.0109469995498657,0.00200200009346009),(-0.0136319999694824,
-0.0294589996337891,0.),(-0.0136319999694824,-0.0294589996337891,0.00199800002574921),
(-0.0136319999694824,-0.0289409999847412,0.),(-0.0136319999694824,-0.0289409999847412,
0.00199800002574921),(-0.0136070003509521,-0.0293309993743897,0.),(-0.0136070003509521,
-0.0293309993743897,0.00199800002574921),(-0.0136070003509521,-0.0290690002441406,
0.),(-0.0136070003509521,-0.0290690002441406,0.00199800002574921),(-0.0135979995727539,
-0.0292000007629394,0.),(-0.0135979995727539,-0.0292000007629394,0.00199800002574921),
(-0.0135570001602173,-0.0111330003738403,0.00199800002574921),(-0.0135570001602173,
-0.007,0.00199800002574921),(-0.0122880001068115,-0.058867000579834,0.00199800002574921),
(-0.00699599981307984,-0.063,0.00299799990653992),(-0.00699599981307984,
-0.0607630004882813,0.00299799990653992),(-0.00672900009155274,-0.063,0.00300999999046325),
(-0.00672900009155274,-0.0607630004882813,0.00300999999046325),(-0.0064670000076294,
-0.063,0.00304500007629395),(-0.0064670000076294,-0.0607630004882813,0.00304500007629395),
(-0.0062189998626709,-0.063,0.00310400009155273),(-0.0062189998626709,-0.0607630004882813,
0.00310400009155273),(-0.00598999977111816,-0.063,0.00318400001525879),
(-0.00598999977111816,-0.0607630004882813,0.00318400001525879),(-0.00578599977493286,
-0.063,0.0032829999923706),(-0.00578599977493286,-0.0607630004882813,0.0032829999923706),
(-0.00561100006103516,-0.063,0.00340000009536743),(-0.00561100006103516,
-0.0607630004882813,0.00340000009536743),(-0.00547100019454956,-0.063,0.00352999997138977),
(-0.00547100019454956,-0.0607630004882813,0.00352999997138977),(-0.00536800003051758,
-0.063,0.00367199993133545),(-0.00536800003051758,-0.0607630004882813,0.00367199993133545),
(-0.00530600023269653,-0.063,0.00382100009918213),(-0.00530600023269653,
-0.0607630004882813,0.00382100009918213),(-0.00528499984741211,-0.063,0.00397300004959106),
(-0.00528499984741211,-0.063,0.0069980001449585),(-0.00528499984741211,
-0.0607630004882813,0.00397300004959106),(-0.00528499984741211,-0.0607630004882813,
0.0069980001449585),(-0.00409600019454956,-0.0607630004882813,0.00291700005531311),
(-0.00292799997329712,-0.063,0.00128699994087219),(-0.00292799997329712,
-0.063,0.00397300004959106),(-0.00292799997329712,-0.063,0.0069980001449585),
(-0.00292799997329712,-0.0607630004882813,0.00397300004959106),(-0.00292799997329712,
-0.0607630004882813,0.0069980001449585),(-0.00290700006484985,-0.063,0.00382100009918213),
(-0.00290700006484985,-0.0607630004882813,0.00382100009918213),(-0.00284500002861023,
-0.063,0.00367199993133545),(-0.00284500002861023,-0.0607630004882813,0.00367199993133545),
(-0.00274200010299683,-0.063,0.00352999997138977),(-0.00274200010299683,
-0.0607630004882813,0.00352999997138977),(-0.00266499996185303,-0.0111330003738403,
0.00199800002574921),(-0.00266499996185303,-0.007,0.00199800002574921),
(-0.0026010000705719,-0.063,0.00340000009536743),(-0.0026010000705719,-0.0607630004882813,
0.00340000009536743),(-0.00258388900756836,-0.0109469995498657,0.00200200009346009),
(-0.00242700004577637,-0.063,0.0032829999923706),(-0.00242700004577637,
-0.0607630004882813,0.0032829999923706),(-0.00232027769088745,-0.0107629995346069,
0.00201500010490418),(-0.00229999995231629,-0.0107548179626465,0.00201600003242492),
(-0.00229999995231629,-0.007,0.00201600003242492),(-0.00222300004959106,
-0.063,0.00318400001525879),(-0.00222300004959106,-0.0607630004882813,0.00318400001525879),
(-0.0021640727519989,-0.0105830001831055,0.0020369999408722),(-0.00199399995803833,
-0.063,0.00310400009155273),(-0.00199399995803833,-0.0607630004882813,0.00310400009155273),
(-0.00196341812610626,-0.0104069995880127,0.0020680000782013),(-0.00194400000572204,
-0.0103937368392944,0.00207100009918213),(-0.00194400000572204,-0.007,0.00207100009918213),
(-0.00181216669082642,-0.0102390003204346,0.00210599994659424),(-0.00174600005149841,
-0.063,0.00304500007629395),(-0.00174600005149841,-0.0607630004882813,0.00304500007629395),
(-0.00163513338565826,-0.0100799999237061,0.00215300011634826),(-0.00160500001907349,
-0.0100573587417603,0.00216100001335144),(-0.00160500001907349,-0.007,0.00216100001335144),
(-0.00153188240528107,-0.0100799999237061,0.00215300011634826),(-0.00149085366725922,
-0.00993000030517578,0.00220600008964539),(-0.00148399996757507,-0.063,
0.00300999999046325),(-0.00148399996757507,-0.0607630004882813,0.00300999999046325),
(-0.00133612191677093,-0.00979300022125244,0.00226699995994568),(-0.00129299998283386,
-0.00976128387451172,0.00228399991989136),(-0.00129299998283386,-0.007,
0.00228399991989136),(-0.00123908376693726,-0.00979300022125244,0.00226699995994568),
(-0.00121700000762939,-0.063,0.00299799990653992),(-0.00121700000762939,
-0.0607630004882813,0.00299799990653992),(-0.00120182347297668,-0.00966800022125244,
0.00233400011062622),(-0.00107052946090698,-0.00955700016021729,0.00240599989891053),
(-0.00101400005817413,-0.00951884651184082,0.00243700003623962),(-0.00101400005817413,
-0.007,0.00243700003623962),(-0.000951770961284638,-0.00946100044250488,
0.00248399996757507),(-0.000844525158405304,-0.00938199996948242,0.00256500005722046),
(-0.00077700001001358,-0.00934420013427734,0.0026159999370575),(-0.00077700001001358,
-0.007,0.0026159999370575),(-0.000744522392749786,-0.00931900024414063,
0.00265000009536743),(-0.00066046267747879,-0.00927400016784668,0.00273799991607666),
(-0.000584999978542328,-0.00925003337860107,0.00281699991226196),(-0.000584999978542328,
-0.007,0.00281699991226196),(-0.00057854837179184,-0.00924699974060059,
0.00282699990272522),(-0.0005204838514328,-0.00923799991607666,0.00291700005531311),
(-0.000444999992847443,-0.00923799991607666,0.00303399991989136),(-0.000444999992847443,
-0.007,0.00303399991989136),(-0.000360000014305115,-0.00923799991607666,
0.00326300001144409),(-0.000360000014305115,-0.007,0.00326300001144409),
(-0.000331000000238419,-0.007,0.00349799990653992),(-0.000331000000238419,
-0.00923799991607666,0.00349799990653992),(-0.000331000000238419,-0.00923799991607666,
0.0069980001449585),(-0.000331000000238419,-0.007,0.0069980001449585),(0.,
-0.060939998626709,0.),(0.,-0.0307029991149902,0.00199800002574921),(0.,
-0.007,0.00128699994087219),(0.00204800009727478,-0.00955700016021729,0.00240599989891053),
(0.00204800009727478,-0.00938199996948242,0.00256500005722046),(0.00204800009727478,
-0.00927400016784668,0.00273799991607666),(0.00204800009727478,-0.00923799991607666,
0.00291700005531311),(0.00279399991035462,-0.00923799991607666,0.00349799990653992),
(0.00279399991035462,-0.00923799991607666,0.0069980001449585),(0.00279399991035462,
-0.007,0.00349799990653992),(0.00279399991035462,-0.007,0.0069980001449585),
(0.00279800009727478,-0.0292000007629394,0.),(0.00279800009727478,-0.0292000007629394,
0.00199800002574921),(0.0028069999217987,-0.0293309993743897,0.00199800002574921),
(0.0028069999217987,-0.0290690002441406,0.),(0.00280699992179871,-0.0293309993743897,
0.),(0.00280699992179871,-0.0290690002441406,0.00199800002574921),(0.00282299995422364,
-0.00923799991607666,0.00326300001144409),(0.00282299995422364,-0.007,0.00326300001144409),
(0.00283200001716614,-0.0294589996337891,0.),(0.00283200001716614,-0.0294589996337891,
0.00199800002574921),(0.00283200001716614,-0.0289409999847412,0.),(0.00283200001716614,
-0.0289409999847412,0.00199800002574921),(0.002875,-0.0295830001831054,
0.),(0.002875,-0.0295830001831054,0.00199800002574921),(0.002875,-0.0288169994354248,
0.),(0.002875,-0.0288169994354248,0.00199800002574921),(0.00290799999237061,
-0.00923799991607666,0.00303399991989136),(0.00290799999237061,-0.007,0.00303399991989136),
(0.00293300008773803,-0.0297010002136231,0.),(0.00293300008773803,-0.0297010002136231,
0.00199800002574921),(0.00293300008773803,-0.0286989994049073,0.),(0.00293300008773803,
-0.0286989994049073,0.00199800002574921),(0.00298348379135132,-0.00923799991607666,
0.00291700005531311),(0.00300500011444092,-0.0298099994659424,0.),(0.00300500011444092,
-0.0298099994659424,0.00199800002574921),(0.00300500011444092,-0.0285900001525879,
0.),(0.00300500011444092,-0.0285900001525879,0.00199800002574921),(0.0030415484905243,
-0.00924699974060059,0.00282699990272522),(0.00304800009727478,-0.00925003337860107,
0.00281699991226196),(0.00304800009727478,-0.007,0.00281699991226196),(0.0030920000076294,
-0.0299080009460449,0.),(0.0030920000076294,-0.0299080009460449,0.00199800002574921),
(0.0030920000076294,-0.028492000579834,0.),(0.0030920000076294,-0.028492000579834,
0.00199800002574921),(0.00312346267700195,-0.00927400016784668,0.00273799991607666),
(0.00319000005722046,-0.0299950008392334,0.),(0.00319000005722046,-0.0299950008392334,
0.00199800002574921),(0.00319000005722046,-0.0284050006866455,0.),(0.00319000005722046,
-0.0284050006866455,0.00199800002574921),(0.00320752239227295,-0.00931900024414063,
0.00265000009536743),(0.00324000000953674,-0.00934420013427734,0.0026159999370575),
(0.00324000000953674,-0.007,0.0026159999370575),(0.00329900002479553,-0.0300669994354248,
0.),(0.00329900002479553,-0.0283330001831054,0.),(0.00329900002479553,-0.0283330001831054,
0.00199800002574921),(0.00329900002479554,-0.0300669994354248,0.00199800002574921),
(0.00330752515792846,-0.00938199996948242,0.00256500005722046),(0.00341477084159851,
-0.00946100044250488,0.00248399996757507),(0.00341700005531311,-0.030125,
0.),(0.00341700005531311,-0.030125,0.00199800002574921),(0.00341700005531311,
-0.0282749996185303,0.),(0.00341700005531311,-0.0282749996185303,0.00199800002574921),
(0.00347699999809265,-0.00951884651184082,0.00243700003623962),(0.00347699999809265,
-0.007,0.00243700003623962),(0.00353352952003479,-0.00955700016021729,0.00240599989891053),
(0.00354099988937378,-0.0301679992675782,0.),(0.00354099988937378,-0.0301679992675782,
0.00199800002574921),(0.00354099988937378,-0.0282320003509521,0.),(0.00354099988937378,
-0.0282320003509521,0.00199800002574921),(0.00366482353210449,-0.00966800022125244,
0.00233400011062622),(0.00366899991035462,-0.0301930007934571,0.),(0.00366899991035462,
-0.0301930007934571,0.00199800002574921),(0.00366899991035462,-0.0282070007324219,
0.),(0.00366899991035462,-0.0282070007324219,0.00199800002574921),(0.00375600004196167,
-0.00976128387451172,0.00228399991989136),(0.00375600004196167,-0.007,0.00228399991989136),
(0.00379912185668945,-0.00979300022125244,0.00226699995994568),(0.00379999995231629,
-0.0302019996643067,0.),(0.00379999995231629,-0.0302019996643067,0.00199800002574921),
(0.00379999995231629,-0.0281979999542236,0.),(0.00379999995231629,-0.0281979999542236,
0.00199800002574921),(0.00393099999427795,-0.0301930007934571,0.),(0.00393099999427795,
-0.0301930007934571,0.00199800002574921),(0.00393099999427795,-0.0282070007324219,
0.),(0.00393099999427795,-0.0282070007324219,0.00199800002574921),(0.00395385360717774,
-0.00993000030517578,0.00220600008964539),(0.00405900001525879,-0.0301679992675782,
0.),(0.00405900001525879,-0.0301679992675782,0.00199800002574921),(0.00405900001525879,
-0.0282320003509521,0.),(0.00405900001525879,-0.0282320003509521,0.00199800002574921),
(0.00406799983978271,-0.0100573587417603,0.00216100001335144),(0.00406799983978271,
-0.007,0.00216100001335144),(0.00409813356399536,-0.0100799999237061,0.00215300011634826),
(0.00418300008773804,-0.030125,0.),(0.00418300008773804,-0.030125,0.00199800002574921),
(0.00418300008773804,-0.0282749996185302,0.),(0.00418300008773804,-0.0282749996185302,
0.00199800002574921),(0.00427516651153564,-0.0102390003204346,0.00210599994659424),
(0.00430100011825561,-0.0300669994354248,0.),(0.00430100011825561,-0.0300669994354248,
0.00199800002574921),(0.00430100011825561,-0.0283330001831054,0.),(0.00430100011825561,
-0.0283330001831054,0.00199800002574921),(0.00440700006484985,-0.0103937368392944,
0.00207100009918213),(0.00440700006484985,-0.007,0.00207100009918213),(0.00440999984741211,
-0.0299950008392334,0.),(0.00440999984741211,-0.0299950008392334,0.00199800002574921),
(0.00440999984741211,-0.0284050006866455,0.),(0.00440999984741211,-0.0284050006866455,
0.00199800002574921),(0.00442641830444336,-0.0104069995880127,0.0020680000782013),
(0.00450799989700317,-0.0299080009460449,0.),(0.00450799989700317,-0.0299080009460449,
0.00199800002574921),(0.00450799989700317,-0.028492000579834,0.),(0.00450799989700317,
-0.028492000579834,0.00199800002574921),(0.00459499979019165,-0.0298099994659424,
0.),(0.00459499979019165,-0.0298099994659424,0.00199800002574921),(0.00459499979019165,
-0.0285900001525879,0.),(0.00459499979019165,-0.0285900001525879,0.00199800002574921),
(0.00462707281112671,-0.0105830001831055,0.0020369999408722),(0.00466699981689453,
-0.0297010002136231,0.),(0.00466699981689453,-0.0297010002136231,0.00199800002574921),
(0.00466699981689453,-0.0286989994049073,0.),(0.00466699981689453,-0.0286989994049073,
0.00199800002574921),(0.00472499990463257,-0.0295830001831054,0.),(0.00472499990463257,
-0.0295830001831054,0.00199800002574921),(0.00472499990463257,-0.0288169994354248,
0.),(0.00472499990463257,-0.0288169994354248,0.00199800002574921),(0.00474877834320068,
-0.0107629995346069,0.00201500010490418),(0.00476300001144409,-0.0107548179626465,
0.00201600003242492),(0.00476300001144409,-0.007,0.00201600003242492),(0.00476800012588501,
-0.0294589996337891,0.),(0.00476800012588501,-0.0294589996337891,0.00199800002574921),
(0.00476800012588501,-0.0289409999847412,0.),(0.00476800012588501,-0.0289409999847412,
0.00199800002574921),(0.00478327798843384,-0.0107629995346069,0.00201500010490418),
(0.00479300022125244,-0.0293309993743897,0.),(0.00479300022125244,-0.0293309993743897,
0.00199800002574921),(0.00479300022125244,-0.0290690002441406,0.),(0.00479300022125244,
-0.0290690002441406,0.00199800002574921),(0.00480200004577637,-0.0292000007629394,
0.),(0.00480200004577637,-0.0292000007629394,0.00199800002574921),(0.00504688882827759,
-0.0109469995498657,0.00200200009346009),(0.00512799978256226,-0.0111330003738403,
0.00199800002574921),(0.00512799978256226,-0.007,0.00199800002574921),(0.00677199983596802,
-0.063,0.00299799990653992),(0.00677199983596802,-0.0607630004882813,0.00299799990653992),
(0.00703999996185303,-0.063,0.00300999999046325),(0.00703999996185303,-0.0607630004882813,
0.00300999999046325),(0.00730100011825562,-0.063,0.00304500007629395),(0.00730100011825562,
-0.0607630004882813,0.00304500007629395),(0.00754899978637695,-0.063,0.00310400009155273),
(0.00754899978637695,-0.0607630004882813,0.00310400009155273),(0.00777799987792969,
-0.063,0.00318400001525879),(0.00777799987792969,-0.0607630004882813,0.00318400001525879),
(0.00798299980163574,-0.063,0.0032829999923706),(0.00798299980163574,-0.0607630004882813,
0.0032829999923706),(0.0081569995880127,-0.063,0.00340000009536743),(0.0081569995880127,
-0.0607630004882813,0.00340000009536743),(0.00829699993133545,-0.063,0.00352999997138977),
(0.00829699993133545,-0.0607630004882813,0.00352999997138977),(0.00839999961853027,
-0.063,0.00367199993133545),(0.00839999961853027,-0.0607630004882813,0.00367199993133545),
(0.00846300029754639,-0.063,0.00382100009918213),(0.00846300029754639,-0.0607630004882813,
0.00382100009918213),(0.00848400020599365,-0.063,0.00397300004959106),(0.00848400020599365,
-0.063,0.0069980001449585),(0.00848400020599365,-0.0607630004882813,0.00397300004959106),
(0.00848400020599365,-0.0607630004882813,0.0069980001449585),(0.0110979995727539,
-0.0475,0.),(0.0110979995727539,-0.0475,0.00199800002574921),(0.0111070003509521,
-0.0476310005187988,0.),(0.0111070003509521,-0.0476310005187988,0.00199800002574921),
(0.0111070003509521,-0.0473689994812012,0.),(0.0111070003509521,-0.0473689994812012,
0.00199800002574921),(0.0111319999694824,-0.0477589988708496,0.),(0.0111319999694824,
-0.0477589988708496,0.00199800002574921),(0.0111319999694824,-0.0472410011291504,
0.),(0.0111319999694824,-0.0472410011291504,0.00199800002574921),(0.0111750001907349,
-0.047882999420166,0.),(0.0111750001907349,-0.047882999420166,0.00199800002574921),
(0.0111750001907349,-0.047117000579834,0.),(0.0111750001907349,-0.047117000579834,
0.00199800002574921),(0.0112329998016357,-0.0480009994506836,0.),(0.0112329998016357,
-0.0480009994506836,0.00199800002574921),(0.0112329998016357,-0.0469990005493164,
0.),(0.0112329998016357,-0.0469990005493164,0.00199800002574921),(0.0113050003051758,
-0.0481100006103516,0.),(0.0113050003051758,-0.0481100006103516,0.00199800002574921),
(0.0113050003051758,-0.0468899993896484,0.),(0.0113050003051758,-0.0468899993896484,
0.00199800002574921),(0.0113920001983643,-0.0482080001831055,0.),(0.0113920001983643,
-0.0482080001831055,0.00199800002574921),(0.0113920001983643,-0.0467919998168945,
0.),(0.0113920001983643,-0.0467919998168945,0.00199800002574921),(0.0114899997711182,
-0.0482949981689453,0.),(0.0114899997711182,-0.0482949981689453,0.00199800002574921),
(0.0114899997711182,-0.0467050018310547,0.),(0.0114899997711182,-0.0467050018310547,
0.00199800002574921),(0.0115989999771118,-0.048367000579834,0.),(0.0115989999771118,
-0.048367000579834,0.00199800002574921),(0.0115989999771118,-0.046632999420166,
0.),(0.0115989999771118,-0.046632999420166,0.00199800002574921),(0.0117170000076294,
-0.0484249992370606,0.),(0.0117170000076294,-0.0484249992370606,0.00199800002574921),
(0.0117170000076294,-0.0465750007629395,0.),(0.0117170000076294,-0.0465750007629395,
0.00199800002574921),(0.0118409996032715,-0.0465320014953614,0.00199800002574921),
(0.0118409996032715,-0.0484679985046387,0.),(0.0118409996032715,-0.0484679985046387,
0.00199800002574921),(0.0118409996032715,-0.0465320014953613,0.),(0.0119689998626709,
-0.0484930000305176,0.),(0.0119689998626709,-0.0484930000305176,0.00199800002574921),
(0.0119689998626709,-0.0465069999694824,0.),(0.0119689998626709,-0.0465069999694824,
0.00199800002574921),(0.0121000003814697,-0.0485019989013672,0.),(0.0121000003814697,
-0.0485019989013672,0.00199800002574921),(0.0121000003814697,-0.0464980010986328,
0.),(0.0121000003814697,-0.0464980010986328,0.00199800002574921),(0.0122309999465942,
-0.0484930000305176,0.),(0.0122309999465942,-0.0484930000305176,0.00199800002574921),
(0.0122309999465942,-0.0465069999694824,0.),(0.0122309999465942,-0.0465069999694824,
0.00199800002574921),(0.0123590002059936,-0.0484679985046387,0.),(0.0123590002059936,
-0.0484679985046387,0.00199800002574921),(0.0123590002059936,-0.0465320014953613,
0.),(0.0123590002059936,-0.0465320014953613,0.00199800002574921),(0.0124829998016357,
-0.0484249992370606,0.),(0.0124829998016357,-0.0484249992370606,0.00199800002574921),
(0.0124829998016357,-0.0465750007629395,0.),(0.0124829998016357,-0.0465750007629395,
0.00199800002574921),(0.0126009998321533,-0.048367000579834,0.),(0.0126009998321533,
-0.048367000579834,0.00199800002574921),(0.0126009998321533,-0.046632999420166,
0.),(0.0126009998321533,-0.046632999420166,0.00199800002574921),(0.012710000038147,
-0.0482949981689453,0.),(0.012710000038147,-0.0482949981689453,0.00199800002574921),
(0.012710000038147,-0.0467050018310547,0.),(0.012710000038147,-0.0467050018310547,
0.00199800002574921),(0.0128079996109009,-0.0482080001831055,0.),(0.0128079996109009,
-0.0482080001831055,0.00199800002574921),(0.0128079996109009,-0.0467919998168945,
0.),(0.0128079996109009,-0.0467919998168945,0.00199800002574921),(0.0128950004577637,
-0.0481100006103516,0.),(0.0128950004577637,-0.0481100006103516,0.00199800002574921),
(0.0128950004577637,-0.0468899993896484,0.),(0.0128950004577637,-0.0468899993896484,
0.00199800002574921),(0.0129670000076294,-0.0480009994506836,0.),(0.0129670000076294,
-0.0480009994506836,0.00199800002574921),(0.0129670000076294,-0.0469990005493164,
0.),(0.0129670000076294,-0.0469990005493164,0.00199800002574921),(0.0130249996185303,
-0.047882999420166,0.),(0.0130249996185303,-0.047882999420166,0.00199800002574921),
(0.0130249996185303,-0.047117000579834,0.),(0.0130249996185303,-0.047117000579834,
0.00199800002574921),(0.0130679998397827,-0.0477589988708496,0.),(0.0130679998397827,
-0.0477589988708496,0.00199800002574921),(0.0130679998397827,-0.0472410011291504,
0.),(0.0130679998397827,-0.0472410011291504,0.00199800002574921),(0.0130930004119873,
-0.0476310005187988,0.),(0.0130930004119873,-0.0476310005187988,0.00199800002574921),
(0.0130930004119873,-0.0473689994812012,0.),(0.0130930004119873,-0.0473689994812012,
0.00199800002574921),(0.0131020002365112,-0.0475,0.),(0.0131020002365112,
-0.0475,0.00199800002574921),(0.0160200004577636,-0.0111330003738403,0.00199800002574921),
(0.0160200004577636,-0.007,0.00199800002574921),(0.0161011104583741,-0.0109469995498657,
0.00200200009346009),(0.0163647212982177,-0.0107629995346069,0.00201500010490418),
(0.0163850002288819,-0.0107548179626465,0.00201600003242492),(0.0163850002288819,
-0.007,0.00201600003242492),(0.0165213088989258,-0.0105830001831055,0.0020369999408722),
(0.0167225265502929,-0.0104069995880127,0.0020680000782013),(0.016742000579834,
-0.0103937368392944,0.00207100009918213),(0.016742000579834,-0.007,0.00207100009918213),
(0.0168734436035156,-0.0102390003204346,0.00210599994659424),(0.017049955368042,
-0.0100799999237061,0.00215300011634826),(0.017079999923706,-0.0100573587417603,
0.00216100001335144),(0.017079999923706,-0.007,0.00216100001335144),(0.0171941471099854,
-0.00993000030517578,0.00220600008964539),(0.0173488788604736,-0.00979300022125244,
0.00226699995994568),(0.0173920001983642,-0.00976128387451172,0.00228399991989136),
(0.0173920001983642,-0.007,0.00228399991989136),(0.0174831771850586,-0.00966800022125244,
0.00233400011062622),(0.0176144714355469,-0.00955700016021729,0.00240599989891053),
(0.0176709995269776,-0.00951884651184082,0.00243700003623962),(0.0176709995269776,
-0.007,0.00243700003623962),(0.017733491897583,-0.00946100044250488,0.00248399996757507),
(0.0178411903381347,-0.00938199996948242,0.00256500005722046),(0.0179090003967285,
-0.00934420013427734,0.0026159999370575),(0.0179090003967285,-0.007,0.0026159999370575),
(0.0179413089752198,-0.00931900024414063,0.00265000009536743),(0.0180249309539795,
-0.00927400016784668,0.00273799991607666),(0.0181000003814698,-0.00925003337860107,
0.00281699991226196),(0.0181000003814698,-0.007,0.00281699991226196),(0.0181064510345459,
-0.00924699974060059,0.00282699990272522),(0.0181645164489746,-0.00923799991607666,
0.00291700005531311),(0.0182399997711182,-0.00923799991607666,0.00303399991989136),
(0.0182399997711182,-0.007,0.00303399991989136),(0.018326000213623,-0.00923799991607666,
0.00326300001144409),(0.018326000213623,-0.007,0.00326300001144409),(0.0183540000915528,
-0.00923799991607666,0.00349799990653992),(0.0183540000915528,-0.00923799991607666,
0.0069980001449585),(0.0183540000915528,-0.007,0.00349799990653992),(0.0183540000915528,
-0.007,0.0069980001449585),(0.018867000579834,-0.0607630004882813,0.0069980001449585),
(0.018867000579834,-0.0607630004882812,0.00291700005531311),(0.018867000579834,
-0.0607529983520508,0.00282699990272522),(0.018867000579834,-0.060726001739502,
0.00273799991607666),(0.018867000579834,-0.0606809997558594,0.00265000009536743),
(0.018867000579834,-0.0606180000305176,0.00256500005722046),(0.018867000579834,
-0.0605390014648438,0.00248399996757507),(0.018867000579834,-0.060443000793457,
0.00240599989891053),(0.018867000579834,-0.0603320007324219,0.00233400011062622),
(0.018867000579834,-0.0602070007324219,0.00226699995994568),(0.018867000579834,
-0.0600699996948242,0.00220600008964539),(0.018867000579834,-0.0599199981689453,
0.00215300011634826),(0.018867000579834,-0.0597610015869141,0.00210599994659424),
(0.018867000579834,-0.0595929985046387,0.0020680000782013),(0.018867000579834,
-0.0594169998168945,0.0020369999408722),(0.018867000579834,-0.0592369995117187,
0.00201500010490418),(0.018867000579834,-0.0590530014038086,0.00200200009346009),
(0.018867000579834,-0.058867000579834,0.00199800002574921),(0.018867000579834,
-0.0111330003738403,0.00199800002574921),(0.018867000579834,-0.0109469995498657,
0.00200200009346009),(0.018867000579834,-0.0107629995346069,0.00201500010490418),
(0.018867000579834,-0.0105830001831055,0.0020369999408722),(0.018867000579834,
-0.0104069995880127,0.0020680000782013),(0.018867000579834,-0.0102390003204346,
0.00210599994659424),(0.018867000579834,-0.010079999923706,0.00215300011634826),
(0.018867000579834,-0.00993000030517578,0.00220600008964539),(0.018867000579834,
-0.00979300022125244,0.00226699995994568),(0.018867000579834,-0.00966800022125244,
0.00233400011062622),(0.018867000579834,-0.00955700016021729,0.00240599989891053),
(0.018867000579834,-0.00946100044250488,0.00248399996757507),(0.018867000579834,
-0.00938199996948242,0.00256500005722046),(0.018867000579834,-0.00931900024414063,
0.00265000009536743),(0.018867000579834,-0.00927400016784668,0.00273799991607666),
(0.018867000579834,-0.00924699974060059,0.00282699990272522),(0.018867000579834,
-0.00923799991607666,0.00291700005531311),(0.018867000579834,-0.00923799991607666,
0.0069980001449585),(0.0188859996795654,-0.0590519981384277,0.00200200009346009),
(0.0188859996795654,-0.0109479999542236,0.00200200009346009),(0.0189039993286133,
-0.0592350006103516,0.00201500010490418),(0.0189039993286133,-0.0590499992370605,
0.00200200009346009),(0.0189039993286133,-0.0109499998092651,0.00200200009346009),
(0.0189039993286133,-0.0107650003433227,0.00201500010490418),(0.0189209995269775,
-0.0594150009155273,0.0020369999408722),(0.0189209995269775,-0.0590449981689453,
0.00200200009346009),(0.0189209995269775,-0.010954999923706,0.00200200009346009),
(0.0189209995269775,-0.010585000038147,0.0020369999408722),(0.0189379997253418,
-0.0595890007019043,0.0020680000782013),(0.0189379997253418,-0.0590390014648438,
0.00200200009346009),(0.0189379997253418,-0.0109610004425049,0.00200200009346009),
(0.0189379997253418,-0.01041100025177,0.0020680000782013),(0.0189389991760254,
-0.0592299995422363,0.00201500010490418),(0.0189389991760254,-0.0107700004577637,
0.00201500010490418),(0.018954999923706,-0.0597560005187988,0.00210599994659424),
(0.018954999923706,-0.0590309982299805,0.00200200009346009),(0.018954999923706,
-0.0109689998626709,0.00200200009346009),(0.018954999923706,-0.0102440004348755,
0.00210599994659424),(0.0189710006713867,-0.0599150009155274,0.00215300011634826),
(0.0189710006713867,-0.0590219993591309,0.00200200009346009),(0.0189710006713867,
-0.0109779996871948,0.00200200009346009),(0.0189710006713867,-0.010085000038147,
0.00215300011634826),(0.0189750003814698,-0.0594070014953613,0.0020369999408722),
(0.0189750003814698,-0.0592210006713867,0.00201500010490418),(0.0189750003814698,
-0.0107790002822876,0.00201500010490418),(0.0189750003814698,-0.0105930004119873,
0.0020369999408722),(0.0189850006103515,-0.0600639991760254,0.00220600008964539),
(0.0189850006103515,-0.0590110015869141,0.00200200009346009),(0.0189850006103515,
-0.0109890003204346,0.00200200009346009),(0.0189850006103515,-0.00993599987030029,
0.00220600008964539),(0.0189990005493164,-0.0602010002136231,0.00226699995994568),
(0.0189990005493164,-0.0589990005493164,0.00200200009346009),(0.0189990005493164,
-0.0110010004043579,0.00200200009346009),(0.0189990005493164,-0.00979899978637695,
0.00226699995994568),(0.0190090007781983,-0.0595789985656738,0.0020680000782013),
(0.0190090007781983,-0.0592089996337891,0.00201500010490418),(0.0190090007781983,
-0.0107910003662109,0.00201500010490418),(0.0190090007781983,-0.0104209995269775,
0.0020680000782013),(0.0190109996795654,-0.0603250007629395,0.00233400011062622),
(0.0190109996795654,-0.0589850006103516,0.00200200009346009),(0.0190109996795654,
-0.0110150003433228,0.00200200009346009),(0.0190109996795654,-0.00967500019073486,
0.00233400011062622),(0.0190219993591308,-0.0604360008239746,0.00240599989891053),
(0.0190219993591308,-0.0589710006713867,0.00200200009346009),(0.0190219993591308,
-0.0110290002822876,0.00200200009346009),(0.0190219993591308,-0.00956400012969971,
0.00240599989891053),(0.0190270004272461,-0.0593940010070801,0.0020369999408722),
(0.0190270004272461,-0.0106059999465942,0.0020369999408722),(0.0190310001373291,
-0.0605309982299805,0.00248399996757507),(0.0190310001373291,-0.0589550018310547,
0.00200200009346009),(0.0190310001373291,-0.0110450000762939,0.00200200009346009),
(0.0190310001373291,-0.0094689998626709,0.00248399996757507),(0.0190389995574951,
-0.0606100006103516,0.00256500005722046),(0.0190389995574951,-0.0589379997253418,
0.00200200009346009),(0.0190389995574951,-0.0110620002746582,0.00200200009346009),
(0.0190389995574951,-0.00939000034332275,0.00256500005722046),(0.0190419998168946,
-0.0597439994812012,0.00210599994659424),(0.0190419998168946,-0.059193000793457,
0.00201500010490418),(0.0190419998168946,-0.0108070001602173,0.00201500010490418),
(0.0190419998168946,-0.0102559995651245,0.00210599994659424),(0.0190450000762939,
-0.0606720008850098,0.00265000009536743),(0.0190450000762939,-0.0589210014343262,
0.00200200009346009),(0.0190450000762939,-0.0110790004730225,0.00200200009346009),
(0.0190450000762939,-0.00932800006866455,0.00265000009536743),(0.0190499992370605,
-0.0607169990539551,0.00273799991607666),(0.0190499992370605,-0.0589039993286133,
0.00200200009346009),(0.0190499992370605,-0.0110959997177124,0.00200200009346009),
(0.0190499992370605,-0.0092829999923706,0.00273799991607666),(0.0190520000457764,
-0.0607439994812012,0.00282699990272522),(0.0190520000457764,-0.0588860015869141,
0.00200200009346009),(0.0190520000457764,-0.0111140003204346,0.00200200009346009),
(0.0190520000457764,-0.00925599956512451,0.00282699990272522),(0.01905299949646,
-0.0607529983520508,0.00291700005531311),(0.01905299949646,-0.0607529983520508,
0.0069980001449585),(0.01905299949646,-0.058867000579834,0.00200200009346009),
(0.01905299949646,-0.0111330003738403,0.00200200009346009),(0.01905299949646,
-0.00924699974060059,0.00291700005531311),(0.01905299949646,-0.00924699974060059,
0.0069980001449585),(0.0190729999542236,-0.0599000015258789,0.00215300011634826),
(0.0190729999542236,-0.0591749992370606,0.00201500010490418),(0.0190729999542236,
-0.0108249998092651,0.00201500010490418),(0.0190729999542236,-0.0101000003814697,
0.00215300011634826),(0.0190779991149903,-0.0595610008239746,0.0020680000782013),
(0.0190779991149903,-0.0593759994506836,0.0020369999408722),(0.0190779991149903,
-0.0106239995956421,0.0020369999408722),(0.0190779991149903,-0.0104390001296997,
0.0020680000782013),(0.0191019992828369,-0.0600470008850098,0.00220600008964539),
(0.0191019992828369,-0.0591529998779297,0.00201500010490418),(0.0191019992828369,
-0.0108470001220703,0.00201500010490418),(0.0191019992828369,-0.00995300006866455,
0.00220600008964539),(0.0191270008087158,-0.0597220001220703,0.00210599994659424),
(0.0191270008087158,-0.0593530006408691,0.0020369999408722),(0.0191270008087158,
-0.0106470003128052,0.0020369999408722),(0.0191270008087158,-0.0102779998779297,
0.00210599994659424),(0.019128999710083,-0.060181999206543,0.00226699995994568),
(0.019128999710083,-0.0591290016174316,0.00201500010490418),(0.019128999710083,
-0.010871000289917,0.00201500010490418),(0.019128999710083,-0.00981799983978271,
0.00226699995994568),(0.0191450004577637,-0.0595369987487793,0.0020680000782013),
(0.0191450004577637,-0.0104630002975464,0.0020680000782013),(0.0191529998779297,
-0.0603040008544922,0.00233400011062622),(0.0191529998779297,-0.0591020011901856,
0.00201500010490418),(0.0191529998779297,-0.0108979997634888,0.00201500010490418),
(0.0191529998779297,-0.00969600009918213,0.00233400011062622),(0.0191730003356933,
-0.059875,0.00215300011634826),(0.0191730003356933,-0.0593250007629395,
0.0020369999408722),(0.0191730003356933,-0.0106750001907349,0.0020369999408722),
(0.0191730003356933,-0.010125,0.00215300011634826),(0.0191749992370605,
-0.0604129981994629,0.00240599989891053),(0.0191749992370605,-0.0590730018615723,
0.00201500010490418),(0.0191749992370605,-0.0109270000457764,0.00201500010490418),
(0.0191749992370605,-0.00958699989318848,0.00240599989891053),(0.0191930007934571,
-0.0605069999694824,0.00248399996757507),(0.0191930007934571,-0.0590419998168945,
0.00201500010490418),(0.0191930007934571,-0.0109580001831055,0.00201500010490418),
(0.0191930007934571,-0.00949300003051758,0.00248399996757507),(0.019208999633789,
-0.0605849990844727,0.00256500005722046),(0.019208999633789,-0.059693000793457,
0.00210599994659424),(0.019208999633789,-0.0595069999694824,0.0020680000782013),
(0.019208999633789,-0.0590089988708496,0.00201500010490418),(0.019208999633789,
-0.0109910001754761,0.00201500010490418),(0.019208999633789,-0.0104930000305176,
0.0020680000782013),(0.019208999633789,-0.0103070001602173,0.00210599994659424),
(0.019208999633789,-0.00941499996185303,0.00256500005722046),(0.0192159996032715,
-0.0600180015563965,0.00220600008964539),(0.0192159996032715,-0.0592929992675781,
0.0020369999408722),(0.0192159996032715,-0.0107069997787476,0.0020369999408722),
(0.0192159996032715,-0.00998200035095215,0.00220600008964539),(0.0192210006713867,
-0.0606459999084473,0.00265000009536743),(0.0192210006713867,-0.0589749984741211,
0.00201500010490418),(0.0192210006713867,-0.0110249996185303,0.00201500010490418),
(0.0192210006713867,-0.00935400009155274,0.00265000009536743),(0.0192299995422364,
-0.060689998626709,0.00273799991607666),(0.0192299995422364,-0.0589389991760254,
0.00201500010490418),(0.0192299995422364,-0.0110609998703003,0.00201500010490418),
(0.0192299995422364,-0.0093100004196167,0.00273799991607666),(0.0192350006103515,
-0.0607169990539551,0.00282699990272522),(0.0192350006103515,-0.0589039993286133,
0.00201500010490418),(0.0192350006103515,-0.0110959997177124,0.00201500010490418),
(0.0192350006103515,-0.0092829999923706,0.00282699990272522),(0.0192369995117188,
-0.060726001739502,0.00291700005531311),(0.0192369995117188,-0.060726001739502,
0.0069980001449585),(0.0192369995117188,-0.058867000579834,0.00201500010490418),
(0.0192369995117188,-0.0111330003738403,0.00201500010490418),(0.0192369995117188,
-0.00927400016784668,0.00291700005531311),(0.0192369995117188,-0.00927400016784668,
0.0069980001449585),(0.0192560005187988,-0.0601500015258789,0.00226699995994568),
(0.0192560005187988,-0.0592560005187988,0.0020369999408722),(0.0192560005187988,
-0.0107440004348755,0.0020369999408722),(0.0192560005187988,-0.00985000038146973,
0.00226699995994568),(0.0192700004577637,-0.0598400001525879,0.00215300011634826),
(0.0192700004577637,-0.0594700012207031,0.0020680000782013),(0.0192700004577637,
-0.0105299997329712,0.0020680000782013),(0.0192700004577637,-0.0101599998474121,
0.00215300011634826),(0.0192880001068116,-0.0596549987792969,0.00210599994659424),
(0.0192880001068116,-0.0103450002670288,0.00210599994659424),(0.0192929992675781,
-0.0602690010070801,0.00233400011062622),(0.0192929992675781,-0.0592159996032715,
0.0020369999408722),(0.0192929992675781,-0.0107840003967285,0.0020369999408722),
(0.0192929992675781,-0.00973099994659424,0.00233400011062622),(0.0193250007629394,
-0.060375,0.00240599989891053),(0.0193250007629394,-0.0591730003356934,
0.0020369999408722),(0.0193250007629394,-0.0108269996643066,0.0020369999408722),
(0.0193250007629394,-0.009625,0.00240599989891053),(0.0193269996643066,
-0.0599780006408691,0.00220600008964539),(0.0193269996643066,-0.0594280014038086,
0.0020680000782013),(0.0193269996643066,-0.0105719995498657,0.0020680000782013),
(0.0193269996643066,-0.0100220003128052,0.00220600008964539),(0.0193530006408691,
-0.0604669990539551,0.00248399996757507),(0.0193530006408691,-0.0591269989013672,
0.0020369999408722),(0.0193530006408691,-0.0108730001449585,0.0020369999408722),
(0.0193530006408691,-0.0095329999923706,0.00248399996757507),(0.0193640003204346,
-0.0597960014343262,0.00215300011634826),(0.0193640003204346,-0.0596100006103516,
0.00210599994659424),(0.0193640003204346,-0.0103900003433227,0.00210599994659424),
(0.0193640003204346,-0.0102040004730225,0.00215300011634826),(0.0193759994506836,
-0.0605429992675781,0.00256500005722046),(0.0193759994506836,-0.0590779991149903,
0.0020369999408722),(0.0193759994506836,-0.0109219999313354,0.0020369999408722),
(0.0193759994506836,-0.00945699977874756,0.00256500005722046),(0.0193799991607666,
-0.0601049995422363,0.00226699995994568),(0.0193799991607666,-0.0593800010681152,
0.0020680000782013),(0.0193799991607666,-0.0106199998855591,0.0020680000782013),
(0.0193799991607666,-0.00989500045776367,0.00226699995994568),(0.0193939990997314,
-0.0606030006408692,0.00265000009536743),(0.0193939990997314,-0.0590270004272461,
0.0020369999408722),(0.0193939990997314,-0.0109729995727539,0.0020369999408722),
(0.0193939990997314,-0.00939700031280517,0.00265000009536743),(0.0194069995880127,
-0.0606459999084473,0.00273799991607666),(0.0194069995880127,-0.0589749984741211,
0.0020369999408722),(0.0194069995880127,-0.0110249996185303,0.0020369999408722),
(0.0194069995880127,-0.00935400009155274,0.00273799991607666),(0.0194150009155274,
-0.0606720008850098,0.00282699990272522),(0.0194150009155274,-0.0589210014343262,
0.0020369999408722),(0.0194150009155274,-0.0110790004730225,0.0020369999408722),
(0.0194150009155274,-0.00932800006866455,0.00282699990272522),(0.0194169998168945,
-0.0606809997558594,0.00291700005531311),(0.0194169998168945,-0.0606809997558594,
0.0069980001449585),(0.0194169998168945,-0.058867000579834,0.0020369999408722),
(0.0194169998168945,-0.0111330003738403,0.0020369999408722),(0.0194169998168945,
-0.00931900024414063,0.00291700005531311),(0.0194169998168945,-0.00931900024414063,
0.0069980001449585),(0.01942799949646,-0.0602210006713867,0.00233400011062622),
(0.01942799949646,-0.0593269996643067,0.0020680000782013),(0.01942799949646,
-0.0106730003356934,0.0020680000782013),(0.01942799949646,-0.0097790002822876,
0.00233400011062622),(0.0194340000152588,-0.0599280014038086,0.00220600008964539),
(0.0194340000152588,-0.0595579986572266,0.00210599994659424),(0.0194340000152588,
-0.0104420003890991,0.00210599994659424),(0.0194340000152588,-0.0100719995498657,
0.00220600008964539),(0.0194519996643066,-0.0597430000305176,0.00215300011634826),
(0.0194519996643066,-0.0102569999694824,0.00215300011634826),(0.0194699993133545,
-0.0603230018615723,0.00240599989891053),(0.0194699993133545,-0.0592700004577637,
0.0020680000782013),(0.0194699993133545,-0.0107299995422363,0.0020680000782013),
(0.0194699993133545,-0.00967700004577637,0.00240599989891053),(0.0194990005493164,
-0.060048999786377,0.00226699995994568),(0.0194990005493164,-0.0594990005493164,
0.00210599994659424),(0.0194990005493164,-0.0105010004043579,0.00210599994659424),
(0.0194990005493164,-0.00995100021362305,0.00226699995994568),(0.0195069999694824,
-0.0604109992980957,0.00248399996757507),(0.0195069999694824,-0.0592089996337891,
0.0020680000782013),(0.0195069999694824,-0.0107910003662109,0.0020680000782013),
(0.0195069999694824,-0.00958899974822998,0.00248399996757507),(0.0195349998474121,
-0.059867000579834,0.00220600008964539),(0.0195349998474121,-0.0596809997558594,
0.00215300011634826),(0.0195349998474121,-0.0103190002441406,0.00215300011634826),
(0.0195349998474121,-0.0101330003738403,0.00220600008964539),(0.0195370006561279,
-0.0604850006103516,0.00256500005722046),(0.0195370006561279,-0.0591450004577637,
0.0020680000782013),(0.0195370006561279,-0.0108549995422363,0.0020680000782013),
(0.0195370006561279,-0.00951500034332275,0.00256500005722046),(0.0195580005645752,
-0.0601590003967285,0.00233400011062622),(0.0195580005645752,-0.0594339981079102,
0.00210599994659424),(0.0195580005645752,-0.0105659999847412,0.00210599994659424),
(0.0195580005645752,-0.00984099960327148,0.00233400011062622),(0.0195610008239746,
-0.0605429992675781,0.00265000009536743),(0.0195610008239746,-0.0590779991149902,
0.0020680000782013),(0.0195610008239746,-0.0109219999313354,0.0020680000782013),
(0.0195610008239746,-0.00945699977874756,0.00265000009536743),(0.0195790004730225,
-0.0605849990844727,0.00273799991607666),(0.0195790004730225,-0.0590089988708496,
0.0020680000782013),(0.0195790004730225,-0.0109910001754761,0.0020680000782013),
(0.0195790004730225,-0.00941499996185303,0.00273799991607666),(0.0195890007019043,
-0.0606100006103516,0.00282699990272522),(0.0195890007019043,-0.0589379997253418,
0.0020680000782013),(0.0195890007019043,-0.0110620002746582,0.0020680000782013),
(0.0195890007019043,-0.00939000034332275,0.00282699990272522),(0.0195930004119873,
-0.0606180000305176,0.00291700005531311),(0.0195930004119873,-0.0606180000305176,
0.0069980001449585),(0.0195930004119873,-0.058867000579834,0.0020680000782013),
(0.0195930004119873,-0.0111330003738403,0.0020680000782013),(0.0195930004119873,
-0.00938199996948242,0.00291700005531311),(0.0195930004119873,-0.00938199996948242,
0.0069980001449585),(0.0196100006103515,-0.0602569999694824,0.00240599989891053),
(0.0196100006103515,-0.0593639984130859,0.00210599994659424),(0.0196100006103515,
-0.0106359996795654,0.00210599994659424),(0.0196100006103515,-0.00974300003051758,
0.00240599989891053),(0.0196119995117187,-0.0599819984436035,0.00226699995994568),
(0.0196119995117187,-0.0596119995117188,0.00215300011634826),(0.0196119995117187,
-0.0103879995346069,0.00215300011634826),(0.0196119995117187,-0.0100179996490478,
0.00226699995994568),(0.0196299991607666,-0.0597970008850098,0.00220600008964539),
(0.0196299991607666,-0.0102030000686645,0.00220600008964539),(0.0196550006866455,
-0.0603409996032715,0.00248399996757507),(0.0196550006866455,-0.0592879981994629,
0.00210599994659424),(0.0196550006866455,-0.0107119998931885,0.00210599994659424),
(0.0196550006866455,-0.00965900039672851,0.00248399996757507),(0.0196809997558594,
-0.0600849990844727,0.00233400011062622),(0.0196809997558594,-0.0595349998474121,
0.00215300011634826),(0.0196809997558594,-0.0104650001525879,0.00215300011634826),
(0.0196809997558594,-0.00991499996185303,0.00233400011062622),(0.0196930007934571,
-0.0604109992980957,0.00256500005722046),(0.0196930007934571,-0.0592089996337891,
0.00210599994659424),(0.0196930007934571,-0.0107910003662109,0.00210599994659424),
(0.0196930007934571,-0.00958899974822998,0.00256500005722046),(0.0197169990539551,
-0.0599029998779297,0.00226699995994568),(0.0197169990539551,-0.0597169990539551,
0.00220600008964539),(0.0197169990539551,-0.0102829999923706,0.00220600008964539),
(0.0197169990539551,-0.0100970001220703,0.00226699995994568),(0.0197220001220703,
-0.0604669990539551,0.00265000009536743),(0.0197220001220703,-0.0591269989013672,
0.00210599994659424),(0.0197220001220703,-0.0108730001449585,0.00210599994659424),
(0.0197220001220703,-0.0095329999923706,0.00265000009536743),(0.0197430000305176,
-0.0601780014038086,0.00240599989891053),(0.0197430000305176,-0.0594519996643066,
0.00215300011634826),(0.0197430000305176,-0.0105480003356934,0.00215300011634826),
(0.0197430000305176,-0.00982199954986572,0.00240599989891053),(0.0197439994812012,
-0.0605069999694824,0.00273799991607666),(0.0197439994812012,-0.0590419998168945,
0.00210599994659424),(0.0197439994812012,-0.0109580001831055,0.00210599994659424),
(0.0197439994812012,-0.00949300003051758,0.00273799991607666),(0.0197560005187989,
-0.0605309982299805,0.00282699990272522),(0.0197560005187989,-0.0589550018310547,
0.00210599994659424),(0.0197560005187989,-0.0110450000762939,0.00210599994659424),
(0.0197560005187989,-0.0094689998626709,0.00282699990272522),(0.0197609996795655,
-0.0605390014648438,0.0069980001449585),(0.0197609996795655,-0.0605390014648437,
0.00291700005531311),(0.0197609996795655,-0.058867000579834,0.00210599994659424),
(0.0197609996795655,-0.0111330003738403,0.00210599994659424),(0.0197609996795655,
-0.00946100044250488,0.00291700005531311),(0.0197609996795655,-0.00946100044250488,
0.0069980001449585),(0.0197959995269776,-0.0602569999694824,0.00248399996757507),
(0.0197959995269776,-0.0593639984130859,0.00215300011634826),(0.0197959995269776,
-0.0106359996795654,0.00215300011634826),(0.0197959995269776,-0.00974300003051758,
0.00248399996757507),(0.0197970008850097,-0.06,0.00233400011062622),(0.0197970008850097,
-0.0596300010681152,0.00220600008964539),(0.0197970008850097,-0.0103699998855591,
0.00220600008964539),(0.0197970008850097,-0.01,0.00233400011062622),(0.0198150005340576,
-0.059814998626709,0.00226699995994568),(0.0198150005340576,-0.0101850004196167,
0.00226699995994568),(0.0198400001525879,-0.0603230018615723,0.00256500005722046),
(0.0198400001525879,-0.0592700004577637,0.00215300011634826),(0.0198400001525879,
-0.0107299995422363,0.00215300011634826),(0.0198400001525879,-0.00967700004577637,
0.00256500005722046),(0.019867000579834,-0.0600849990844727,0.00240599989891053),
(0.019867000579834,-0.0595349998474121,0.00220600008964539),(0.019867000579834,
-0.0104650001525879,0.00220600008964539),(0.019867000579834,-0.00991499996185303,
0.00240599989891053),(0.019875,-0.060375,0.00265000009536743),(0.019875,
-0.0591730003356934,0.00215300011634826),(0.019875,-0.0108269996643066,
0.00215300011634826),(0.019875,-0.009625,0.00265000009536743),(0.0198999996185302,
-0.0604129981994629,0.00273799991607666),(0.0198999996185302,-0.0590730018615723,
0.00215300011634826),(0.0198999996185302,-0.0109270000457764,0.00215300011634826),
(0.0198999996185302,-0.00958699989318848,0.00273799991607666),(0.0199029998779297,
-0.0599029998779297,0.00233400011062622),(0.0199029998779297,-0.0597169990539551,
0.00226699995994568),(0.0199029998779297,-0.0102829999923706,0.00226699995994568),
(0.0199029998779297,-0.0100970001220703,0.00233400011062622),(0.0199150009155274,
-0.0604360008239746,0.00282699990272522),(0.0199150009155274,-0.0589710006713867,
0.00215300011634826),(0.0199150009155274,-0.0110290002822876,0.00215300011634826),
(0.0199150009155274,-0.00956400012969971,0.00282699990272522),(0.019920000076294,
-0.060443000793457,0.00291700005531311),(0.019920000076294,-0.060443000793457,
0.0069980001449585),(0.019920000076294,-0.058867000579834,0.00215300011634826),
(0.019920000076294,-0.0111330003738403,0.00215300011634826),(0.019920000076294,
-0.00955700016021729,0.00291700005531311),(0.019920000076294,-0.00955700016021729,
0.0069980001449585),(0.01992799949646,-0.0601590003967285,0.00248399996757507),
(0.01992799949646,-0.0594339981079102,0.00220600008964539),(0.01992799949646,
-0.0105659999847412,0.00220600008964539),(0.01992799949646,-0.00984099960327148,
0.00248399996757507),(0.0199780006408691,-0.0602210006713867,0.00256500005722046),
(0.0199780006408691,-0.0593269996643067,0.00220600008964539),(0.0199780006408691,
-0.0106730003356934,0.00220600008964539),(0.0199780006408691,-0.0097790002822876,
0.00256500005722046),(0.0199820003509522,-0.0599819984436035,0.00240599989891053),
(0.0199820003509522,-0.0596119995117188,0.00226699995994568),(0.0199820003509522,
-0.0103879995346069,0.00226699995994568),(0.0199820003509522,-0.0100179996490478,
0.00240599989891053),(0.02,-0.0597970008850098,0.00233400011062622),(0.02,
-0.0102030000686645,0.00233400011062622),(0.0200179996490478,-0.0602690010070801,
0.00265000009536743),(0.0200179996490478,-0.0592159996032715,0.00220600008964539),
(0.0200179996490478,-0.0107840003967285,0.00220600008964539),(0.0200179996490478,
-0.00973099994659424,0.00265000009536743),(0.0200470008850097,-0.0603040008544922,
0.00273799991607666),(0.0200470008850097,-0.0591020011901856,0.00220600008964539),
(0.0200470008850097,-0.0108979997634888,0.00220600008964539),(0.0200470008850097,
-0.00969600009918213,0.00273799991607666),(0.020048999786377,-0.060048999786377,
0.00248399996757507),(0.020048999786377,-0.0594990005493164,0.00226699995994568),
(0.020048999786377,-0.0105010004043579,0.00226699995994568),(0.020048999786377,
-0.00995100021362305,0.00248399996757507),(0.0200639991760254,-0.0603250007629395,
0.00282699990272522),(0.0200639991760254,-0.0589850006103516,0.00220600008964539),
(0.0200639991760254,-0.0110150003433228,0.00220600008964539),(0.0200639991760254,
-0.00967500019073486,0.00282699990272522),(0.0200699996948242,-0.0603320007324219,
0.00291700005531311),(0.0200699996948242,-0.058867000579834,0.00220600008964539),
(0.0200699996948242,-0.0111330003738403,0.00220600008964539),(0.0200699996948242,
-0.00966800022125244,0.00291700005531311),(0.0200699996948242,-0.0603320007324219,
0.0069980001449585),(0.0200699996948242,-0.00966800022125244,0.0069980001449585),
(0.0200849990844727,-0.059867000579834,0.00240599989891053),(0.0200849990844727,
-0.0596809997558594,0.00233400011062622),(0.0200849990844727,-0.0103190002441406,
0.00233400011062622),(0.0200849990844727,-0.0101330003738403,0.00240599989891053),
(0.0201049995422364,-0.0601049995422363,0.00256500005722046),(0.0201049995422364,
-0.0593800010681152,0.00226699995994568),(0.0201049995422364,-0.0106199998855591,
0.00226699995994568),(0.0201049995422364,-0.00989500045776367,0.00256500005722046),
(0.0201499996185303,-0.0601500015258789,0.00265000009536743),(0.0201499996185303,
-0.0592560005187988,0.00226699995994568),(0.0201499996185303,-0.0107440004348755,
0.00226699995994568),(0.0201499996185303,-0.00985000038146973,0.00265000009536743),
(0.0201590003967285,-0.0599280014038086,0.00248399996757507),(0.0201590003967285,
-0.0595579986572266,0.00233400011062622),(0.0201590003967285,-0.0104420003890991,
0.00233400011062622),(0.0201590003967285,-0.0100719995498657,0.00248399996757507),
(0.02017799949646,-0.0597430000305176,0.00240599989891053),(0.02017799949646,
-0.0102569999694824,0.00240599989891053),(0.0201819992065429,-0.060181999206543,
0.00273799991607666),(0.0201819992065429,-0.0591290016174316,0.00226699995994568),
(0.0201819992065429,-0.010871000289917,0.00226699995994568),(0.0201819992065429,
-0.00981799983978271,0.00273799991607666),(0.0202010002136231,-0.0602010002136231,
0.00282699990272522),(0.0202010002136231,-0.0589990005493164,0.00226699995994568),
(0.0202010002136231,-0.0110010004043579,0.00226699995994568),(0.0202010002136231,
-0.00979899978637695,0.00282699990272522),(0.0202070007324219,-0.0602070007324219,
0.00291700005531311),(0.0202070007324219,-0.0602070007324219,0.0069980001449585),
(0.0202070007324219,-0.058867000579834,0.00226699995994568),(0.0202070007324219,
-0.0111330003738403,0.00226699995994568),(0.0202070007324219,-0.00979300022125244,
0.00291700005531311),(0.0202070007324219,-0.00979300022125244,0.0069980001449585),
(0.0202210006713867,-0.0599780006408691,0.00256500005722046),(0.0202210006713867,
-0.0594280014038086,0.00233400011062622),(0.0202210006713867,-0.0105719995498657,
0.00233400011062622),(0.0202210006713867,-0.0100220003128052,0.00256500005722046),
(0.0202569999694824,-0.0597960014343262,0.00248399996757507),(0.0202569999694824,
-0.0596100006103516,0.00240599989891053),(0.0202569999694824,-0.0103900003433227,
0.00240599989891053),(0.0202569999694824,-0.0102040004730225,0.00248399996757507),
(0.0202689990997314,-0.0600180015563965,0.00265000009536743),(0.0202689990997314,
-0.0592929992675781,0.00233400011062622),(0.0202689990997314,-0.0107069997787476,
0.00233400011062622),(0.0202689990997314,-0.00998200035095215,0.00265000009536743),
(0.0203040008544922,-0.0600470008850098,0.00273799991607666),(0.0203040008544922,
-0.0591529998779297,0.00233400011062622),(0.0203040008544922,-0.0108470001220703,
0.00233400011062622),(0.0203040008544922,-0.00995300006866455,0.00273799991607666),
(0.0203229999542236,-0.0598400001525879,0.00256500005722046),(0.0203229999542236,
-0.0594700012207031,0.00240599989891053),(0.0203229999542236,-0.0105299997329712,
0.00240599989891053),(0.0203229999542236,-0.0101599998474121,0.00256500005722046),
(0.0203250007629395,-0.0600639991760254,0.00282699990272522),(0.0203250007629395,
-0.0590110015869141,0.00233400011062622),(0.0203250007629395,-0.0109890003204346,
0.00233400011062622),(0.0203250007629395,-0.00993599987030029,0.00282699990272522),
(0.0203320007324219,-0.0600699996948242,0.0069980001449585),(0.0203320007324219,
-0.00993000030517578,0.0069980001449585),(0.0203320007324219,-0.0600699996948242,
0.00291700005531311),(0.0203320007324219,-0.058867000579834,0.00233400011062622),
(0.0203320007324219,-0.0111330003738403,0.00233400011062622),(0.0203320007324219,
-0.00993000030517578,0.00291700005531311),(0.0203409996032715,-0.0596549987792969,
0.00248399996757507),(0.0203409996032715,-0.0103450002670288,0.00248399996757507),
(0.020375,-0.059875,0.00265000009536743),(0.020375,-0.0593250007629395,
0.00240599989891053),(0.020375,-0.0106750001907349,0.00240599989891053),
(0.020375,-0.010125,0.00265000009536743),(0.0204109992980957,-0.059693000793457,
0.00256500005722046),(0.0204109992980957,-0.0595069999694824,0.00248399996757507),
(0.0204109992980957,-0.0104930000305176,0.00248399996757507),(0.0204109992980957,
-0.0103070001602173,0.00256500005722046),(0.0204130001068115,-0.0599000015258789,
0.00273799991607666),(0.0204130001068115,-0.0591749992370606,0.00240599989891053),
(0.0204130001068115,-0.0108249998092651,0.00240599989891053),(0.0204130001068115,
-0.0101000003814697,0.00273799991607666),(0.0204360008239746,-0.0599150009155274,
0.00282699990272522),(0.0204360008239746,-0.0590219993591309,0.00240599989891053),
(0.0204360008239746,-0.0109779996871948,0.00240599989891053),(0.0204360008239746,
-0.010085000038147,0.00282699990272522),(0.020443000793457,-0.0599199981689453,
0.00291700005531311),(0.020443000793457,-0.0599199981689453,0.0069980001449585),
(0.020443000793457,-0.058867000579834,0.00240599989891053),(0.020443000793457,
-0.0111330003738403,0.00240599989891053),(0.020443000793457,-0.0100799999237061,
0.0069980001449585),(0.020443000793457,-0.010079999923706,0.00291700005531311),
(0.0204669990539551,-0.0597220001220703,0.00265000009536743),(0.0204669990539551,
-0.0593530006408691,0.00248399996757507),(0.0204669990539551,-0.0106470003128052,
0.00248399996757507),(0.0204669990539551,-0.0102779998779297,0.00265000009536743),
(0.0204850006103516,-0.0595369987487793,0.00256500005722046),(0.0204850006103516,
-0.0104630002975464,0.00256500005722046),(0.0205069999694824,-0.0597439994812012,
0.00273799991607666),(0.0205069999694824,-0.059193000793457,0.00248399996757507),
(0.0205069999694824,-0.0108070001602173,0.00248399996757507),(0.0205069999694824,
-0.0102559995651245,0.00273799991607666),(0.0205310001373291,-0.0597560005187988,
0.00282699990272522),(0.0205310001373291,-0.0590309982299805,0.00248399996757507),
(0.0205310001373291,-0.0109689998626709,0.00248399996757507),(0.0205310001373291,
-0.0102440004348755,0.00282699990272522),(0.0205389995574951,-0.0597610015869141,
0.00291700005531311),(0.0205389995574951,-0.0597610015869141,0.0069980001449585),
(0.0205389995574951,-0.058867000579834,0.00248399996757507),(0.0205389995574951,
-0.0111330003738403,0.00248399996757507),(0.0205389995574951,-0.0102390003204346,
0.00291700005531311),(0.0205389995574951,-0.0102390003204346,0.0069980001449585),
(0.0205429992675781,-0.0595610008239746,0.00265000009536743),(0.0205429992675781,
-0.0593759994506836,0.00256500005722046),(0.0205429992675781,-0.0106239995956421,
0.00256500005722046),(0.0205429992675781,-0.0104390001296997,0.00265000009536743),
(0.0205849990844727,-0.0595789985656738,0.00273799991607666),(0.0205849990844727,
-0.0592089996337891,0.00256500005722046),(0.0205849990844727,-0.0107910003662109,
0.00256500005722046),(0.0205849990844727,-0.0104209995269775,0.00273799991607666),
(0.0206030006408691,-0.0593940010070801,0.00265000009536743),(0.0206030006408691,
-0.0106059999465942,0.00265000009536743),(0.0206100006103515,-0.0595890007019043,
0.00282699990272522),(0.0206100006103515,-0.0590390014648438,0.00256500005722046),
(0.0206100006103515,-0.0109610004425049,0.00256500005722046),(0.0206100006103515,
-0.01041100025177,0.00282699990272522),(0.0206180000305176,-0.0595929985046387,
0.00291700005531311),(0.0206180000305176,-0.0595929985046387,0.0069980001449585),
(0.0206180000305176,-0.058867000579834,0.00256500005722046),(0.0206180000305176,
-0.0111330003738403,0.00256500005722046),(0.0206180000305176,-0.0104069995880127,
0.00291700005531311),(0.0206180000305176,-0.0104069995880127,0.0069980001449585),
(0.0206459999084472,-0.0594070014953613,0.00273799991607666),(0.0206459999084472,
-0.0592210006713867,0.00265000009536743),(0.0206459999084472,-0.0107790002822876,
0.00265000009536743),(0.0206459999084472,-0.0105930004119873,0.00273799991607666),
(0.0206720008850097,-0.0594150009155273,0.00282699990272522),(0.0206720008850097,
-0.0590449981689453,0.00265000009536743),(0.0206720008850097,-0.010954999923706,
0.00265000009536743),(0.0206720008850097,-0.010585000038147,0.00282699990272522),
(0.0206809997558594,-0.0594169998168945,0.00291700005531311),(0.0206809997558594,
-0.0594169998168945,0.0069980001449585),(0.0206809997558594,-0.058867000579834,
0.00265000009536743),(0.0206809997558594,-0.0111330003738403,0.00265000009536743),
(0.0206809997558594,-0.0105830001831055,0.00291700005531311),(0.0206809997558594,
-0.0105830001831055,0.0069980001449585),(0.0206900005340576,-0.0592299995422363,
0.00273799991607666),(0.0206900005340576,-0.0107700004577637,0.00273799991607666),
(0.0207169990539551,-0.0592350006103516,0.00282699990272522),(0.0207169990539551,
-0.0590499992370606,0.00273799991607666),(0.0207169990539551,-0.0109499998092651,
0.00273799991607666),(0.0207169990539551,-0.0107650003433227,0.00282699990272522),
(0.0207259998321533,-0.0592369995117188,0.00291700005531311),(0.0207259998321533,
-0.0592369995117187,0.0069980001449585),(0.0207259998321533,-0.058867000579834,
0.00273799991607666),(0.0207259998321533,-0.0111330003738403,0.00273799991607666),
(0.0207259998321533,-0.0107629995346069,0.00291700005531311),(0.0207259998321533,
-0.0107629995346069,0.0069980001449585),(0.0207439994812012,-0.0590519981384277,
0.00282699990272522),(0.0207439994812012,-0.0109479999542236,0.00282699990272522),
(0.0207530002593994,-0.0590530014038086,0.00291700005531311),(0.0207530002593994,
-0.0590530014038086,0.0069980001449585),(0.0207530002593994,-0.058867000579834,
0.00282699990272522),(0.0207530002593994,-0.0111330003738403,0.00282699990272522),
(0.0207530002593994,-0.0109469995498657,0.00291700005531311),(0.0207530002593994,
-0.0109469995498657,0.0069980001449585),(0.0207630004882812,-0.058867000579834,
0.00291700005531311),(0.0207630004882812,-0.058867000579834,0.0069980001449585),
(0.0207630004882812,-0.0111330003738403,0.00291700005531311),(0.0207630004882812,
-0.0111330003738403,0.0069980001449585),(0.0209400005340576,-0.063,0.0069980001449585),
(0.0209400005340576,-0.0629900016784668,0.00116100001335144),(0.0209400005340576,
-0.0629599990844727,0.00103600001335144),(0.0209400005340576,-0.0629109992980957,
0.000913999974727631),(0.0209400005340576,-0.0628429985046387,0.000795000016689301),
(0.0209400005340576,-0.0627569999694824,0.000680999994277954),(0.0209400005340576,
-0.0626529998779297,0.000572000026702881),(0.0209400005340576,-0.0625320014953613,
0.000470999985933304),(0.0209400005340576,-0.0623969993591309,0.000377000004053116),
(0.0209400005340576,-0.0622470016479492,0.000291999995708466),(0.0209400005340576,
-0.0620849990844727,0.000216999992728233),(0.0209400005340576,-0.0619109992980957,
0.000151999995112419),(0.0209400005340576,-0.0617280006408691,9.79999974370003E-5),
(0.0209400005340576,-0.0615379981994629,5.49999997019768E-5),(0.0209400005340576,
-0.0613419990539551,2.5000000372529E-5),(0.0209400005340576,-0.0611419982910156,
6.00000005215406E-6),(0.0209400005340576,-0.00885799980163574,6.00000005215406E-6),
(0.0209400005340576,-0.0086579999923706,2.5000000372529E-5),(0.0209400005340576,
-0.00846199989318848,5.49999997019768E-5),(0.0209400005340576,-0.00827200031280517,
9.79999974370003E-5),(0.0209400005340576,-0.00808899974822998,0.000151999995112419),
(0.0209400005340576,-0.00791499996185303,0.000216999992728233),(0.0209400005340576,
-0.00775299978256226,0.000291999995708466),(0.0209400005340576,-0.00760300016403198,
0.000377000004053116),(0.0209400005340576,-0.00746799993515015,0.000470999985933304),
(0.0209400005340576,-0.00734700012207031,0.000572000026702881),(0.0209400005340576,
-0.00724300003051758,0.000680999994277954),(0.0209400005340576,-0.00715700006484985,
0.000795000016689301),(0.0209400005340576,-0.00708900022506714,0.000913999974727631),
(0.0209400005340576,-0.00703999996185303,0.00103600001335144),(0.0209400005340576,
-0.00701000022888183,0.00116100001335144),(0.0209400005340576,-0.007,0.0069980001449585),
(0.0209400005340576,-0.063,0.00128699994087219),(0.0209400005340576,-0.060939998626709,
0.),(0.0209400005340576,-0.0389119987487793,0.),(0.0209400005340576,-0.00906000041961669,
0.),(0.0209400005340576,-0.007,0.00128699994087219),(0.0209599990844727,
-0.061140998840332,6.00000005215406E-6),(0.0209599990844727,-0.00885900020599365,
6.00000005215406E-6),(0.0209799995422363,-0.0613400001525879,2.5000000372529E-5),
(0.0209799995422363,-0.0611380004882813,6.00000005215406E-6),(0.0209799995422363,
-0.00886200046539307,6.00000005215406E-6),(0.0209799995422363,-0.00865999984741211,
2.5000000372529E-5),(0.0209990005493164,-0.0615349998474121,5.49999997019768E-5),
(0.0209990005493164,-0.061132999420166,6.00000005215406E-6),(0.0209990005493164,
-0.00886699962615967,6.00000005215406E-6),(0.0209990005493164,-0.00846500015258789,
5.49999997019768E-5),(0.0210170001983642,-0.0617249984741211,9.79999974370003E-5),
(0.0210170001983642,-0.0611269989013672,6.00000005215406E-6),(0.0210170001983642,
-0.0088730001449585,6.00000005215406E-6),(0.0210170001983642,-0.00827499961853027,
9.79999974370003E-5),(0.0210189990997314,-0.0613339996337891,2.5000000372529E-5),
(0.0210189990997314,-0.00866600036621094,2.5000000372529E-5),(0.0210349998474121,
-0.0619070014953613,0.000151999995112419),(0.0210349998474121,-0.0611180000305176,
6.00000005215406E-6),(0.0210349998474121,-0.00888199996948242,6.00000005215406E-6),
(0.0210349998474121,-0.00809300041198731,0.000151999995112419),(0.0210520000457764,
-0.0620789985656738,0.000216999992728233),(0.0210520000457764,-0.0611080017089844,
6.00000005215406E-6),(0.0210520000457764,-0.00889200019836426,6.00000005215406E-6),
(0.0210520000457764,-0.0079210000038147,0.000216999992728233),(0.0210569992065429,
-0.0615270004272461,5.49999997019768E-5),(0.0210569992065429,-0.0613250007629395,
2.5000000372529E-5),(0.0210569992065429,-0.00867500019073486,2.5000000372529E-5),
(0.0210569992065429,-0.00847299957275391,5.49999997019768E-5),(0.021068000793457,
-0.0622410011291504,0.000291999995708466),(0.021068000793457,-0.0610960006713867,
6.00000005215406E-6),(0.021068000793457,-0.0089040002822876,6.00000005215406E-6),
(0.021068000793457,-0.00775899982452393,0.000291999995708466),(0.0210830001831054,
-0.0623899993896485,0.000377000004053116),(0.0210830001831054,-0.0610830001831055,
6.00000005215406E-6),(0.0210830001831054,-0.00891699981689453,6.00000005215406E-6),
(0.0210830001831054,-0.00761000013351441,0.000377000004053116),(0.0210939998626709,
-0.0617130012512207,9.79999974370003E-5),(0.0210939998626709,-0.0613110008239746,
2.5000000372529E-5),(0.0210939998626709,-0.00868900012969971,2.5000000372529E-5),
(0.0210939998626709,-0.00828699970245361,9.79999974370003E-5),(0.0210960006713867,
-0.061068000793457,6.00000005215406E-6),(0.0210960006713867,-0.00893200016021729,
6.00000005215406E-6),(0.0210960006713867,-0.0625250015258789,0.000470999985933304),
(0.0210960006713867,-0.00747499990463257,0.000470999985933304),(0.0211079998016357,
-0.0626450004577637,0.000572000026702881),(0.0211079998016357,-0.0610519981384277,
6.00000005215406E-6),(0.0211079998016357,-0.00894799995422363,6.00000005215406E-6),
(0.0211079998016357,-0.00735500001907349,0.000572000026702881),(0.0211140003204346,
-0.0615120010375977,5.49999997019768E-5),(0.0211140003204346,-0.00848799991607666,
5.49999997019768E-5),(0.0211180000305176,-0.0627480010986328,0.000680999994277954),
(0.0211180000305176,-0.0610349998474121,6.00000005215406E-6),(0.0211180000305176,
-0.00896500015258789,6.00000005215406E-6),(0.0211180000305176,-0.0072519998550415,
0.000680999994277954),(0.0211270008087158,-0.0628339996337891,0.000795000016689301),
(0.0211270008087158,-0.0610169982910156,6.00000005215406E-6),(0.0211270008087158,
-0.00898299980163574,6.00000005215406E-6),(0.0211270008087158,-0.00716599988937378,
0.000795000016689301),(0.0211299991607666,-0.0618930015563965,0.000151999995112419),
(0.0211299991607666,-0.0612949981689453,2.5000000372529E-5),(0.0211299991607666,
-0.00870499992370605,2.5000000372529E-5),(0.0211299991607666,-0.00810700035095215,
0.000151999995112419),(0.021132999420166,-0.0629020004272461,0.000913999974727631),
(0.021132999420166,-0.0609990005493164,6.00000005215406E-6),(0.021132999420166,
-0.00900100040435791,6.00000005215406E-6),(0.021132999420166,-0.00709800004959107,
0.000913999974727631),(0.0211380004882812,-0.062951000213623,0.00103600001335144),
(0.0211380004882812,-0.0609799995422363,6.00000005215406E-6),(0.0211380004882812,
-0.00902000045776367,6.00000005215406E-6),(0.0211380004882812,-0.00704899978637695,
0.00103600001335144),(0.0211410007476807,-0.0629799995422363,0.00116100001335144),
(0.0211410007476807,-0.0609599990844727,6.00000005215406E-6),(0.0211410007476807,
-0.00903999996185303,6.00000005215406E-6),(0.0211410007476807,-0.00701999998092651,
0.00116100001335144),(0.0211420001983642,-0.0629900016784668,0.00128699994087219),
(0.0211420001983642,-0.0629900016784668,0.0069980001449585),(0.0211420001983642,
-0.060939998626709,6.00000005215406E-6),(0.0211420001983642,-0.0090600004196167,
6.00000005215406E-6),(0.0211420001983642,-0.00701000022888184,0.00128699994087219),
(0.0211420001983642,-0.00701000022888184,0.0069980001449585),(0.0211630001068115,
-0.0620629997253418,0.000216999992728233),(0.0211630001068115,-0.0612739982604981,
2.5000000372529E-5),(0.0211630001068115,-0.00872599983215332,2.5000000372529E-5),
(0.0211630001068115,-0.00793699979782105,0.000216999992728233),(0.0211690006256103,
-0.0616949996948242,9.79999974370003E-5),(0.0211690006256103,-0.0614930000305176,
5.49999997019768E-5),(0.0211690006256103,-0.00850699996948242,5.49999997019768E-5),
(0.0211690006256103,-0.00830500030517578,9.79999974370003E-5),(0.0211949996948242,
-0.0622220001220703,0.000291999995708466),(0.0211949996948242,-0.0612509994506836,
2.5000000372529E-5),(0.0211949996948242,-0.00874899959564209,2.5000000372529E-5),
(0.0211949996948242,-0.00777799987792969,0.000291999995708466),(0.0212220001220703,
-0.0618689994812012,0.000151999995112419),(0.0212220001220703,-0.0614679985046387,
5.49999997019768E-5),(0.0212220001220703,-0.00853199958801269,5.49999997019768E-5),
(0.0212220001220703,-0.00813099956512451,0.000151999995112419),(0.0212240009307861,
-0.0623689994812012,0.000377000004053116),(0.0212240009307861,-0.0612239990234375,
2.5000000372529E-5),(0.0212240009307861,-0.00877600002288818,2.5000000372529E-5),
(0.0212240009307861,-0.00763100004196167,0.000377000004053116),(0.021242000579834,
-0.0616679992675781,9.79999974370003E-5),(0.021242000579834,-0.00833199977874756,
9.79999974370003E-5),(0.0212509994506836,-0.0625019989013672,0.000470999985933304),
(0.0212509994506836,-0.0611949996948242,2.5000000372529E-5),(0.0212509994506836,
-0.00880500030517578,2.5000000372529E-5),(0.0212509994506836,-0.0074980001449585,
0.000470999985933304),(0.0212719993591308,-0.0620349998474121,0.000216999992728233),
(0.0212719993591308,-0.0614370002746582,5.49999997019768E-5),(0.0212719993591308,
-0.0085629997253418,5.49999997019768E-5),(0.0212719993591308,-0.00796500015258789,
0.000216999992728233),(0.0212740001678467,-0.0626199989318848,0.000572000026702881),
(0.0212740001678467,-0.0611629981994629,2.5000000372529E-5),(0.0212740001678467,
-0.00883699989318848,2.5000000372529E-5),(0.0212740001678467,-0.00738000011444092,
0.000572000026702881),(0.021295000076294,-0.0627220001220703,0.000680999994277954),
(0.021295000076294,-0.0611300010681152,2.5000000372529E-5),(0.021295000076294,
-0.00886999988555908,2.5000000372529E-5),(0.021295000076294,-0.00727799987792969,
0.000680999994277954),(0.0213110008239746,-0.062806999206543,0.000795000016689301),
(0.0213110008239746,-0.0610940017700195,2.5000000372529E-5),(0.0213110008239746,
-0.0089060001373291,2.5000000372529E-5),(0.0213110008239746,-0.00719299983978272,
0.000795000016689301),(0.0213120002746582,-0.0618370018005371,0.000151999995112419),
(0.0213120002746582,-0.0616349983215332,9.79999974370003E-5),(0.0213120002746582,
-0.00836499977111817,9.79999974370003E-5),(0.0213120002746582,-0.00816300010681152,
0.000151999995112419),(0.0213199996948242,-0.0621910018920898,0.000291999995708466),
(0.0213199996948242,-0.0614020004272461,5.49999997019768E-5),(0.0213199996948242,
-0.00859799957275391,5.49999997019768E-5),(0.0213199996948242,-0.00780900001525879,
0.000291999995708466),(0.0213250007629395,-0.0628730010986328,0.000913999974727631),
(0.0213250007629395,-0.061056999206543,2.5000000372529E-5),(0.0213250007629395,
-0.00894299983978272,2.5000000372529E-5),(0.0213250007629395,-0.0071269998550415,
0.000913999974727631),(0.021333999633789,-0.0629220008850098,0.00103600001335144),
(0.021333999633789,-0.0610190010070801,2.5000000372529E-5),(0.021333999633789,
-0.00898099994659424,2.5000000372529E-5),(0.021333999633789,-0.00707800006866455,
0.00103600001335144),(0.0213400001525879,-0.062951000213623,0.00116100001335144),
(0.0213400001525879,-0.0609799995422363,2.5000000372529E-5),(0.0213400001525879,
-0.00902000045776367,2.5000000372529E-5),(0.0213400001525879,-0.00704899978637695,
0.00116100001335144),(0.0213419990539551,-0.0629599990844727,0.00128699994087219),
(0.0213419990539551,-0.0629599990844727,0.0069980001449585),(0.0213419990539551,
-0.060939998626709,2.5000000372529E-5),(0.0213419990539551,-0.0090600004196167,
2.5000000372529E-5),(0.0213419990539551,-0.00703999996185303,0.00128699994087219),
(0.0213419990539551,-0.00703999996185303,0.0069980001449585),(0.021363000869751,
-0.0623339996337891,0.000377000004053116),(0.021363000869751,-0.0613629989624024,
5.49999997019768E-5),(0.021363000869751,-0.00863700008392334,5.49999997019768E-5),
(0.021363000869751,-0.00766599988937378,0.000377000004053116),(0.0213780002593994,
-0.0619970016479492,0.000216999992728233),(0.0213780002593994,-0.0615960006713867,
9.79999974370003E-5),(0.0213780002593994,-0.0084040002822876,9.79999974370003E-5),
(0.0213780002593994,-0.00800300025939942,0.000216999992728233),(0.0213980007171631,
-0.0617970008850098,0.000151999995112419),(0.0213980007171631,-0.00820300006866455,
0.000151999995112419),(0.0214020004272461,-0.0624640007019043,0.000470999985933304),
(0.0214020004272461,-0.0613199996948242,5.49999997019768E-5),(0.0214020004272461,
-0.00868000030517578,5.49999997019768E-5),(0.0214020004272461,-0.00753599977493286,
0.000470999985933304),(0.0214370002746582,-0.0625789985656738,0.000572000026702881),
(0.0214370002746582,-0.0612719993591309,5.49999997019768E-5),(0.0214370002746582,
-0.00872799968719482,5.49999997019768E-5),(0.0214370002746582,-0.0074210000038147,
0.000572000026702881),(0.0214400005340576,-0.0621469993591309,0.000291999995708466),
(0.0214400005340576,-0.0615499992370606,9.79999974370003E-5),(0.0214400005340576,
-0.00844999980926514,9.79999974370003E-5),(0.0214400005340576,-0.00785300016403198,
0.000291999995708466),(0.0214680004119873,-0.0626790008544922,0.000680999994277954),
(0.0214680004119873,-0.0612220001220703,5.49999997019768E-5),(0.0214680004119873,
-0.00877799987792969,5.49999997019768E-5),(0.0214680004119873,-0.00732100009918213,
0.000680999994277954),(0.0214799995422363,-0.0619490013122559,0.000216999992728233),
(0.0214799995422363,-0.0617480010986328,0.000151999995112419),(0.0214799995422363,
-0.0082519998550415,0.000151999995112419),(0.0214799995422363,-0.00805099964141846,
0.000216999992728233),(0.0214930000305176,-0.0627610015869141,0.000795000016689301),
(0.0214930000305176,-0.0611689987182617,5.49999997019768E-5),(0.0214930000305176,
-0.00883100032806397,5.49999997019768E-5),(0.0214930000305176,-0.00723899984359741,
0.000795000016689301),(0.0214979991912842,-0.0622859992980957,0.000377000004053116),
(0.0214979991912842,-0.0614980010986328,9.79999974370003E-5),(0.0214979991912842,
-0.0085019998550415,9.79999974370003E-5),(0.0214979991912842,-0.00771400022506714,
0.000377000004053116),(0.0215119991302491,-0.062826000213623,0.000913999974727631),
(0.0215119991302491,-0.0611139984130859,5.49999997019768E-5),(0.0215119991302491,
-0.00888599967956543,5.49999997019768E-5),(0.0215119991302491,-0.00717399978637695,
0.000913999974727631),(0.0215270004272461,-0.0628730010986328,0.00103600001335144),
(0.0215270004272461,-0.061056999206543,5.49999997019768E-5),(0.0215270004272461,
-0.00894299983978272,5.49999997019768E-5),(0.0215270004272461,-0.0071269998550415,
0.00103600001335144),(0.0215349998474121,-0.0629020004272461,0.00116100001335144),
(0.0215349998474121,-0.0609990005493164,5.49999997019768E-5),(0.0215349998474121,
-0.00900100040435791,5.49999997019768E-5),(0.0215349998474121,-0.00709800004959107,
0.00116100001335144),(0.0215380001068115,-0.0629109992980957,0.00128699994087219),
(0.0215380001068115,-0.0629109992980957,0.0069980001449585),(0.0215380001068115,
-0.060939998626709,5.49999997019768E-5),(0.0215380001068115,-0.0090600004196167,
5.49999997019768E-5),(0.0215380001068115,-0.00708900022506714,0.0069980001449585),
(0.0215380001068116,-0.00708900022506714,0.00128699994087219),(0.0215499992370605,
-0.0624109992980957,0.000470999985933304),(0.0215499992370605,-0.061439998626709,
9.79999974370003E-5),(0.0215499992370605,-0.0085600004196167,9.79999974370003E-5),
(0.0215499992370605,-0.00758900022506714,0.000470999985933304),(0.0215559997558594,
-0.0620929985046387,0.000291999995708466),(0.0215559997558594,-0.0616910018920899,
0.000151999995112419),(0.0215559997558594,-0.00830900001525879,0.000151999995112419),
(0.0215559997558594,-0.00790700006484985,0.000291999995708466),(0.0215760002136231,
-0.0618919982910156,0.000216999992728233),(0.0215760002136231,-0.00810799980163574,
0.000216999992728233),(0.0215960006713867,-0.0625229988098145,0.000572000026702881),
(0.0215960006713867,-0.0613779983520508,9.79999974370003E-5),(0.0215960006713867,
-0.00862199974060059,9.79999974370003E-5),(0.0215960006713867,-0.00747800016403198,
0.000572000026702881),(0.0216270008087158,-0.0622249984741211,0.000377000004053116),
(0.0216270008087158,-0.0616269989013672,0.000151999995112419),(0.0216270008087158,
-0.0083730001449585,0.000151999995112419),(0.0216270008087158,-0.00777500009536743,
0.000377000004053116),(0.0216350002288818,-0.0626189994812012,0.000680999994277954),
(0.0216350002288818,-0.0613120002746582,9.79999974370003E-5),(0.0216350002288818,
-0.0086879997253418,9.79999974370003E-5),(0.0216350002288818,-0.00738100004196167,
0.000680999994277954),(0.0216660003662109,-0.0620270004272461,0.000291999995708466),
(0.0216660003662109,-0.0618250007629395,0.000216999992728233),(0.0216660003662109,
-0.00817500019073486,0.000216999992728233),(0.0216660003662109,-0.00797300004959106,
0.000291999995708466),(0.0216679992675781,-0.0626980018615723,0.000795000016689301),
(0.0216679992675781,-0.061242000579834,9.79999974370003E-5),(0.0216679992675781,
-0.00875800037384033,9.79999974370003E-5),(0.0216679992675781,-0.00730200004577637,
0.000795000016689301),(0.0216909999847412,-0.0623440017700195,0.000470999985933304),
(0.0216909999847412,-0.0615559997558594,0.000151999995112419),(0.0216909999847412,
-0.00844400024414063,0.000151999995112419),(0.0216909999847412,-0.0076560001373291,
0.000470999985933304),(0.0216949996948242,-0.0627610015869141,0.000913999974727631),
(0.0216949996948242,-0.0611689987182617,9.79999974370003E-5),(0.0216949996948242,
-0.00883100032806397,9.79999974370003E-5),(0.0216949996948242,-0.00723899984359741,
0.000913999974727631),(0.021712999343872,-0.062806999206543,0.00103600001335144),
(0.021712999343872,-0.0610940017700195,9.79999974370003E-5),(0.021712999343872,
-0.0089060001373291,9.79999974370003E-5),(0.021712999343872,-0.00719299983978272,
0.00103600001335144),(0.0217250003814697,-0.0628339996337891,0.00116100001335144),
(0.0217250003814697,-0.0610169982910156,9.79999974370003E-5),(0.0217250003814697,
-0.00898299980163574,9.79999974370003E-5),(0.0217250003814697,-0.00716599988937378,
0.00116100001335144),(0.0217280006408691,-0.0628429985046387,0.00128699994087219),
(0.0217280006408691,-0.0628429985046387,0.0069980001449585),(0.0217280006408691,
-0.060939998626709,9.79999974370003E-5),(0.0217280006408691,-0.0090600004196167,
9.79999974370003E-5),(0.0217280006408691,-0.00715700006484985,0.00128699994087219),
(0.0217280006408691,-0.00715700006484985,0.0069980001449585),(0.0217479991912842,
-0.0624510002136231,0.000572000026702881),(0.0217479991912842,-0.0614799995422363,
0.000151999995112419),(0.0217479991912842,-0.00852000045776367,0.000151999995112419),
(0.0217479991912842,-0.00754899978637695,0.000572000026702881),(0.0217490005493164,
-0.0621510009765625,0.000377000004053116),(0.0217490005493164,-0.0617490005493164,
0.000216999992728233),(0.0217490005493164,-0.00825100040435791,0.000216999992728233),
(0.0217490005493164,-0.00784899997711182,0.000377000004053116),(0.0217689990997314,
-0.0619500007629395,0.000291999995708466),(0.0217689990997314,-0.00805000019073486,
0.000291999995708466),(0.0217970008850097,-0.0625419998168946,0.000680999994277954),
(0.0217970008850097,-0.0613979988098145,0.000151999995112419),(0.0217970008850097,
-0.00860200023651123,0.000151999995112419),(0.0217970008850097,-0.00745800018310547,
0.000680999994277954),(0.0218250007629394,-0.0622639999389648,0.000470999985933304),
(0.0218250007629394,-0.0616660003662109,0.000216999992728233),(0.0218250007629394,
-0.00833399963378906,0.000216999992728233),(0.0218250007629394,-0.00773600006103516,
0.000470999985933304),(0.0218369998931885,-0.0626189994812012,0.000795000016689301),
(0.0218369998931885,-0.0613120002746582,0.000151999995112419),(0.0218369998931885,
-0.0086879997253418,0.000151999995112419),(0.0218369998931885,-0.00738100004196167,
0.000795000016689301),(0.0218640003204345,-0.0620660018920898,0.000377000004053116),
(0.0218640003204345,-0.0618639984130859,0.000291999995708466),(0.0218640003204345,
-0.00813599967956543,0.000291999995708466),(0.0218640003204345,-0.00793400001525879,
0.000377000004053116),(0.0218689994812011,-0.0626790008544922,0.000913999974727631),
(0.0218689994812011,-0.0612220001220703,0.000151999995112419),(0.0218689994812011,
-0.00877799987792969,0.000151999995112419),(0.0218689994812011,-0.00732100009918213,
0.000913999974727631),(0.0218920001983643,-0.0623639984130859,0.000572000026702881),
(0.0218920001983643,-0.0615760002136231,0.000216999992728233),(0.0218920001983643,
-0.00842399978637695,0.000216999992728233),(0.0218920001983643,-0.00763600015640259,
0.000572000026702881),(0.0218929996490478,-0.0627220001220703,0.00103600001335144),
(0.0218929996490478,-0.0611300010681152,0.000151999995112419),(0.0218929996490478,
-0.00886999988555908,0.000151999995112419),(0.0218929996490478,-0.00727799987792969,
0.00103600001335144),(0.0219069995880127,-0.0627480010986328,0.00116100001335144),
(0.0219069995880127,-0.0610349998474121,0.000151999995112419),(0.0219069995880127,
-0.00896500015258789,0.000151999995112419),(0.0219069995880127,-0.0072519998550415,
0.00116100001335144),(0.0219109992980957,-0.0627569999694824,0.00128699994087219),
(0.0219109992980957,-0.0627569999694824,0.0069980001449585),(0.0219109992980957,
-0.060939998626709,0.000151999995112419),(0.0219109992980957,-0.0090600004196167,
0.000151999995112419),(0.0219109992980957,-0.00724300003051758,0.00128699994087219),
(0.0219109992980957,-0.00724300003051758,0.0069980001449585),(0.0219489994049073,
-0.0624510002136231,0.000680999994277954),(0.0219489994049073,-0.0614799995422363,
0.000216999992728233),(0.0219489994049073,-0.00852000045776367,0.000216999992728233),
(0.0219489994049073,-0.00754899978637695,0.000680999994277954),(0.0219500007629394,
-0.0621710014343262,0.000470999985933304),(0.0219500007629394,-0.0617690010070801,
0.000291999995708466),(0.0219500007629394,-0.00823099994659424,0.000291999995708466),
(0.0219500007629394,-0.0078289999961853,0.000470999985933304),(0.0219699993133545,
-0.0619700012207031,0.000377000004053116),(0.0219699993133545,-0.00802999973297119,
0.000377000004053116),(0.0219969997406006,-0.0625229988098145,0.000795000016689301),
(0.0219969997406006,-0.0613779983520508,0.000216999992728233),(0.0219969997406006,
-0.00862199974060059,0.000216999992728233),(0.0219969997406006,-0.00747800016403198,
0.000795000016689301),(0.0220270004272461,-0.0622639999389648,0.000572000026702881),
(0.0220270004272461,-0.0616660003662109,0.000291999995708466),(0.0220270004272461,
-0.00833399963378906,0.000291999995708466),(0.0220270004272461,-0.00773600006103516,
0.000572000026702881),(0.0220349998474121,-0.0625789985656738,0.000913999974727631),
(0.0220349998474121,-0.0612719993591309,0.000216999992728233),(0.0220349998474121,
-0.00872799968719482,0.000216999992728233),(0.0220349998474121,-0.0074210000038147,
0.000913999974727631),(0.0220629997253418,-0.0626199989318848,0.00103600001335144),
(0.0220629997253418,-0.0611629981994629,0.000216999992728233),(0.0220629997253418,
-0.00883699989318848,0.000216999992728233),(0.0220629997253418,-0.00738000011444092,
0.00103600001335144),(0.0220659999847412,-0.0620660018920898,0.000470999985933304),
(0.0220659999847412,-0.0618639984130859,0.000377000004053116),(0.0220659999847412,
-0.00813599967956543,0.000377000004053116),(0.0220659999847412,-0.00793400001525879,
0.000470999985933304),(0.0220790004730224,-0.0626450004577637,0.00116100001335144),
(0.0220790004730224,-0.0610519981384277,0.000216999992728233),(0.0220790004730224,
-0.00894799995422363,0.000216999992728233),(0.0220790004730224,-0.00735500001907349,
0.00116100001335144),(0.0220849990844727,-0.0626529998779297,0.00128699994087219),
(0.0220849990844727,-0.0626529998779297,0.0069980001449585),(0.0220849990844727,
-0.060939998626709,0.000216999992728233),(0.0220849990844727,-0.0090600004196167,
0.000216999992728233),(0.0220849990844727,-0.00734700012207031,0.00128699994087219),
(0.0220849990844727,-0.00734700012207031,0.0069980001449585),(0.0220930004119873,
-0.0623440017700195,0.000680999994277954),(0.0220930004119873,-0.0615559997558594,
0.000291999995708466),(0.0220930004119873,-0.00844400024414063,0.000291999995708466),
(0.0220930004119873,-0.0076560001373291,0.000680999994277954),(0.0221469993591309,
-0.0624109992980957,0.000795000016689301),(0.0221469993591309,-0.061439998626709,
0.000291999995708466),(0.0221469993591309,-0.0085600004196167,0.000291999995708466),
(0.0221469993591309,-0.00758900022506714,0.000795000016689301),(0.0221509990692139,
-0.0621510009765625,0.000572000026702881),(0.0221509990692139,-0.0617490005493164,
0.000377000004053116),(0.0221509990692139,-0.00825100040435791,0.000377000004053116),
(0.0221509990692139,-0.00784899997711182,0.000572000026702881),(0.0221709995269775,
-0.0619500007629395,0.000470999985933304),(0.0221709995269775,-0.00805000019073486,
0.000470999985933304),(0.0221909999847412,-0.0624640007019043,0.000913999974727631),
(0.0221909999847412,-0.0613199996948242,0.000291999995708466),(0.0221909999847412,
-0.00868000030517578,0.000291999995708466),(0.0221909999847412,-0.00753599977493286,
0.000913999974727631),(0.0222220001220703,-0.0625019989013672,0.00103600001335144),
(0.0222220001220703,-0.0611949996948242,0.000291999995708466),(0.0222220001220703,
-0.00880500030517578,0.000291999995708466),(0.0222220001220703,-0.0074980001449585,
0.00103600001335144),(0.0222250003814697,-0.0622249984741211,0.000680999994277954),
(0.0222250003814697,-0.0616269989013672,0.000377000004053116),(0.0222250003814697,
-0.0083730001449585,0.000377000004053116),(0.0222250003814697,-0.00777500009536743,
0.000680999994277954),(0.0222409992218018,-0.0625250015258789,0.00116100001335144),
(0.0222409992218018,-0.061068000793457,0.000291999995708466),(0.0222409992218018,
-0.00893200016021729,0.000291999995708466),(0.0222409992218018,-0.00747499990463257,
0.00116100001335144),(0.0222469997406006,-0.0625320014953613,0.00128699994087219),
(0.0222469997406006,-0.0625320014953613,0.0069980001449585),(0.0222469997406006,
-0.060939998626709,0.000291999995708466),(0.0222469997406006,-0.0090600004196167,
0.000291999995708466),(0.0222469997406006,-0.00746799993515015,0.00128699994087219),
(0.0222469997406006,-0.00746799993515015,0.0069980001449585),(0.0222639999389648,
-0.0620270004272461,0.000572000026702881),(0.0222639999389648,-0.0618250007629395,
0.000470999985933304),(0.0222639999389648,-0.00817500019073486,0.000470999985933304),
(0.0222639999389648,-0.00797300004959106,0.000572000026702881),(0.0222859992980957,
-0.0622859992980957,0.000795000016689301),(0.0222859992980957,-0.0614980010986328,
0.000377000004053116),(0.0222859992980957,-0.0085019998550415,0.000377000004053116),
(0.0222859992980957,-0.00771400022506714,0.000795000016689301),(0.0223339996337891,
-0.0623339996337891,0.000913999974727631),(0.0223339996337891,-0.0613629989624024,
0.000377000004053116),(0.0223339996337891,-0.00863700008392334,0.000377000004053116),
(0.0223339996337891,-0.00766599988937378,0.000913999974727631),(0.0223439998626709,
-0.0620929985046387,0.000680999994277954),(0.0223439998626709,-0.0616910018920899,
0.000470999985933304),(0.0223439998626709,-0.00830900001525879,0.000470999985933304),
(0.0223439998626709,-0.00790700006484985,0.000680999994277954),(0.0223640003204345,
-0.0618919982910156,0.000572000026702881),(0.0223640003204345,-0.00810799980163574,
0.000572000026702881),(0.0223689994812011,-0.0623689994812012,0.00103600001335144),
(0.0223689994812011,-0.0612239990234375,0.000377000004053116),(0.0223689994812011,
-0.00877600002288818,0.000377000004053116),(0.0223689994812011,-0.00763100004196167,
0.00103600001335144),(0.0223899993896484,-0.0623899993896485,0.00116100001335144),
(0.0223899993896484,-0.0610830001831055,0.000377000004053116),(0.0223899993896484,
-0.00891699981689453,0.000377000004053116),(0.0223899993896484,-0.00761000013351441,
0.00116100001335144),(0.0223969993591309,-0.0623969993591309,0.00128699994087219),
(0.0223969993591309,-0.0623969993591309,0.0069980001449585),(0.0223969993591309,
-0.060939998626709,0.000377000004053116),(0.0223969993591309,-0.0090600004196167,
0.000377000004053116),(0.0223969993591309,-0.00760300016403198,0.00128699994087219),
(0.0223969993591309,-0.00760300016403198,0.0069980001449585),(0.0224109992980957,
-0.0621469993591309,0.000795000016689301),(0.0224109992980957,-0.0615499992370606,
0.000470999985933304),(0.0224109992980957,-0.00844999980926514,0.000470999985933304),
(0.0224109992980957,-0.00785300016403198,0.000795000016689301),(0.0224510002136231,
-0.0619490013122559,0.000680999994277954),(0.0224510002136231,-0.0617480010986328,
0.000572000026702881),(0.0224510002136231,-0.0082519998550415,0.000572000026702881),
(0.0224510002136231,-0.00805099964141846,0.000680999994277954),(0.0224640007019043,
-0.0621910018920898,0.000913999974727631),(0.0224640007019043,-0.0614020004272461,
0.000470999985933304),(0.0224640007019043,-0.00859799957275391,0.000470999985933304),
(0.0224640007019043,-0.00780900001525879,0.000913999974727631),(0.0225020008087158,
-0.0622220001220703,0.00103600001335144),(0.0225020008087158,-0.0612509994506836,
0.000470999985933304),(0.0225020008087158,-0.00874899959564209,0.000470999985933304),
(0.0225020008087158,-0.00777799987792969,0.00103600001335144),(0.0225230007171631,
-0.0619970016479492,0.000795000016689301),(0.0225230007171631,-0.0615960006713867,
0.000572000026702881),(0.0225230007171631,-0.0084040002822876,0.000572000026702881),
(0.0225230007171631,-0.00800300025939942,0.000795000016689301),(0.0225249996185303,
-0.0622410011291504,0.00116100001335144),(0.0225249996185303,-0.0610960006713867,
0.000470999985933304),(0.0225249996185303,-0.0089040002822876,0.000470999985933304),
(0.0225249996185303,-0.00775899982452393,0.00116100001335144),(0.0225319995880127,
-0.0622470016479492,0.00128699994087219),(0.0225319995880127,-0.0622470016479492,
0.0069980001449585),(0.0225319995880127,-0.060939998626709,0.000470999985933304),
(0.0225319995880127,-0.0090600004196167,0.000470999985933304),(0.0225319995880127,
-0.00775299978256226,0.00128699994087219),(0.0225319995880127,-0.00775299978256226,
0.0069980001449585),(0.0225419998168946,-0.0617970008850098,0.000680999994277954),
(0.0225419998168946,-0.00820300006866455,0.000680999994277954),(0.0225790004730224,
-0.0620349998474121,0.000913999974727631),(0.0225790004730224,-0.0614370002746582,
0.000572000026702881),(0.0225790004730224,-0.0085629997253418,0.000572000026702881),
(0.0225790004730224,-0.00796500015258789,0.000913999974727631),(0.0226189994812012,
-0.0618370018005371,0.000795000016689301),(0.0226189994812012,-0.0616349983215332,
0.000680999994277954),(0.0226189994812012,-0.00836499977111817,0.000680999994277954),
(0.0226189994812012,-0.00816300010681152,0.000795000016689301),(0.0226200008392334,
-0.0620629997253418,0.00103600001335144),(0.0226200008392334,-0.0612739982604981,
0.000572000026702881),(0.0226200008392334,-0.00872599983215332,0.000572000026702881),
(0.0226200008392334,-0.00793699979782105,0.00103600001335144),(0.0226450004577637,
-0.0620789985656738,0.00116100001335144),(0.0226450004577637,-0.0611080017089844,
0.000572000026702881),(0.0226450004577637,-0.00889200019836426,0.000572000026702881),
(0.0226450004577637,-0.0079210000038147,0.00116100001335144),(0.0226529998779297,
-0.0620849990844727,0.00128699994087219),(0.0226529998779297,-0.0620849990844727,
0.0069980001449585),(0.0226529998779297,-0.060939998626709,0.000572000026702881),
(0.0226529998779297,-0.0090600004196167,0.000572000026702881),(0.0226529998779297,
-0.00791499996185303,0.00128699994087219),(0.0226529998779297,-0.00791499996185303,
0.0069980001449585),(0.0226790008544922,-0.0618689994812012,0.000913999974727631),
(0.0226790008544922,-0.0614679985046387,0.000680999994277954),(0.0226790008544922,
-0.00853199958801269,0.000680999994277954),(0.0226790008544922,-0.00813099956512451,
0.000913999974727631),(0.0226979999542237,-0.0616679992675781,0.000795000016689301),
(0.0226979999542237,-0.00833199977874756,0.000795000016689301),(0.0227220001220703,
-0.0618930015563965,0.00103600001335144),(0.0227220001220703,-0.0612949981689453,
0.000680999994277954),(0.0227220001220703,-0.00870499992370605,0.000680999994277954),
(0.0227220001220703,-0.00810700035095215,0.00103600001335144),(0.0227479991912842,
-0.0619070014953613,0.00116100001335144),(0.0227479991912842,-0.0611180000305176,
0.000680999994277954),(0.0227479991912842,-0.00888199996948242,0.000680999994277954),
(0.0227479991912842,-0.00809300041198731,0.00116100001335144),(0.0227569999694824,
-0.0619109992980957,0.00128699994087219),(0.0227569999694824,-0.0619109992980957,
0.0069980001449585),(0.0227569999694824,-0.060939998626709,0.000680999994277954),
(0.0227569999694824,-0.0090600004196167,0.000680999994277954),(0.0227569999694824,
-0.00808899974822998,0.00128699994087219),(0.0227569999694824,-0.00808899974822998,
0.0069980001449585),(0.0227609996795655,-0.0616949996948242,0.000913999974727631),
(0.0227609996795655,-0.0614930000305176,0.000795000016689301),(0.0227609996795655,
-0.00850699996948242,0.000795000016689301),(0.0227609996795655,-0.00830500030517578,
0.000913999974727631),(0.022806999206543,-0.0617130012512207,0.00103600001335144),
(0.022806999206543,-0.0613110008239746,0.000795000016689301),(0.022806999206543,
-0.00868900012969971,0.000795000016689301),(0.022806999206543,-0.00828699970245361,
0.00103600001335144),(0.022826000213623,-0.0615120010375977,0.000913999974727631),
(0.022826000213623,-0.00848799991607666,0.000913999974727631),(0.0228339996337891,
-0.0617249984741211,0.00116100001335144),(0.0228339996337891,-0.0611269989013672,
0.000795000016689301),(0.0228339996337891,-0.0088730001449585,0.000795000016689301),
(0.0228339996337891,-0.00827499961853027,0.00116100001335144),(0.0228430004119873,
-0.0617280006408691,0.00128699994087219),(0.0228430004119873,-0.0617280006408691,
0.0069980001449585),(0.0228430004119873,-0.060939998626709,0.000795000016689301),
(0.0228430004119873,-0.0090600004196167,0.000795000016689301),(0.0228430004119873,
-0.00827200031280517,0.00128699994087219),(0.0228430004119873,-0.00827200031280517,
0.0069980001449585),(0.0228729991912842,-0.0615270004272461,0.00103600001335144),
(0.0228729991912842,-0.0613250007629395,0.000913999974727631),(0.0228729991912842,
-0.00867500019073486,0.000913999974727631),(0.0228729991912842,-0.00847299957275391,
0.00103600001335144),(0.0229020004272461,-0.0615349998474121,0.00116100001335144),
(0.0229020004272461,-0.061132999420166,0.000913999974727631),(0.0229020004272461,
-0.00886699962615967,0.000913999974727631),(0.0229020004272461,-0.00846500015258789,
0.00116100001335144),(0.0229109992980957,-0.0615379981994629,0.00128699994087219),
(0.0229109992980957,-0.0615379981994629,0.0069980001449585),(0.0229109992980957,
-0.060939998626709,0.000913999974727631),(0.0229109992980957,-0.0090600004196167,
0.000913999974727631),(0.0229109992980957,-0.00846199989318848,0.00128699994087219),
(0.0229109992980957,-0.00846199989318848,0.0069980001449585),(0.0229220008850098,
-0.0613339996337891,0.00103600001335144),(0.0229220008850098,-0.00866600036621094,
0.00103600001335144),(0.022951000213623,-0.0613400001525879,0.00116100001335144),
(0.022951000213623,-0.0611380004882813,0.00103600001335144),(0.022951000213623,
-0.00886200046539307,0.00103600001335144),(0.022951000213623,-0.00865999984741211,
0.00116100001335144),(0.0229599990844726,-0.0613419990539551,0.00128699994087219),
(0.0229599990844726,-0.0613419990539551,0.0069980001449585),(0.0229599990844726,
-0.060939998626709,0.00103600001335144),(0.0229599990844726,-0.0090600004196167,
0.00103600001335144),(0.0229599990844726,-0.00865799999237061,0.00128699994087219),
(0.0229599990844726,-0.0086579999923706,0.0069980001449585),(0.0229799995422364,
-0.061140998840332,0.00116100001335144),(0.0229799995422364,-0.00885900020599365,
0.00116100001335144),(0.0229899997711181,-0.0611419982910156,0.00128699994087219),
(0.0229899997711181,-0.0611419982910156,0.0069980001449585),(0.0229899997711181,
-0.060939998626709,0.00116100001335144),(0.0229899997711181,-0.0090600004196167,
0.00116100001335144),(0.0229899997711181,-0.00885799980163574,0.00128699994087219),
(0.0229899997711181,-0.00885799980163574,0.0069980001449585),(0.023,-0.060939998626709,
0.00128699994087219),(0.023,-0.060939998626709,0.0069980001449585),(0.023,
-0.0090600004196167,0.00128699994087219),(0.023,-0.0090600004196167,0.0069980001449585)));
#29=TESSELLATED_SHELL('Part 1',(#27),$);
#30=SHAPE_DEFINITION_REPRESENTATION(#42,#31);
#31=SHAPE_REPRESENTATION('Part 1',(#32),#37);
#32=AXIS2_PLACEMENT_3D('',#35,#33,#34);
#33=DIRECTION('',(0.,0.,1.));
#34=DIRECTION('',(1.,0.,0.));
#35=CARTESIAN_POINT('',(0.,0.,0.));
#36=MECHANICAL_DESIGN_GEOMETRIC_PRESENTATION_REPRESENTATION('',(#12,#13),
#37);
#37=(
GEOMETRIC_REPRESENTATION_CONTEXT(3)
GLOBAL_UNCERTAINTY_ASSIGNED_CONTEXT((#38))
GLOBAL_UNIT_ASSIGNED_CONTEXT((#41,#40,#39))
REPRESENTATION_CONTEXT('Part 1','TOP_LEVEL_ASSEMBLY_PART')
);
#38=UNCERTAINTY_MEASURE_WITH_UNIT(LENGTH_MEASURE(1.E-8),#41,
'DISTANCE_ACCURACY_VALUE','Maximum Tolerance applied to model');
#39=(
NAMED_UNIT(*)
SI_UNIT($,.STERADIAN.)
SOLID_ANGLE_UNIT()
);
#40=(
NAMED_UNIT(*)
PLANE_ANGLE_UNIT()
SI_UNIT($,.RADIAN.)
);
#41=(
LENGTH_UNIT()
NAMED_UNIT(*)
SI_UNIT($,.METRE.)
);
#42=PRODUCT_DEFINITION_SHAPE('','',#43);
#43=PRODUCT_DEFINITION('','',#45,#44);
#44=PRODUCT_DEFINITION_CONTEXT('',#51,'design');
#45=PRODUCT_DEFINITION_FORMATION_WITH_SPECIFIED_SOURCE('','',#47,
 .NOT_KNOWN.);
#46=PRODUCT_RELATED_PRODUCT_CATEGORY('','',(#47));
#47=PRODUCT('Part 1','Part 1','Part 1',(#49));
#48=PRODUCT_CATEGORY('','');
#49=PRODUCT_CONTEXT('',#51,'mechanical');
#50=APPLICATION_PROTOCOL_DEFINITION('international standard',
'ap242_managed_model_based_3d_engineering',2020,#51);
#51=APPLICATION_CONTEXT('managed model based 3d engineering');
ENDSEC;
END-ISO-10303-21;
